episode,replayed_count,player,network,loss,timestamp
2,1,p1,turn,7.565447807312012,1787512183.6316564
2,1,p2,turn,8.933220863342285,1787512183.645061
3,2,p1,turn,7.074947834014893,1787512183.668291
3,2,p2,turn,8.970717430114746,1787512183.679644
4,3,p1,turn,8.419276237487793,1787512183.7066562
4,3,p2,turn,9.975981712341309,1787512183.7167892
5,4,p1,turn,7.7023749351501465,1787512183.7412908
5,4,p2,turn,9.972970962524414,1787512183.7519639
6,5,p1,turn,9.705910682678223,1787512183.7673602
6,5,p2,turn,10.588830947875977,1787512183.7790177
7,6,p1,turn,8.189651489257812,1787512183.7967985
7,6,p2,turn,9.393256187438965,1787512183.8072436
8,7,p1,turn,8.834526062011719,1787512183.8278675
8,7,p2,turn,9.627266883850098,1787512183.8385558
9,8,p1,turn,8.01260757446289,1787512183.858854
9,8,p2,turn,15.868820190429688,1787512183.8697097
10,9,p1,turn,10.515999794006348,1787512183.8898876
10,9,p2,turn,13.022815704345703,1787512183.901663
11,10,p1,turn,10.630115509033203,1787512183.922339
11,10,p2,turn,11.338353157043457,1787512183.9331925
12,11,p1,turn,9.922246932983398,1787512183.95039
12,11,p2,turn,9.227377891540527,1787512183.963686
13,12,p1,turn,7.966547966003418,1787512183.9886286
13,12,p2,turn,14.551933288574219,1787512184.001531
14,13,p1,turn,10.71129035949707,1787512184.0261571
14,13,p2,turn,11.896699905395508,1787512184.0404415
15,14,p1,turn,14.249735832214355,1787512184.064953
15,14,p2,turn,13.045791625976562,1787512184.079739
16,15,p1,turn,15.857633590698242,1787512184.105328
16,15,p2,turn,11.633424758911133,1787512184.122119
17,16,p1,turn,10.794171333312988,1787512184.1416013
17,16,p2,turn,11.12157154083252,1787512184.1561632
18,17,p1,turn,11.053121566772461,1787512184.1771991
18,17,p2,turn,13.439216613769531,1787512184.1910949
19,18,p1,turn,10.737662315368652,1787512184.2241173
19,18,p2,turn,10.694143295288086,1787512184.2376587
20,19,p1,turn,11.402668952941895,1787512184.2630816
20,19,p2,turn,15.691282272338867,1787512184.2773447
21,20,p1,turn,13.54880428314209,1787512184.30574
21,1,p1,selection,76.83294677734375,1787512184.3106658
21,2,p1,selection,75.93316650390625,1787512184.3145735
21,3,p1,selection,76.36592864990234,1787512184.3189855
21,20,p2,turn,9.043092727661133,1787512184.333591
21,1,p2,selection,87.95781707763672,1787512184.3387465
21,2,p2,selection,87.9427490234375,1787512184.34336
21,3,p2,selection,87.15545654296875,1787512184.34783
22,21,p1,turn,8.372968673706055,1787512184.3861942
22,4,p1,selection,75.88444519042969,1787512184.3922036
22,5,p1,selection,78.72863006591797,1787512184.3977065
22,6,p1,selection,79.3654556274414,1787512184.4038033
22,21,p2,turn,10.003012657165527,1787512184.421277
22,4,p2,selection,89.34548950195312,1787512184.4266193
22,5,p2,selection,90.02159881591797,1787512184.435408
22,6,p2,selection,90.25243377685547,1787512184.4425755
23,22,p1,turn,13.301563262939453,1787512184.4730706
23,7,p1,selection,80.3831787109375,1787512184.4797974
23,8,p1,selection,78.6589126586914,1787512184.4881926
23,9,p1,selection,79.82726287841797,1787512184.493869
23,22,p2,turn,13.650551795959473,1787512184.5120268
23,7,p2,selection,88.75674438476562,1787512184.5184805
23,8,p2,selection,86.94113159179688,1787512184.5253794
23,9,p2,selection,88.10790252685547,1787512184.5319798
24,23,p1,turn,17.641237258911133,1787512184.5687127
24,10,p1,selection,79.45694732666016,1787512184.574564
24,11,p1,selection,79.78195190429688,1787512184.580049
24,12,p1,selection,81.01129150390625,1787512184.5855937
24,23,p2,turn,14.395599365234375,1787512184.5995708
24,10,p2,selection,88.18225860595703,1787512184.6066809
24,11,p2,selection,88.048095703125,1787512184.6120336
24,12,p2,selection,87.26761627197266,1787512184.6172614
25,24,p1,turn,14.806510925292969,1787512184.6561432
25,13,p1,selection,77.5179672241211,1787512184.6618412
25,14,p1,selection,78.25109100341797,1787512184.6673222
25,15,p1,selection,77.72319030761719,1787512184.6736386
25,24,p2,turn,11.638641357421875,1787512184.6908882
25,13,p2,selection,89.96846771240234,1787512184.6970596
25,14,p2,selection,90.67252349853516,1787512184.705066
25,15,p2,selection,90.03692626953125,1787512184.7110765
26,25,p1,turn,10.978598594665527,1787512184.7398965
26,16,p1,selection,80.89370727539062,1787512184.7456353
26,17,p1,selection,80.17269134521484,1787512184.7509322
26,18,p1,selection,79.13430786132812,1787512184.7582445
26,25,p2,turn,13.387222290039062,1787512184.7755718
26,16,p2,selection,89.11763000488281,1787512184.7814438
26,17,p2,selection,86.24787902832031,1787512184.7894504
26,18,p2,selection,88.12305450439453,1787512184.7950616
27,26,p1,turn,12.769862174987793,1787512184.8236756
27,19,p1,selection,79.52278900146484,1787512184.8289385
27,20,p1,selection,80.67536926269531,1787512184.833825
27,21,p1,selection,80.52420043945312,1787512184.8415077
27,26,p2,turn,16.423952102661133,1787512184.8610384
27,19,p2,selection,87.11674499511719,1787512184.8665493
27,20,p2,selection,87.45387268066406,1787512184.8722482
27,21,p2,selection,87.36549377441406,1787512184.8777146
28,27,p1,turn,19.643203735351562,1787512184.9056547
28,22,p1,selection,80.09185028076172,1787512184.9110236
28,23,p1,selection,81.394775390625,1787512184.9167147
28,24,p1,selection,80.66773223876953,1787512184.9241242
28,27,p2,turn,10.399383544921875,1787512184.9408886
28,22,p2,selection,87.7513427734375,1787512184.9467764
28,23,p2,selection,88.65971374511719,1787512184.9542491
28,24,p2,selection,90.73431396484375,1787512184.9611845
29,28,p1,turn,13.162201881408691,1787512184.9890792
29,25,p1,selection,81.52132415771484,1787512184.993481
29,26,p1,selection,76.33726501464844,1787512184.9977543
29,27,p1,selection,79.64376068115234,1787512185.0028121
29,28,p2,turn,13.827094078063965,1787512185.0143962
29,25,p2,selection,91.4666748046875,1787512185.018965
29,26,p2,selection,90.19734191894531,1787512185.0229805
29,27,p2,selection,87.46050262451172,1787512185.0270205
30,29,p1,turn,13.218683242797852,1787512185.0530207
30,28,p1,selection,79.5243148803711,1787512185.057034
30,29,p1,selection,78.2784194946289,1787512185.0609019
30,30,p1,selection,80.78658294677734,1787512185.0648723
30,29,p2,turn,13.794599533081055,1787512185.0763357
30,28,p2,selection,88.50149536132812,1787512185.080469
30,29,p2,selection,90.57864379882812,1787512185.084415
30,30,p2,selection,89.18460845947266,1787512185.0884364
31,30,p1,turn,8.927458763122559,1787512185.1074986
31,31,p1,selection,79.72813415527344,1787512185.1113338
31,32,p1,selection,80.1263198852539,1787512185.1159654
31,33,p1,selection,82.19080352783203,1787512185.120707
31,30,p2,turn,10.00146770477295,1787512185.134985
31,31,p2,selection,87.560791015625,1787512185.1397822
31,32,p2,selection,88.56205749511719,1787512185.1444776
31,33,p2,selection,87.745849609375,1787512185.1492407
32,31,p1,turn,16.03233528137207,1787512185.174999
32,34,p1,selection,80.38273620605469,1787512185.1797273
32,35,p1,selection,83.02410125732422,1787512185.1844406
32,36,p1,selection,77.41990661621094,1787512185.1893175
32,31,p2,turn,14.565075874328613,1787512185.2036161
32,34,p2,selection,88.68628692626953,1787512185.2087154
32,35,p2,selection,86.60670471191406,1787512185.2130284
32,36,p2,selection,89.24710083007812,1787512185.2174022
33,32,p1,turn,7.3673272132873535,1787512185.239091
33,37,p1,selection,82.44581604003906,1787512185.2427483
33,38,p1,selection,82.1518325805664,1787512185.246246
33,39,p1,selection,83.05945587158203,1787512185.2497606
33,32,p2,turn,15.27447509765625,1787512185.264203
33,37,p2,selection,85.81097412109375,1787512185.2682831
33,38,p2,selection,88.25883483886719,1787512185.2726882
33,39,p2,selection,84.16792297363281,1787512185.2763643
34,33,p1,turn,12.431870460510254,1787512185.2970948
34,40,p1,selection,80.67945861816406,1787512185.301631
34,41,p1,selection,84.38253784179688,1787512185.3061879
34,42,p1,selection,80.88218688964844,1787512185.3105597
34,33,p2,turn,13.580293655395508,1787512185.3239145
34,40,p2,selection,88.07804107666016,1787512185.3282702
34,41,p2,selection,88.4629898071289,1787512185.332682
34,42,p2,selection,88.54053497314453,1787512185.3371956
35,34,p1,turn,11.408611297607422,1787512185.3617814
35,43,p1,selection,82.93038940429688,1787512185.366357
35,44,p1,selection,85.30145263671875,1787512185.3709226
35,45,p1,selection,81.40965270996094,1787512185.3759387
35,34,p2,turn,14.87833023071289,1787512185.3900764
35,43,p2,selection,84.33474731445312,1787512185.3945267
35,44,p2,selection,88.82383728027344,1787512185.3985846
35,45,p2,selection,87.81134796142578,1787512185.4033468
36,35,p1,turn,14.111001014709473,1787512185.4306986
36,46,p1,selection,82.57416534423828,1787512185.435606
36,47,p1,selection,81.98343658447266,1787512185.4402285
36,48,p1,selection,81.07649993896484,1787512185.444836
36,35,p2,turn,12.291321754455566,1787512185.4589083
36,46,p2,selection,85.63568115234375,1787512185.463514
36,47,p2,selection,86.4133529663086,1787512185.4684246
36,48,p2,selection,86.88827514648438,1787512185.4733691
37,36,p1,turn,8.197412490844727,1787512185.498411
37,49,p1,selection,81.16473388671875,1787512185.503475
37,50,p1,selection,83.65584564208984,1787512185.5087736
37,51,p1,selection,83.6658935546875,1787512185.5135884
37,36,p2,turn,15.624701499938965,1787512185.528238
37,49,p2,selection,85.89060974121094,1787512185.5332496
37,50,p2,selection,86.97274780273438,1787512185.5379896
37,51,p2,selection,85.19856262207031,1787512185.5423322
38,37,p1,turn,11.70168685913086,1787512185.5604718
38,52,p1,selection,84.479736328125,1787512185.5642817
38,53,p1,selection,82.42608642578125,1787512185.568181
38,54,p1,selection,84.43253326416016,1787512185.5721853
38,37,p2,turn,15.046303749084473,1787512185.5835881
38,52,p2,selection,88.48809051513672,1787512185.5874774
38,53,p2,selection,86.43032836914062,1787512185.591345
38,54,p2,selection,90.16886901855469,1787512185.5950649
39,38,p1,turn,10.829877853393555,1787512185.6293054
39,55,p1,selection,81.07991027832031,1787512185.6337256
39,56,p1,selection,82.47462463378906,1787512185.6383593
39,57,p1,selection,82.64161682128906,1787512185.6424267
39,38,p2,turn,14.374845504760742,1787512185.6573675
39,55,p2,selection,85.27464294433594,1787512185.6620727
39,56,p2,selection,89.81036376953125,1787512185.6671946
39,57,p2,selection,88.00802612304688,1787512185.6727319
40,39,p1,turn,11.135974884033203,1787512185.6987443
40,58,p1,selection,79.78701782226562,1787512185.7042582
40,59,p1,selection,86.76611328125,1787512185.7096033
40,60,p1,selection,82.32775115966797,1787512185.7147312
40,39,p2,turn,12.622963905334473,1787512185.7311566
40,58,p2,selection,87.51254272460938,1787512185.7371974
40,59,p2,selection,84.99966430664062,1787512185.7422059
40,60,p2,selection,84.10758209228516,1787512185.7471242
41,40,p1,turn,15.304325103759766,1787512185.7850986
41,61,p1,selection,83.03309631347656,1787512185.7897785
41,62,p1,selection,86.78653717041016,1787512185.793573
41,63,p1,selection,84.82903289794922,1787512185.7973182
41,40,p2,turn,13.353610038757324,1787512185.8094382
41,61,p2,selection,85.769287109375,1787512185.8134444
41,62,p2,selection,82.1811752319336,1787512185.8174474
41,63,p2,selection,85.12055206298828,1787512185.8223395
42,41,p1,turn,11.637212753295898,1787512185.8447316
42,64,p1,selection,82.69962310791016,1787512185.8487735
42,65,p1,selection,85.55400085449219,1787512185.853349
42,66,p1,selection,82.23429107666016,1787512185.857665
42,41,p2,turn,17.842025756835938,1787512185.871105
42,64,p2,selection,89.94949340820312,1787512185.8757148
42,65,p2,selection,85.92498016357422,1787512185.8797143
42,66,p2,selection,85.84766387939453,1787512185.883738
43,42,p1,turn,8.67186450958252,1787512185.9150324
43,67,p1,selection,85.17257690429688,1787512185.9195695
43,68,p1,selection,85.43009948730469,1787512185.924754
43,69,p1,selection,85.5710678100586,1787512185.930084
43,42,p2,turn,13.972991943359375,1787512185.9447954
43,67,p2,selection,87.7025146484375,1787512185.9497354
43,68,p2,selection,86.92481994628906,1787512185.9546134
43,69,p2,selection,85.8440170288086,1787512185.9597237
44,43,p1,turn,13.751293182373047,1787512185.9936986
44,70,p1,selection,82.20877838134766,1787512185.9986837
44,71,p1,selection,84.5452880859375,1787512186.0039675
44,72,p1,selection,79.93214416503906,1787512186.0094116
44,43,p2,turn,13.915654182434082,1787512186.0249925
44,70,p2,selection,89.14373779296875,1787512186.0307267
44,71,p2,selection,86.95665740966797,1787512186.0364947
44,72,p2,selection,88.49424743652344,1787512186.0411737
45,44,p1,turn,9.63314437866211,1787512186.0626626
45,73,p1,selection,82.26007843017578,1787512186.0680015
45,74,p1,selection,85.65005493164062,1787512186.072682
45,75,p1,selection,82.31095123291016,1787512186.0768766
45,44,p2,turn,16.54273796081543,1787512186.0909436
45,73,p2,selection,89.63426971435547,1787512186.0959435
45,74,p2,selection,91.83790588378906,1787512186.1007452
45,75,p2,selection,91.3768310546875,1787512186.1061661
46,45,p1,turn,12.367683410644531,1787512186.1283853
46,76,p1,selection,87.6548843383789,1787512186.133013
46,77,p1,selection,80.7060775756836,1787512186.1382496
46,78,p1,selection,83.397216796875,1787512186.1422925
46,45,p2,turn,16.59908676147461,1787512186.155009
46,76,p2,selection,85.6814193725586,1787512186.160059
46,77,p2,selection,89.27078247070312,1787512186.1650898
46,78,p2,selection,87.24281311035156,1787512186.1702402
47,46,p1,turn,5.710214614868164,1787512186.1928117
47,79,p1,selection,83.1140365600586,1787512186.1965322
47,80,p1,selection,86.60299682617188,1787512186.2005136
47,81,p1,selection,81.58629608154297,1787512186.2056932
47,46,p2,turn,17.544666290283203,1787512186.2203395
47,79,p2,selection,85.41000366210938,1787512186.224287
47,80,p2,selection,88.90242004394531,1787512186.2293973
47,81,p2,selection,89.35128784179688,1787512186.2336955
48,47,p1,turn,16.34569549560547,1787512186.2690492
48,82,p1,selection,82.87164306640625,1787512186.2737482
48,83,p1,selection,85.33386993408203,1787512186.278255
48,84,p1,selection,86.01927185058594,1787512186.2827911
48,47,p2,turn,14.587349891662598,1787512186.297461
48,82,p2,selection,88.77751159667969,1787512186.302252
48,83,p2,selection,84.00248718261719,1787512186.3068569
48,84,p2,selection,90.59113311767578,1787512186.3113382
49,48,p1,turn,17.15274429321289,1787512186.334251
49,85,p1,selection,85.00890350341797,1787512186.3383846
49,86,p1,selection,87.51953125,1787512186.3422213
49,87,p1,selection,85.16560363769531,1787512186.3461378
49,48,p2,turn,15.43448543548584,1787512186.3580563
49,85,p2,selection,87.29412078857422,1787512186.3629985
49,86,p2,selection,85.43032836914062,1787512186.3675976
49,87,p2,selection,86.31194305419922,1787512186.3726244
50,49,p1,turn,11.697836875915527,1787512186.3972707
50,88,p1,selection,83.55961608886719,1787512186.401689
50,89,p1,selection,85.28874969482422,1787512186.4068258
50,90,p1,selection,82.31057739257812,1787512186.4122307
50,49,p2,turn,17.08386993408203,1787512186.4248753
50,88,p2,selection,89.59475708007812,1787512186.4287925
50,89,p2,selection,85.05429077148438,1787512186.432645
50,90,p2,selection,87.20030212402344,1787512186.437095
51,50,p1,turn,12.107894897460938,1787512186.4729264
51,91,p1,selection,82.10999298095703,1787512186.478094
51,92,p1,selection,87.31521606445312,1787512186.483139
51,93,p1,selection,87.18537139892578,1787512186.4888072
51,50,p2,turn,20.868114471435547,1787512186.5049467
51,91,p2,selection,86.84538269042969,1787512186.5092041
51,92,p2,selection,90.70713806152344,1787512186.513265
51,93,p2,selection,88.41281127929688,1787512186.518751
52,51,p1,turn,14.016011238098145,1787512186.5472195
52,94,p1,selection,88.19941711425781,1787512186.5522506
52,95,p1,selection,86.39952087402344,1787512186.5566456
52,96,p1,selection,86.97465515136719,1787512186.5618243
52,51,p2,turn,11.32083511352539,1787512186.5760634
52,94,p2,selection,88.67733764648438,1787512186.5805092
52,95,p2,selection,89.4212646484375,1787512186.585705
52,96,p2,selection,85.95104217529297,1787512186.5900364
53,52,p1,turn,8.839688301086426,1787512186.6152954
53,97,p1,selection,83.15447235107422,1787512186.6197534
53,98,p1,selection,86.78643035888672,1787512186.6245458
53,99,p1,selection,83.78463745117188,1787512186.6294181
53,52,p2,turn,13.150150299072266,1787512186.6429174
53,97,p2,selection,91.06324768066406,1787512186.6468103
53,98,p2,selection,88.11211395263672,1787512186.65201
53,99,p2,selection,91.22095489501953,1787512186.656563
54,53,p1,turn,16.51533317565918,1787512186.687122
54,100,p1,selection,82.52422332763672,1787512186.6935306
54,101,p1,selection,84.4293212890625,1787512186.699498
54,102,p1,selection,84.54712677001953,1787512186.7047052
54,53,p2,turn,16.146686553955078,1787512186.7203357
54,100,p2,selection,87.42839050292969,1787512186.725738
54,101,p2,selection,91.12901306152344,1787512186.730481
54,102,p2,selection,89.54021453857422,1787512186.7364843
55,54,p1,turn,18.710472106933594,1787512186.7601988
55,103,p1,selection,86.35603332519531,1787512186.764691
55,104,p1,selection,87.73097229003906,1787512186.7695813
55,105,p1,selection,82.895263671875,1787512186.7736127
55,54,p2,turn,14.561646461486816,1787512186.7852502
55,103,p2,selection,88.68330383300781,1787512186.789216
55,104,p2,selection,85.81754302978516,1787512186.7931707
55,105,p2,selection,90.05948638916016,1787512186.7970598
56,55,p1,turn,7.832984924316406,1787512186.824409
56,106,p1,selection,86.22933959960938,1787512186.8294058
56,107,p1,selection,84.053955078125,1787512186.8344762
56,108,p1,selection,84.90579986572266,1787512186.8395097
56,55,p2,turn,15.175400733947754,1787512186.853837
56,106,p2,selection,90.47544860839844,1787512186.8579133
56,107,p2,selection,86.03157043457031,1787512186.8618844
56,108,p2,selection,85.72686767578125,1787512186.8657672
57,56,p1,turn,17.857769012451172,1787512186.8963242
57,109,p1,selection,85.03469848632812,1787512186.9017742
57,110,p1,selection,85.75691223144531,1787512186.9069142
57,111,p1,selection,87.29158020019531,1787512186.9116821
57,56,p2,turn,16.501134872436523,1787512186.9256957
57,109,p2,selection,86.87203979492188,1787512186.9307914
57,110,p2,selection,83.29289245605469,1787512186.9363139
57,111,p2,selection,87.04751586914062,1787512186.941347
58,57,p1,turn,11.493237495422363,1787512186.967773
58,112,p1,selection,86.2393798828125,1787512186.973199
58,113,p1,selection,83.62008666992188,1787512186.978168
58,114,p1,selection,86.46263885498047,1787512186.9831562
58,57,p2,turn,12.735101699829102,1787512186.9984918
58,112,p2,selection,85.35171508789062,1787512187.0040169
58,113,p2,selection,87.38153076171875,1787512187.0094602
58,114,p2,selection,91.10227966308594,1787512187.0147753
59,58,p1,turn,14.792289733886719,1787512187.0456781
59,115,p1,selection,81.26713562011719,1787512187.0497394
59,116,p1,selection,81.98845672607422,1787512187.0537052
59,117,p1,selection,82.0137710571289,1787512187.0576034
59,58,p2,turn,10.955268859863281,1787512187.0695598
59,115,p2,selection,88.9780044555664,1787512187.07362
59,116,p2,selection,85.10283660888672,1787512187.0774057
59,117,p2,selection,91.36307525634766,1787512187.0816293
60,59,p1,turn,7.929992198944092,1787512187.1056406
60,118,p1,selection,84.89755249023438,1787512187.1097245
60,119,p1,selection,85.71662902832031,1787512187.1135864
60,120,p1,selection,78.53946685791016,1787512187.1174622
60,59,p2,turn,18.629690170288086,1787512187.1292157
60,118,p2,selection,87.44766235351562,1787512187.1329806
60,119,p2,selection,85.06062316894531,1787512187.1371055
60,120,p2,selection,85.1536865234375,1787512187.1409721
61,60,p1,turn,6.2523512840271,1787512187.1723428
61,121,p1,selection,81.34534454345703,1787512187.1769712
61,122,p1,selection,87.13682556152344,1787512187.1809924
61,123,p1,selection,86.8917236328125,1787512187.1850066
61,60,p2,turn,19.11960220336914,1787512187.1961403
61,121,p2,selection,91.25259399414062,1787512187.199768
61,122,p2,selection,89.26239013671875,1787512187.2040906
61,123,p2,selection,90.43009948730469,1787512187.20786
62,61,p1,turn,10.385140419006348,1787512187.2251654
62,124,p1,selection,83.8602066040039,1787512187.2300043
62,125,p1,selection,83.68143463134766,1787512187.2338486
62,126,p1,selection,85.50276184082031,1787512187.2385483
62,61,p2,turn,8.131355285644531,1787512187.252331
62,124,p2,selection,88.62236785888672,1787512187.2573435
62,125,p2,selection,89.43576049804688,1787512187.2619183
62,126,p2,selection,84.87059020996094,1787512187.2664373
63,62,p1,turn,12.928564071655273,1787512187.3100898
63,127,p1,selection,85.09362030029297,1787512187.3137288
63,128,p1,selection,85.34548950195312,1787512187.3173752
63,129,p1,selection,84.41692352294922,1787512187.3212006
63,62,p2,turn,14.132771492004395,1787512187.3327773
63,127,p2,selection,81.90127563476562,1787512187.3370063
63,128,p2,selection,83.91960144042969,1787512187.3407767
63,129,p2,selection,87.25504302978516,1787512187.3445468
64,63,p1,turn,6.2865729331970215,1787512187.3659873
64,130,p1,selection,86.69003295898438,1787512187.3699212
64,131,p1,selection,84.5710220336914,1787512187.3737507
64,132,p1,selection,85.81639862060547,1787512187.377638
64,63,p2,turn,11.994070053100586,1787512187.3886688
64,130,p2,selection,89.6003646850586,1787512187.3924804
64,131,p2,selection,91.2939224243164,1787512187.396081
64,132,p2,selection,89.35350799560547,1787512187.3996902
65,64,p1,turn,14.857778549194336,1787512187.421133
65,133,p1,selection,85.06446838378906,1787512187.4255455
65,134,p1,selection,85.493408203125,1787512187.4292104
65,135,p1,selection,83.86101531982422,1787512187.4328005
65,64,p2,turn,13.981183052062988,1787512187.4444416
65,133,p2,selection,83.87967681884766,1787512187.4480548
65,134,p2,selection,87.88636016845703,1787512187.451979
65,135,p2,selection,86.8067398071289,1787512187.4559708
66,65,p1,turn,11.385234832763672,1787512187.4755633
66,136,p1,selection,86.18450927734375,1787512187.479152
66,137,p1,selection,87.40837860107422,1787512187.4827583
66,138,p1,selection,82.5256576538086,1787512187.486868
66,65,p2,turn,12.579745292663574,1787512187.4984212
66,136,p2,selection,88.24642181396484,1787512187.5027604
66,137,p2,selection,88.42354583740234,1787512187.5122929
66,138,p2,selection,88.17875671386719,1787512187.5186074
67,66,p1,turn,14.783441543579102,1787512187.5485108
67,139,p1,selection,88.34703063964844,1787512187.5540051
67,140,p1,selection,81.11603546142578,1787512187.5591776
67,141,p1,selection,79.79385375976562,1787512187.5651636
67,66,p2,turn,11.278111457824707,1787512187.5812912
67,139,p2,selection,85.4097671508789,1787512187.585564
67,140,p2,selection,88.16358947753906,1787512187.5893967
67,141,p2,selection,86.68643188476562,1787512187.59311
68,67,p1,turn,10.292469024658203,1787512187.6143358
68,142,p1,selection,81.63377380371094,1787512187.618934
68,143,p1,selection,80.3351821899414,1787512187.6236858
68,144,p1,selection,80.06411743164062,1787512187.6283534
68,67,p2,turn,11.729286193847656,1787512187.643486
68,142,p2,selection,85.55113220214844,1787512187.6480849
68,143,p2,selection,88.0540771484375,1787512187.653167
68,144,p2,selection,89.97160339355469,1787512187.657863
69,68,p1,turn,13.143634796142578,1787512187.6797426
69,145,p1,selection,83.30735778808594,1787512187.6839755
69,146,p1,selection,87.03926086425781,1787512187.688321
69,147,p1,selection,82.84697723388672,1787512187.692119
69,68,p2,turn,14.466547012329102,1787512187.7049243
69,145,p2,selection,87.62974548339844,1787512187.7100036
69,146,p2,selection,87.28936004638672,1787512187.7151353
69,147,p2,selection,84.66036224365234,1787512187.7209294
70,69,p1,turn,16.870407104492188,1787512187.742949
70,148,p1,selection,88.94519805908203,1787512187.747527
70,149,p1,selection,86.61720275878906,1787512187.7524357
70,150,p1,selection,82.95387268066406,1787512187.7573583
70,69,p2,turn,15.011629104614258,1787512187.7695055
70,148,p2,selection,86.54688262939453,1787512187.7735374
70,149,p2,selection,90.27426147460938,1787512187.7773516
70,150,p2,selection,85.13255310058594,1787512187.7815902
71,70,p1,turn,17.708959579467773,1787512187.802073
71,151,p1,selection,85.26688385009766,1787512187.8061404
71,152,p1,selection,83.89382934570312,1787512187.8099499
71,153,p1,selection,80.82584381103516,1787512187.8146107
71,70,p2,turn,10.424800872802734,1787512187.8296337
71,151,p2,selection,87.240966796875,1787512187.8344507
71,152,p2,selection,88.83082580566406,1787512187.839578
71,153,p2,selection,86.19275665283203,1787512187.844521
72,71,p1,turn,9.754343032836914,1787512187.8652728
72,154,p1,selection,84.63529968261719,1787512187.869249
72,155,p1,selection,88.04109954833984,1787512187.8730292
72,156,p1,selection,82.32706451416016,1787512187.8766558
72,71,p2,turn,12.532569885253906,1787512187.8876991
72,154,p2,selection,86.63687133789062,1787512187.8914587
72,155,p2,selection,85.62723541259766,1787512187.8950052
72,156,p2,selection,88.59249877929688,1787512187.8985834
73,72,p1,turn,10.870697021484375,1787512187.915964
73,157,p1,selection,86.56849670410156,1787512187.9197783
73,158,p1,selection,87.26486206054688,1787512187.9235997
73,159,p1,selection,83.79691314697266,1787512187.9272077
73,72,p2,turn,15.653412818908691,1787512187.9382865
73,157,p2,selection,84.73027801513672,1787512187.9419956
73,158,p2,selection,88.68014526367188,1787512187.9455314
73,159,p2,selection,85.545166015625,1787512187.9490955
74,73,p1,turn,10.14941120147705,1787512187.9707754
74,160,p1,selection,86.36900329589844,1787512187.9744813
74,161,p1,selection,83.3155746459961,1787512187.9781284
74,162,p1,selection,86.5708236694336,1787512187.981679
74,73,p2,turn,13.766357421875,1787512187.9945188
74,160,p2,selection,87.3961410522461,1787512187.998876
74,161,p2,selection,89.37939453125,1787512188.0033526
74,162,p2,selection,90.07878875732422,1787512188.0078
75,74,p1,turn,20.078685760498047,1787512188.030129
75,163,p1,selection,83.22453308105469,1787512188.033767
75,164,p1,selection,83.0240707397461,1787512188.037593
75,165,p1,selection,83.69063568115234,1787512188.0413468
75,74,p2,turn,15.762956619262695,1787512188.0526211
75,163,p2,selection,87.7197036743164,1787512188.0563922
75,164,p2,selection,84.1891098022461,1787512188.0600057
75,165,p2,selection,87.10015869140625,1787512188.06395
76,75,p1,turn,17.973731994628906,1787512188.0888166
76,166,p1,selection,85.53394317626953,1787512188.0924003
76,167,p1,selection,83.91429138183594,1787512188.0959713
76,168,p1,selection,88.72895812988281,1787512188.099513
76,75,p2,turn,9.719011306762695,1787512188.110522
76,166,p2,selection,87.51534271240234,1787512188.1143231
76,167,p2,selection,83.85436248779297,1787512188.1180089
76,168,p2,selection,86.07838439941406,1787512188.121797
77,76,p1,turn,8.973305702209473,1787512188.140936
77,169,p1,selection,85.57861328125,1787512188.144526
77,170,p1,selection,82.5295639038086,1787512188.1481895
77,171,p1,selection,84.7161865234375,1787512188.1519914
77,76,p2,turn,17.27385711669922,1787512188.1630692
77,169,p2,selection,85.1268539428711,1787512188.166735
77,170,p2,selection,84.0712890625,1787512188.170473
77,171,p2,selection,85.31527709960938,1787512188.174256
78,77,p1,turn,11.876935005187988,1787512188.2039697
78,172,p1,selection,81.33345031738281,1787512188.2102277
78,173,p1,selection,86.80152130126953,1787512188.2165854
78,174,p1,selection,82.8347396850586,1787512188.220949
78,77,p2,turn,17.325780868530273,1787512188.2357092
78,172,p2,selection,86.78523254394531,1787512188.2412093
78,173,p2,selection,82.61846160888672,1787512188.2463436
78,174,p2,selection,89.0520248413086,1787512188.2513626
79,78,p1,turn,10.233162879943848,1787512188.270119
79,175,p1,selection,85.86776733398438,1787512188.2742028
79,176,p1,selection,82.66218566894531,1787512188.2780063
79,177,p1,selection,85.45092010498047,1787512188.2817695
79,78,p2,turn,16.52021026611328,1787512188.2934768
79,175,p2,selection,87.26333618164062,1787512188.2971513
79,176,p2,selection,88.63159942626953,1787512188.3007605
79,177,p2,selection,84.13291931152344,1787512188.3046484
80,79,p1,turn,9.79178524017334,1787512188.3278155
80,178,p1,selection,82.75653076171875,1787512188.3314455
80,179,p1,selection,85.80455780029297,1787512188.3352747
80,180,p1,selection,87.03382110595703,1787512188.3390927
80,79,p2,turn,13.040733337402344,1787512188.34996
80,178,p2,selection,86.49515533447266,1787512188.3539245
80,179,p2,selection,86.61392211914062,1787512188.3575974
80,180,p2,selection,86.54226684570312,1787512188.3612573
81,80,p1,turn,11.745026588439941,1787512188.3813148
81,181,p1,selection,83.12313842773438,1787512188.385468
81,182,p1,selection,87.3584976196289,1787512188.3894424
81,183,p1,selection,86.02456665039062,1787512188.3930917
81,80,p2,turn,13.831828117370605,1787512188.4054995
81,181,p2,selection,85.431396484375,1787512188.4092686
81,182,p2,selection,84.58062744140625,1787512188.4129755
81,183,p2,selection,87.00914001464844,1787512188.4172482
82,81,p1,turn,14.097661018371582,1787512188.440963
82,184,p1,selection,85.06072998046875,1787512188.4451451
82,185,p1,selection,80.2059097290039,1787512188.4492943
82,186,p1,selection,84.9031982421875,1787512188.4540677
82,81,p2,turn,12.86177921295166,1787512188.4706976
82,184,p2,selection,89.46339416503906,1787512188.4748724
82,185,p2,selection,90.24891662597656,1787512188.4786718
82,186,p2,selection,90.56847381591797,1787512188.4835422
83,82,p1,turn,12.947019577026367,1787512188.5064876
83,187,p1,selection,81.46964263916016,1787512188.5113792
83,188,p1,selection,86.96154022216797,1787512188.5159423
83,189,p1,selection,83.537353515625,1787512188.5218391
83,82,p2,turn,11.17798137664795,1787512188.5364578
83,187,p2,selection,88.02672576904297,1787512188.5409753
83,188,p2,selection,84.667724609375,1787512188.5457313
83,189,p2,selection,83.33502960205078,1787512188.549429
84,83,p1,turn,8.984180450439453,1787512188.5739543
84,190,p1,selection,81.57429504394531,1787512188.579283
84,191,p1,selection,86.84689331054688,1787512188.5843916
84,192,p1,selection,85.063720703125,1787512188.5884426
84,83,p2,turn,13.574040412902832,1787512188.6026025
84,190,p2,selection,84.53734588623047,1787512188.6071985
84,191,p2,selection,89.40830993652344,1787512188.611692
84,192,p2,selection,86.09060668945312,1787512188.6161344
85,84,p1,turn,13.778335571289062,1787512188.646485
85,193,p1,selection,78.01256561279297,1787512188.6510406
85,194,p1,selection,84.83218383789062,1787512188.6550326
85,195,p1,selection,81.86683654785156,1787512188.658944
85,84,p2,turn,8.087992668151855,1787512188.6707249
85,193,p2,selection,89.15252685546875,1787512188.6746612
85,194,p2,selection,85.75723266601562,1787512188.6783888
85,195,p2,selection,90.08859252929688,1787512188.68214
86,85,p1,turn,15.290743827819824,1787512188.7015948
86,196,p1,selection,86.88797760009766,1787512188.7054646
86,197,p1,selection,85.09435272216797,1787512188.7097805
86,198,p1,selection,86.22930145263672,1787512188.7136815
86,85,p2,turn,16.65241813659668,1787512188.7254784
86,196,p2,selection,89.41649627685547,1787512188.7292812
86,197,p2,selection,88.32435607910156,1787512188.733407
86,198,p2,selection,89.31919860839844,1787512188.7383373
87,86,p1,turn,9.04043960571289,1787512188.7667868
87,199,p1,selection,86.34392547607422,1787512188.7715144
87,200,p1,selection,87.26700592041016,1787512188.7764492
87,201,p1,selection,84.63746643066406,1787512188.7809083
87,86,p2,turn,13.641180038452148,1787512188.7957566
87,199,p2,selection,85.51953125,1787512188.7995422
87,200,p2,selection,86.8101577758789,1787512188.8036463
87,201,p2,selection,84.86837768554688,1787512188.8077254
88,87,p1,turn,15.137319564819336,1787512188.8251088
88,202,p1,selection,80.35943603515625,1787512188.8288918
88,203,p1,selection,89.01353454589844,1787512188.8327885
88,204,p1,selection,84.58326721191406,1787512188.836785
88,87,p2,turn,14.121603012084961,1787512188.8483837
88,202,p2,selection,87.73622131347656,1787512188.8525589
88,203,p2,selection,90.13946533203125,1787512188.8565962
88,204,p2,selection,82.24453735351562,1787512188.8604102
89,88,p1,turn,9.392960548400879,1787512188.8822453
89,205,p1,selection,86.549560546875,1787512188.8867824
89,206,p1,selection,84.82366180419922,1787512188.8909314
89,207,p1,selection,85.60282135009766,1787512188.8948765
89,88,p2,turn,19.158906936645508,1787512188.9063854
89,205,p2,selection,87.4874038696289,1787512188.9104385
89,206,p2,selection,87.06863403320312,1787512188.91422
89,207,p2,selection,86.85648345947266,1787512188.918495
90,89,p1,turn,13.059699058532715,1787512188.9406946
90,208,p1,selection,85.65315246582031,1787512188.9446895
90,209,p1,selection,82.60538482666016,1787512188.9488182
90,210,p1,selection,82.50708770751953,1787512188.9529407
90,89,p2,turn,20.706262588500977,1787512188.96464
90,208,p2,selection,86.6628646850586,1787512188.968673
90,209,p2,selection,89.75370788574219,1787512188.972597
90,210,p2,selection,88.56189727783203,1787512188.9764555
91,90,p1,turn,19.335569381713867,1787512189.0032835
91,211,p1,selection,86.94629669189453,1787512189.007267
91,212,p1,selection,84.40585327148438,1787512189.011284
91,213,p1,selection,85.8537368774414,1787512189.0150416
91,90,p2,turn,10.684158325195312,1787512189.0266933
91,211,p2,selection,90.35995483398438,1787512189.0304499
91,212,p2,selection,89.00142669677734,1787512189.0343926
91,213,p2,selection,90.11466979980469,1787512189.038392
92,91,p1,turn,13.77902889251709,1787512189.062116
92,214,p1,selection,83.50376892089844,1787512189.0658224
92,215,p1,selection,86.2248306274414,1787512189.0697415
92,216,p1,selection,85.74324035644531,1787512189.073582
92,91,p2,turn,12.498368263244629,1787512189.085534
92,214,p2,selection,92.0962905883789,1787512189.0898626
92,215,p2,selection,90.55674743652344,1787512189.0949473
92,216,p2,selection,86.03370666503906,1787512189.0994897
93,92,p1,turn,8.945363998413086,1787512189.122862
93,217,p1,selection,83.41444396972656,1787512189.1274204
93,218,p1,selection,83.80042266845703,1787512189.132229
93,219,p1,selection,79.12020111083984,1787512189.1371732
93,92,p2,turn,16.444080352783203,1787512189.1519058
93,217,p2,selection,90.48095703125,1787512189.156795
93,218,p2,selection,88.18365478515625,1787512189.1614866
93,219,p2,selection,87.61935424804688,1787512189.1658359
94,93,p1,turn,9.612329483032227,1787512189.1881456
94,220,p1,selection,85.46932983398438,1787512189.1919096
94,221,p1,selection,87.4400405883789,1787512189.1958199
94,222,p1,selection,80.24202728271484,1787512189.1995623
94,93,p2,turn,17.721620559692383,1787512189.2104642
94,220,p2,selection,88.88044738769531,1787512189.2141411
94,221,p2,selection,87.20357513427734,1787512189.2179446
94,222,p2,selection,90.13067626953125,1787512189.2218
95,94,p1,turn,14.179783821105957,1787512189.2402408
95,223,p1,selection,83.05078125,1787512189.244612
95,224,p1,selection,85.26093292236328,1787512189.2490134
95,225,p1,selection,80.32734680175781,1787512189.25344
95,94,p2,turn,13.383984565734863,1787512189.2663367
95,223,p2,selection,94.35952758789062,1787512189.2700822
95,224,p2,selection,91.60820770263672,1787512189.2737298
95,225,p2,selection,89.43170166015625,1787512189.277295
96,95,p1,turn,13.487616539001465,1787512189.2977476
96,226,p1,selection,82.648193359375,1787512189.302708
96,227,p1,selection,80.37126159667969,1787512189.3072078
96,228,p1,selection,83.29471588134766,1787512189.3115306
96,95,p2,turn,14.904828071594238,1787512189.3247504
96,226,p2,selection,93.3577880859375,1787512189.3290915
96,227,p2,selection,87.92141723632812,1787512189.333387
96,228,p2,selection,92.52571105957031,1787512189.337328
97,96,p1,turn,13.02451229095459,1787512189.3576524
97,229,p1,selection,84.0589599609375,1787512189.361262
97,230,p1,selection,89.74429321289062,1787512189.364856
97,231,p1,selection,84.54243469238281,1787512189.3686335
97,96,p2,turn,17.72362518310547,1787512189.3797858
97,229,p2,selection,88.319580078125,1787512189.3835943
97,230,p2,selection,93.57160949707031,1787512189.3874323
97,231,p2,selection,88.72357177734375,1787512189.3911762
98,97,p1,turn,13.737442970275879,1787512189.4088147
98,232,p1,selection,85.8166732788086,1787512189.41244
98,233,p1,selection,86.71951293945312,1787512189.4161131
98,234,p1,selection,85.80602264404297,1787512189.4198163
98,97,p2,turn,14.036802291870117,1787512189.430652
98,232,p2,selection,90.80766296386719,1787512189.4343615
98,233,p2,selection,91.70307159423828,1787512189.438227
98,234,p2,selection,94.04495239257812,1787512189.4419496
99,98,p1,turn,12.841238975524902,1787512189.4583657
99,235,p1,selection,86.25884246826172,1787512189.4621482
99,236,p1,selection,79.45542907714844,1787512189.4658632
99,237,p1,selection,85.42434692382812,1787512189.4697254
99,98,p2,turn,21.20947265625,1787512189.481141
99,235,p2,selection,92.36659240722656,1787512189.4849994
99,236,p2,selection,86.75712585449219,1787512189.4887996
99,237,p2,selection,86.785888671875,1787512189.4925172
100,99,p1,turn,14.711487770080566,1787512189.5094047
100,238,p1,selection,84.2366714477539,1787512189.5132322
100,239,p1,selection,81.50911712646484,1787512189.5169725
100,240,p1,selection,84.78620147705078,1787512189.5209825
100,99,p2,turn,15.70941162109375,1787512189.5321786
100,238,p2,selection,90.49686431884766,1787512189.536033
100,239,p2,selection,90.13483428955078,1787512189.539773
100,240,p2,selection,91.45428466796875,1787512189.5442317
101,100,p1,turn,18.556358337402344,1787512189.570888
101,241,p1,selection,83.63082885742188,1787512189.5763578
101,242,p1,selection,85.01559448242188,1787512189.5824053
101,243,p1,selection,87.19342803955078,1787512189.5876212
101,100,p2,turn,12.435871124267578,1787512189.601135
101,241,p2,selection,88.23290252685547,1787512189.6052654
101,242,p2,selection,88.52962493896484,1787512189.6092281
101,243,p2,selection,89.9173812866211,1787512189.6131284
102,101,p1,turn,17.474151611328125,1787512189.6315303
102,244,p1,selection,82.21852111816406,1787512189.635451
102,245,p1,selection,90.53714752197266,1787512189.6391947
102,246,p1,selection,84.78608703613281,1787512189.642812
102,101,p2,turn,14.793103218078613,1787512189.654041
102,244,p2,selection,89.40342712402344,1787512189.6578393
102,245,p2,selection,93.7508316040039,1787512189.661484
102,246,p2,selection,92.8491439819336,1787512189.66513
103,102,p1,turn,11.250202178955078,1787512189.6858869
103,247,p1,selection,89.072509765625,1787512189.6896846
103,248,p1,selection,84.68556213378906,1787512189.6933258
103,249,p1,selection,86.82001495361328,1787512189.696895
103,102,p2,turn,15.179615020751953,1787512189.707622
103,247,p2,selection,93.6468505859375,1787512189.7113206
103,248,p2,selection,91.19541931152344,1787512189.715029
103,249,p2,selection,92.66368103027344,1787512189.719187
104,103,p1,turn,15.000334739685059,1787512189.7385461
104,250,p1,selection,86.95896911621094,1787512189.742728
104,251,p1,selection,89.67453002929688,1787512189.7468884
104,252,p1,selection,84.34162902832031,1787512189.751219
104,103,p2,turn,11.56564998626709,1787512189.7641382
104,250,p2,selection,91.67111206054688,1787512189.7701337
104,251,p2,selection,90.779296875,1787512189.7753754
104,252,p2,selection,92.57990264892578,1787512189.7812402
105,104,p1,turn,13.670675277709961,1787512189.8236053
105,253,p1,selection,86.79060363769531,1787512189.8288844
105,254,p1,selection,88.2289047241211,1787512189.8332918
105,255,p1,selection,90.0185546875,1787512189.8376358
105,104,p2,turn,10.28093433380127,1787512189.8495977
105,253,p2,selection,93.26648712158203,1787512189.853853
105,254,p2,selection,90.97328186035156,1787512189.858517
105,255,p2,selection,91.24089050292969,1787512189.8632019
106,105,p1,turn,14.119674682617188,1787512189.8972008
106,256,p1,selection,82.8205795288086,1787512189.9011405
106,257,p1,selection,86.09354400634766,1787512189.9064977
106,258,p1,selection,81.7574691772461,1787512189.9121997
106,105,p2,turn,12.89933967590332,1787512189.9294167
106,256,p2,selection,88.96484375,1787512189.9332633
106,257,p2,selection,89.4593734741211,1787512189.9373252
106,258,p2,selection,88.17363739013672,1787512189.94104
107,106,p1,turn,12.648662567138672,1787512189.9584322
107,259,p1,selection,87.187744140625,1787512189.9620407
107,260,p1,selection,86.8383560180664,1787512189.965639
107,261,p1,selection,87.0358657836914,1787512189.969446
107,106,p2,turn,11.459173202514648,1787512189.9802983
107,259,p2,selection,84.69746398925781,1787512189.9840064
107,260,p2,selection,86.53931427001953,1787512189.9879775
107,261,p2,selection,89.84305572509766,1787512189.9915383
108,107,p1,turn,13.27120304107666,1787512190.0115774
108,262,p1,selection,84.88304901123047,1787512190.0153334
108,263,p1,selection,88.86872100830078,1787512190.0191798
108,264,p1,selection,85.03373718261719,1787512190.022954
108,107,p2,turn,13.564457893371582,1787512190.0347123
108,262,p2,selection,86.59832763671875,1787512190.0386193
108,263,p2,selection,86.06617736816406,1787512190.0423412
108,264,p2,selection,93.41780853271484,1787512190.0463586
109,108,p1,turn,12.425776481628418,1787512190.0746458
109,265,p1,selection,87.44491577148438,1787512190.0791838
109,266,p1,selection,89.06588745117188,1787512190.0835767
109,267,p1,selection,83.5726318359375,1787512190.0881808
109,108,p2,turn,20.320737838745117,1787512190.1000648
109,265,p2,selection,86.73568725585938,1787512190.1037953
109,266,p2,selection,87.49613189697266,1787512190.1074562
109,267,p2,selection,86.68982696533203,1787512190.1111443
110,109,p1,turn,11.99827766418457,1787512190.136948
110,268,p1,selection,84.36871337890625,1787512190.1407423
110,269,p1,selection,88.72317504882812,1787512190.1443698
110,270,p1,selection,85.69567108154297,1787512190.1479325
110,109,p2,turn,12.578754425048828,1787512190.1593134
110,268,p2,selection,90.34180450439453,1787512190.1632996
110,269,p2,selection,90.40217590332031,1787512190.1672401
110,270,p2,selection,95.53521728515625,1787512190.1719346
111,110,p1,turn,11.797159194946289,1787512190.2059393
111,271,p1,selection,83.31513214111328,1787512190.2109222
111,272,p1,selection,86.87651824951172,1787512190.2158022
111,273,p1,selection,87.08647155761719,1787512190.2210932
111,110,p2,turn,15.824110984802246,1787512190.236942
111,271,p2,selection,93.84542083740234,1787512190.2414749
111,272,p2,selection,90.8079605102539,1787512190.245917
111,273,p2,selection,91.66316223144531,1787512190.2502956
112,111,p1,turn,16.698287963867188,1787512190.276765
112,274,p1,selection,84.52021789550781,1787512190.2818646
112,275,p1,selection,85.70638275146484,1787512190.288272
112,276,p1,selection,88.2560043334961,1787512190.293893
112,111,p2,turn,14.189244270324707,1787512190.309915
112,274,p2,selection,89.55976867675781,1787512190.3158257
112,275,p2,selection,89.0648422241211,1787512190.3212056
112,276,p2,selection,92.564697265625,1787512190.327587
113,112,p1,turn,15.28584098815918,1787512190.3516626
113,277,p1,selection,84.72484588623047,1787512190.3555536
113,278,p1,selection,86.50348663330078,1787512190.3592699
113,279,p1,selection,81.56248474121094,1787512190.3630474
113,112,p2,turn,16.288055419921875,1787512190.373961
113,277,p2,selection,86.77923583984375,1787512190.3776267
113,278,p2,selection,86.05206298828125,1787512190.3812933
113,279,p2,selection,89.57943725585938,1787512190.3852105
114,113,p1,turn,9.711198806762695,1787512190.4104292
114,280,p1,selection,85.44715118408203,1787512190.4141362
114,281,p1,selection,88.51203918457031,1787512190.4180987
114,282,p1,selection,87.83174896240234,1787512190.4222448
114,113,p2,turn,16.32094383239746,1787512190.4335814
114,280,p2,selection,88.16870880126953,1787512190.437663
114,281,p2,selection,91.25444030761719,1787512190.4417856
114,282,p2,selection,92.1659164428711,1787512190.4465399
115,114,p1,turn,15.370139122009277,1787512190.4686437
115,283,p1,selection,84.08965301513672,1787512190.4738333
115,284,p1,selection,80.52546691894531,1787512190.4785922
115,285,p1,selection,85.82083892822266,1787512190.4830701
115,114,p2,turn,11.908645629882812,1787512190.4958103
115,283,p2,selection,87.09683227539062,1787512190.4997945
115,284,p2,selection,93.71304321289062,1787512190.5039232
115,285,p2,selection,87.96571350097656,1787512190.5089135
116,115,p1,turn,17.350833892822266,1787512190.5316126
116,286,p1,selection,83.282470703125,1787512190.5360153
116,287,p1,selection,87.70414733886719,1787512190.5402465
116,288,p1,selection,85.85755157470703,1787512190.5443258
116,115,p2,turn,12.212776184082031,1787512190.5586805
116,286,p2,selection,91.60881042480469,1787512190.5635886
116,287,p2,selection,89.13956451416016,1787512190.5688343
116,288,p2,selection,90.72773742675781,1787512190.5738988
117,116,p1,turn,13.670586585998535,1787512190.61088
117,289,p1,selection,84.52265930175781,1787512190.6160557
117,290,p1,selection,88.78025817871094,1787512190.6212127
117,291,p1,selection,85.18649291992188,1787512190.6263175
117,116,p2,turn,14.639421463012695,1787512190.641664
117,289,p2,selection,86.39976501464844,1787512190.6466258
117,290,p2,selection,87.01065826416016,1787512190.6518185
117,291,p2,selection,90.56861114501953,1787512190.6569545
118,117,p1,turn,11.068329811096191,1787512190.6805277
118,292,p1,selection,83.9029312133789,1787512190.684904
118,293,p1,selection,88.75379180908203,1787512190.6897116
118,294,p1,selection,84.73941040039062,1787512190.6940224
118,117,p2,turn,17.826929092407227,1787512190.7066932
118,292,p2,selection,90.1321792602539,1787512190.7112281
118,293,p2,selection,89.58939361572266,1787512190.715113
118,294,p2,selection,92.48238372802734,1787512190.719543
119,118,p1,turn,18.34174346923828,1787512190.7449048
119,295,p1,selection,85.93173217773438,1787512190.7490304
119,296,p1,selection,84.0052261352539,1787512190.7533212
119,297,p1,selection,84.45892333984375,1787512190.7576048
119,118,p2,turn,13.920974731445312,1787512190.7705128
119,295,p2,selection,91.35774230957031,1787512190.7748923
119,296,p2,selection,92.12667083740234,1787512190.7791579
119,297,p2,selection,92.2523422241211,1787512190.7834585
120,119,p1,turn,18.346603393554688,1787512190.8207457
120,298,p1,selection,88.21355438232422,1787512190.8264136
120,299,p1,selection,86.40093231201172,1787512190.83167
120,300,p1,selection,83.07699584960938,1787512190.837453
120,119,p2,turn,13.30517864227295,1787512190.8505063
120,298,p2,selection,87.68790435791016,1787512190.855374
120,299,p2,selection,93.5536880493164,1787512190.8597124
120,300,p2,selection,94.53580474853516,1787512190.864169
121,120,p1,turn,7.842079162597656,1787512190.8860886
121,301,p1,selection,81.10916137695312,1787512190.8902254
121,302,p1,selection,91.19329071044922,1787512190.8942134
121,303,p1,selection,86.98367309570312,1787512190.8981326
121,120,p2,turn,17.134868621826172,1787512190.911099
121,301,p2,selection,88.53751373291016,1787512190.9150958
121,302,p2,selection,92.24923706054688,1787512190.9194484
121,303,p2,selection,88.3333969116211,1787512190.9233837
122,121,p1,turn,13.096705436706543,1787512190.9518902
122,304,p1,selection,89.14063262939453,1787512190.9578521
122,305,p1,selection,86.69049072265625,1787512190.9637392
122,306,p1,selection,87.4221420288086,1787512190.969429
122,121,p2,turn,16.83888053894043,1787512190.983292
122,304,p2,selection,90.04003143310547,1787512190.9890447
122,305,p2,selection,91.3404312133789,1787512190.9946122
122,306,p2,selection,90.19483184814453,1787512190.9999003
123,122,p1,turn,17.3833065032959,1787512191.039023
123,307,p1,selection,85.65791320800781,1787512191.0445256
123,308,p1,selection,84.1694107055664,1787512191.0499914
123,309,p1,selection,88.71199035644531,1787512191.05567
123,122,p2,turn,19.158084869384766,1787512191.072778
123,307,p2,selection,87.67550659179688,1787512191.0780728
123,308,p2,selection,93.61161804199219,1787512191.0836802
123,309,p2,selection,91.99909973144531,1787512191.091419
124,123,p1,turn,9.669386863708496,1787512191.1467428
124,310,p1,selection,85.98652648925781,1787512191.1517935
124,311,p1,selection,85.414794921875,1787512191.1563215
124,312,p1,selection,86.22740173339844,1787512191.1605444
124,123,p2,turn,17.928146362304688,1787512191.173427
124,310,p2,selection,88.32131958007812,1787512191.177416
124,311,p2,selection,90.69402313232422,1787512191.1813684
124,312,p2,selection,88.21783447265625,1787512191.1860678
125,124,p1,turn,10.747599601745605,1787512191.2064245
125,313,p1,selection,85.42860412597656,1787512191.2111156
125,314,p1,selection,90.02691650390625,1787512191.21574
125,315,p1,selection,87.50735473632812,1787512191.2204692
125,124,p2,turn,12.513246536254883,1787512191.232966
125,313,p2,selection,88.92362976074219,1787512191.2372992
125,314,p2,selection,93.60614013671875,1787512191.2412713
125,315,p2,selection,92.1769027709961,1787512191.245323
126,125,p1,turn,12.988468170166016,1787512191.2641048
126,316,p1,selection,84.85538482666016,1787512191.2678914
126,317,p1,selection,87.4185791015625,1787512191.2718039
126,318,p1,selection,90.85343933105469,1787512191.2754107
126,125,p2,turn,11.98902702331543,1787512191.2871447
126,316,p2,selection,87.65253448486328,1787512191.2909412
126,317,p2,selection,87.49813842773438,1787512191.2949398
126,318,p2,selection,94.01174926757812,1787512191.2993605
127,126,p1,turn,15.814815521240234,1787512191.3198287
127,319,p1,selection,84.87464141845703,1787512191.323604
127,320,p1,selection,89.5028076171875,1787512191.3273287
127,321,p1,selection,83.79651641845703,1787512191.330888
127,126,p2,turn,13.72128963470459,1787512191.3422034
127,319,p2,selection,91.93402862548828,1787512191.3459656
127,320,p2,selection,89.74522399902344,1787512191.3495505
127,321,p2,selection,92.9985122680664,1787512191.3534796
128,127,p1,turn,10.459364891052246,1787512191.373109
128,322,p1,selection,92.32147216796875,1787512191.3767128
128,323,p1,selection,85.62396240234375,1787512191.380306
128,324,p1,selection,88.25161743164062,1787512191.3839242
128,127,p2,turn,10.103432655334473,1787512191.3957014
128,322,p2,selection,89.22047424316406,1787512191.3993077
128,323,p2,selection,87.44322204589844,1787512191.403258
128,324,p2,selection,93.91162872314453,1787512191.407093
129,128,p1,turn,5.052512168884277,1787512191.4276142
129,325,p1,selection,84.1880111694336,1787512191.4312637
129,326,p1,selection,88.3844223022461,1787512191.435458
129,327,p1,selection,87.64982604980469,1787512191.439998
129,128,p2,turn,13.22872257232666,1787512191.4534597
129,325,p2,selection,92.97879791259766,1787512191.4580703
129,326,p2,selection,86.87490844726562,1787512191.4627037
129,327,p2,selection,82.87123107910156,1787512191.4672568
130,129,p1,turn,11.530240058898926,1787512191.489922
130,328,p1,selection,89.90585327148438,1787512191.4937458
130,329,p1,selection,89.0783920288086,1787512191.4975042
130,330,p1,selection,85.10348510742188,1787512191.5012677
130,129,p2,turn,13.18905258178711,1787512191.5126157
130,328,p2,selection,91.68495178222656,1787512191.516298
130,329,p2,selection,89.10677337646484,1787512191.5199227
130,330,p2,selection,86.66726684570312,1787512191.523638
131,130,p1,turn,11.307367324829102,1787512191.5419621
131,331,p1,selection,88.71694946289062,1787512191.5457118
131,332,p1,selection,85.7811050415039,1787512191.5493534
131,333,p1,selection,84.90213012695312,1787512191.5532618
131,130,p2,turn,15.289546966552734,1787512191.5646522
131,331,p2,selection,93.03843688964844,1787512191.5686004
131,332,p2,selection,94.57772064208984,1787512191.572356
131,333,p2,selection,89.43032836914062,1787512191.5763824
132,131,p1,turn,18.97020149230957,1787512191.5999753
132,334,p1,selection,83.11874389648438,1787512191.6038527
132,335,p1,selection,81.51988220214844,1787512191.60763
132,336,p1,selection,88.76235961914062,1787512191.611237
132,131,p2,turn,17.191574096679688,1787512191.6228678
132,334,p2,selection,87.11723327636719,1787512191.626592
132,335,p2,selection,88.00662994384766,1787512191.6302118
132,336,p2,selection,92.35453033447266,1787512191.6337938
133,132,p1,turn,16.59164047241211,1787512191.6505716
133,337,p1,selection,87.56307220458984,1787512191.6547205
133,338,p1,selection,80.38357543945312,1787512191.658473
133,339,p1,selection,84.6219482421875,1787512191.6620576
133,132,p2,turn,13.51599407196045,1787512191.673304
133,337,p2,selection,94.99119567871094,1787512191.6769524
133,338,p2,selection,89.75643157958984,1787512191.68055
133,339,p2,selection,88.53778839111328,1787512191.684168
134,133,p1,turn,13.379439353942871,1787512191.7034447
134,340,p1,selection,91.15948486328125,1787512191.7071664
134,341,p1,selection,86.18428802490234,1787512191.7107604
134,342,p1,selection,90.95945739746094,1787512191.7143145
134,133,p2,turn,13.807342529296875,1787512191.7253208
134,340,p2,selection,90.19144439697266,1787512191.7289183
134,341,p2,selection,87.82353973388672,1787512191.732522
134,342,p2,selection,87.63343048095703,1787512191.7364438
135,134,p1,turn,14.764764785766602,1787512191.7529747
135,343,p1,selection,85.55667114257812,1787512191.7568328
135,344,p1,selection,85.53015899658203,1787512191.7604744
135,345,p1,selection,87.23038482666016,1787512191.7640512
135,134,p2,turn,9.349530220031738,1787512191.775
135,343,p2,selection,93.85987854003906,1787512191.7786858
135,344,p2,selection,89.95304107666016,1787512191.782368
135,345,p2,selection,89.67902374267578,1787512191.786231
136,135,p1,turn,11.361788749694824,1787512191.807188
136,346,p1,selection,85.51368713378906,1787512191.810912
136,347,p1,selection,88.93882751464844,1787512191.8160496
136,348,p1,selection,88.19608306884766,1787512191.8207653
136,135,p2,turn,12.12480640411377,1787512191.8356092
136,346,p2,selection,85.5054931640625,1787512191.840664
136,347,p2,selection,93.08760833740234,1787512191.8455262
136,348,p2,selection,90.20283508300781,1787512191.850389
137,136,p1,turn,17.433900833129883,1787512191.8758419
137,349,p1,selection,89.64904022216797,1787512191.8798318
137,350,p1,selection,87.4579086303711,1787512191.8842015
137,351,p1,selection,89.18473815917969,1787512191.8885655
137,136,p2,turn,11.63309383392334,1787512191.90049
137,349,p2,selection,85.97913360595703,1787512191.9048395
137,350,p2,selection,89.37383270263672,1787512191.909155
137,351,p2,selection,89.46751403808594,1787512191.9130836
138,137,p1,turn,10.913200378417969,1787512191.9370139
138,352,p1,selection,84.20326232910156,1787512191.941341
138,353,p1,selection,82.48124694824219,1787512191.9455066
138,354,p1,selection,84.37403106689453,1787512191.9498181
138,137,p2,turn,15.24909496307373,1787512191.9637167
138,352,p2,selection,92.6384506225586,1787512191.9692757
138,353,p2,selection,91.51641845703125,1787512191.9745765
138,354,p2,selection,94.3672103881836,1787512191.9800282
139,138,p1,turn,18.13437271118164,1787512192.0079982
139,355,p1,selection,89.73771667480469,1787512192.0129972
139,356,p1,selection,86.44741821289062,1787512192.0179348
139,357,p1,selection,86.62338256835938,1787512192.0230775
139,138,p2,turn,18.19491958618164,1787512192.0374527
139,355,p2,selection,87.69096374511719,1787512192.0421088
139,356,p2,selection,86.68123626708984,1787512192.046793
139,357,p2,selection,89.36962127685547,1787512192.0514944
140,139,p1,turn,15.285682678222656,1787512192.0760112
140,358,p1,selection,85.12800598144531,1787512192.0797706
140,359,p1,selection,84.85540008544922,1787512192.0834894
140,360,p1,selection,89.29324340820312,1787512192.0884452
140,139,p2,turn,11.578323364257812,1787512192.1000824
140,358,p2,selection,89.48469543457031,1787512192.1041865
140,359,p2,selection,93.091064453125,1787512192.1080592
140,360,p2,selection,91.16871643066406,1787512192.1118238
141,140,p1,turn,11.450826644897461,1787512192.1438134
141,361,p1,selection,86.17430877685547,1787512192.147669
141,362,p1,selection,88.96754455566406,1787512192.151912
141,363,p1,selection,88.04627990722656,1787512192.1564193
141,140,p2,turn,12.310468673706055,1787512192.1712663
141,361,p2,selection,89.40015411376953,1787512192.175414
141,362,p2,selection,91.01019287109375,1787512192.1794205
141,363,p2,selection,92.02145385742188,1787512192.1834502
142,141,p1,turn,15.815023422241211,1787512192.2251618
142,364,p1,selection,81.6655502319336,1787512192.2296708
142,365,p1,selection,85.30463409423828,1787512192.2342799
142,366,p1,selection,88.36386108398438,1787512192.2390237
142,141,p2,turn,13.768808364868164,1787512192.253726
142,364,p2,selection,89.0151138305664,1787512192.2584863
142,365,p2,selection,93.05626678466797,1787512192.2629843
142,366,p2,selection,89.37139892578125,1787512192.2675312
143,142,p1,turn,15.234085083007812,1787512192.2952077
143,367,p1,selection,84.44156646728516,1787512192.2997112
143,368,p1,selection,88.0965576171875,1787512192.3043563
143,369,p1,selection,86.63636779785156,1787512192.3089457
143,142,p2,turn,19.028335571289062,1787512192.3235319
143,367,p2,selection,91.50775146484375,1787512192.328485
143,368,p2,selection,87.76929473876953,1787512192.3335853
143,369,p2,selection,90.68128967285156,1787512192.3390276
144,143,p1,turn,8.038045883178711,1787512192.368194
144,370,p1,selection,87.12358856201172,1787512192.3739429
144,371,p1,selection,84.4945068359375,1787512192.3777895
144,372,p1,selection,88.99063110351562,1787512192.3814821
144,143,p2,turn,18.398168563842773,1787512192.393329
144,370,p2,selection,88.68672180175781,1787512192.3973038
144,371,p2,selection,95.0555419921875,1787512192.4010818
144,372,p2,selection,89.16215515136719,1787512192.405982
145,144,p1,turn,15.562738418579102,1787512192.4344559
145,373,p1,selection,88.11127471923828,1787512192.4395137
145,374,p1,selection,85.92607116699219,1787512192.4442747
145,375,p1,selection,82.5396728515625,1787512192.4490805
145,144,p2,turn,22.500652313232422,1787512192.4633632
145,373,p2,selection,93.6659927368164,1787512192.4674473
145,374,p2,selection,90.10993957519531,1787512192.4717643
145,375,p2,selection,92.93618774414062,1787512192.4757283
146,145,p1,turn,11.736254692077637,1787512192.5136752
146,376,p1,selection,87.82331085205078,1787512192.5185175
146,377,p1,selection,86.68508911132812,1787512192.5224311
146,378,p1,selection,86.3892822265625,1787512192.5272677
146,145,p2,turn,14.326642990112305,1787512192.5407457
146,376,p2,selection,91.94669342041016,1787512192.5446863
146,377,p2,selection,90.13030242919922,1787512192.5487373
146,378,p2,selection,88.97545623779297,1787512192.5530322
147,146,p1,turn,15.508050918579102,1787512192.5803804
147,379,p1,selection,83.29624938964844,1787512192.5844076
147,380,p1,selection,82.28427124023438,1787512192.5896719
147,381,p1,selection,82.33079528808594,1787512192.5936255
147,146,p2,turn,21.88448715209961,1787512192.6081815
147,379,p2,selection,89.24191284179688,1787512192.6132588
147,380,p2,selection,91.66776275634766,1787512192.6182892
147,381,p2,selection,87.33052062988281,1787512192.6226807
148,147,p1,turn,16.606143951416016,1787512192.6541686
148,382,p1,selection,85.70270538330078,1787512192.6594272
148,383,p1,selection,86.65672302246094,1787512192.665162
148,384,p1,selection,88.22020721435547,1787512192.671202
148,147,p2,turn,16.03126335144043,1787512192.684475
148,382,p2,selection,86.08053588867188,1787512192.6890743
148,383,p2,selection,92.78387451171875,1787512192.693055
148,384,p2,selection,90.27268981933594,1787512192.6972322
149,148,p1,turn,7.947618007659912,1787512192.720783
149,385,p1,selection,83.08483123779297,1787512192.724989
149,386,p1,selection,80.68779754638672,1787512192.7290828
149,387,p1,selection,84.41204071044922,1787512192.732998
149,148,p2,turn,15.12583065032959,1787512192.744682
149,385,p2,selection,89.89131164550781,1787512192.7487316
149,386,p2,selection,86.72282409667969,1787512192.7532036
149,387,p2,selection,87.40409851074219,1787512192.757297
150,149,p1,turn,17.34933853149414,1787512192.7852287
150,388,p1,selection,90.95423889160156,1787512192.789328
150,389,p1,selection,82.5892105102539,1787512192.793619
150,390,p1,selection,87.15714263916016,1787512192.7976742
150,149,p2,turn,13.632044792175293,1787512192.8097188
150,388,p2,selection,87.0832290649414,1787512192.8136415
150,389,p2,selection,91.31950378417969,1787512192.8177834
150,390,p2,selection,90.13507843017578,1787512192.822124
151,150,p1,turn,18.132125854492188,1787512192.8400679
151,391,p1,selection,88.85968780517578,1787512192.844643
151,392,p1,selection,83.45246124267578,1787512192.8486605
151,393,p1,selection,84.51509857177734,1787512192.8532681
151,150,p2,turn,9.876097679138184,1787512192.8685231
151,391,p2,selection,92.28935241699219,1787512192.8732812
151,392,p2,selection,92.17705535888672,1787512192.8777988
151,393,p2,selection,85.56256866455078,1787512192.8823206
152,151,p1,turn,18.551525115966797,1787512192.902886
152,394,p1,selection,85.47364044189453,1787512192.906754
152,395,p1,selection,87.40840148925781,1787512192.9105697
152,396,p1,selection,82.02165222167969,1787512192.9143674
152,151,p2,turn,12.752485275268555,1787512192.9285836
152,394,p2,selection,87.37760162353516,1787512192.9337602
152,395,p2,selection,84.38702392578125,1787512192.9392052
152,396,p2,selection,89.90669250488281,1787512192.9443436
153,152,p1,turn,18.17046356201172,1787512192.9667027
153,397,p1,selection,86.94572448730469,1787512192.9716866
153,398,p1,selection,85.02217102050781,1787512192.9764009
153,399,p1,selection,86.68770599365234,1787512192.9811628
153,152,p2,turn,15.53621768951416,1787512192.9954276
153,397,p2,selection,90.42713928222656,1787512193.0004735
153,398,p2,selection,82.36846160888672,1787512193.0056164
153,399,p2,selection,93.21661376953125,1787512193.0103114
154,153,p1,turn,14.353876113891602,1787512193.033777
154,400,p1,selection,87.50255584716797,1787512193.038818
154,401,p1,selection,91.42987823486328,1787512193.043338
154,402,p1,selection,85.11621856689453,1787512193.047895
154,153,p2,turn,12.0003080368042,1787512193.0616632
154,400,p2,selection,88.2871322631836,1787512193.0664806
154,401,p2,selection,88.26040649414062,1787512193.0713832
154,402,p2,selection,87.61347198486328,1787512193.0759985
155,154,p1,turn,9.59945011138916,1787512193.0995038
155,403,p1,selection,91.82198333740234,1787512193.103504
155,404,p1,selection,93.86702728271484,1787512193.1074834
155,405,p1,selection,87.38761138916016,1787512193.111317
155,154,p2,turn,10.210226058959961,1787512193.122712
155,403,p2,selection,94.1961441040039,1787512193.1265066
155,404,p2,selection,85.89800262451172,1787512193.130532
155,405,p2,selection,93.8800048828125,1787512193.1344285
156,155,p1,turn,7.79386568069458,1787512193.151452
156,406,p1,selection,84.09976196289062,1787512193.1558633
156,407,p1,selection,89.71388244628906,1787512193.1598864
156,408,p1,selection,87.42280578613281,1787512193.1640441
156,155,p2,turn,13.185508728027344,1787512193.1805828
156,406,p2,selection,84.73477172851562,1787512193.185778
156,407,p2,selection,95.84982299804688,1787512193.1908762
156,408,p2,selection,89.62168884277344,1787512193.1949291
157,156,p1,turn,10.750436782836914,1787512193.2340746
157,409,p1,selection,84.52954864501953,1787512193.2399626
157,410,p1,selection,83.37450408935547,1787512193.2460537
157,411,p1,selection,85.3176498413086,1787512193.2523196
157,156,p2,turn,13.620954513549805,1787512193.2704384
157,409,p2,selection,89.19108581542969,1787512193.2764306
157,410,p2,selection,90.82450103759766,1787512193.2813718
157,411,p2,selection,85.96076965332031,1787512193.287205
158,157,p1,turn,15.120268821716309,1787512193.321084
158,412,p1,selection,89.76255798339844,1787512193.3258739
158,413,p1,selection,89.19580841064453,1787512193.3306177
158,414,p1,selection,84.48698425292969,1787512193.335816
158,157,p2,turn,7.275403022766113,1787512193.3508153
158,412,p2,selection,85.77397918701172,1787512193.3559144
158,413,p2,selection,93.17884063720703,1787512193.3605347
158,414,p2,selection,95.7939682006836,1787512193.3656187
159,158,p1,turn,15.378443717956543,1787512193.3892539
159,415,p1,selection,83.36778259277344,1787512193.3941255
159,416,p1,selection,86.77058410644531,1787512193.3989732
159,417,p1,selection,81.95280456542969,1787512193.4036436
159,158,p2,turn,17.427215576171875,1787512193.4177356
159,415,p2,selection,92.49210357666016,1787512193.4234738
159,416,p2,selection,91.18265533447266,1787512193.427472
159,417,p2,selection,84.31875610351562,1787512193.431791
160,159,p1,turn,23.046730041503906,1787512193.4591975
160,418,p1,selection,85.3521728515625,1787512193.4637842
160,419,p1,selection,79.69175720214844,1787512193.467652
160,420,p1,selection,89.01203918457031,1787512193.4717798
160,159,p2,turn,16.101877212524414,1787512193.4834352
160,418,p2,selection,89.7183837890625,1787512193.487935
160,419,p2,selection,86.87103271484375,1787512193.4918792
160,420,p2,selection,90.76519775390625,1787512193.4956722
161,160,p1,turn,12.474149703979492,1787512193.5161946
161,421,p1,selection,92.32080078125,1787512193.5203147
161,422,p1,selection,83.62499237060547,1787512193.524295
161,423,p1,selection,86.92325592041016,1787512193.5280905
161,160,p2,turn,21.372669219970703,1787512193.5417967
161,421,p2,selection,89.15351104736328,1787512193.5461974
161,422,p2,selection,91.19084167480469,1787512193.5501862
161,423,p2,selection,93.99945831298828,1787512193.5542731
162,161,p1,turn,8.847221374511719,1787512193.5764709
162,424,p1,selection,87.38630676269531,1787512193.5808501
162,425,p1,selection,89.71939086914062,1787512193.584881
162,426,p1,selection,86.97000885009766,1787512193.5890265
162,161,p2,turn,16.31283187866211,1787512193.6001835
162,424,p2,selection,90.73475646972656,1787512193.6047206
162,425,p2,selection,93.42987060546875,1787512193.6087885
162,426,p2,selection,85.66954040527344,1787512193.6138155
163,162,p1,turn,14.962766647338867,1787512193.6381683
163,427,p1,selection,85.63399505615234,1787512193.642289
163,428,p1,selection,85.46729278564453,1787512193.6477056
163,429,p1,selection,86.433349609375,1787512193.652953
163,162,p2,turn,11.667694091796875,1787512193.670222
163,427,p2,selection,89.45579528808594,1787512193.676945
163,428,p2,selection,93.42334747314453,1787512193.683218
163,429,p2,selection,90.13876342773438,1787512193.6894634
164,163,p1,turn,8.167802810668945,1787512193.7322145
164,430,p1,selection,85.75924682617188,1787512193.7401264
164,431,p1,selection,84.93707275390625,1787512193.751067
164,432,p1,selection,83.55927276611328,1787512193.7578056
164,163,p2,turn,20.42246437072754,1787512193.7748227
164,430,p2,selection,86.85223388671875,1787512193.781055
164,431,p2,selection,88.63365936279297,1787512193.786892
164,432,p2,selection,96.02346801757812,1787512193.7913938
165,164,p1,turn,11.243131637573242,1787512193.828476
165,433,p1,selection,86.65050506591797,1787512193.8325377
165,434,p1,selection,89.29720306396484,1787512193.8386781
165,435,p1,selection,85.97163391113281,1787512193.8446965
165,164,p2,turn,15.073814392089844,1787512193.8599553
165,433,p2,selection,87.88707733154297,1787512193.8647122
165,434,p2,selection,87.91963195800781,1787512193.8698404
165,435,p2,selection,82.91943359375,1787512193.874657
166,165,p1,turn,14.311773300170898,1787512193.8935387
166,436,p1,selection,83.3133316040039,1787512193.8978238
166,437,p1,selection,83.13973999023438,1787512193.902421
166,438,p1,selection,85.46170806884766,1787512193.9067712
166,165,p2,turn,14.462544441223145,1787512193.9197996
166,436,p2,selection,93.31140899658203,1787512193.9247978
166,437,p2,selection,91.93927764892578,1787512193.929059
166,438,p2,selection,84.51758575439453,1787512193.9334376
167,166,p1,turn,16.31867027282715,1787512193.9698122
167,439,p1,selection,89.97308349609375,1787512193.9748833
167,440,p1,selection,86.57128143310547,1787512193.9790754
167,441,p1,selection,91.01226806640625,1787512193.9833956
167,166,p2,turn,8.972566604614258,1787512193.9985878
167,439,p2,selection,91.7723388671875,1787512194.0038686
167,440,p2,selection,82.55509948730469,1787512194.0092552
167,441,p2,selection,89.29696655273438,1787512194.0143967
168,167,p1,turn,11.237578392028809,1787512194.0405118
168,442,p1,selection,87.85353088378906,1787512194.0451207
168,443,p1,selection,87.6060791015625,1787512194.0494456
168,444,p1,selection,89.14460754394531,1787512194.0539148
168,167,p2,turn,9.391902923583984,1787512194.067452
168,442,p2,selection,91.7579116821289,1787512194.072738
168,443,p2,selection,93.54911041259766,1787512194.077701
168,444,p2,selection,86.1658706665039,1787512194.0833387
169,168,p1,turn,9.828824043273926,1787512194.10301
169,445,p1,selection,90.0630874633789,1787512194.1071408
169,446,p1,selection,83.2708740234375,1787512194.1113474
169,447,p1,selection,87.73591613769531,1787512194.115328
169,168,p2,turn,16.607528686523438,1787512194.1277778
169,445,p2,selection,92.8790054321289,1787512194.1318476
169,446,p2,selection,86.69422912597656,1787512194.136146
169,447,p2,selection,89.99335479736328,1787512194.1403086
170,169,p1,turn,8.845486640930176,1787512194.1601484
170,448,p1,selection,94.73953247070312,1787512194.164278
170,449,p1,selection,89.87373352050781,1787512194.1688015
170,450,p1,selection,89.72704315185547,1787512194.1733153
170,169,p2,turn,10.307332992553711,1787512194.1857972
170,448,p2,selection,88.92572021484375,1787512194.1914804
170,449,p2,selection,89.28804016113281,1787512194.1982849
170,450,p2,selection,91.38016510009766,1787512194.2038643
171,170,p1,turn,15.781956672668457,1787512194.2307353
171,451,p1,selection,86.01637268066406,1787512194.2355373
171,452,p1,selection,82.94080352783203,1787512194.240376
171,453,p1,selection,88.87394714355469,1787512194.2449632
171,170,p2,turn,15.812159538269043,1787512194.2584698
171,451,p2,selection,88.40904235839844,1787512194.2625694
171,452,p2,selection,93.65616607666016,1787512194.266325
171,453,p2,selection,90.51693725585938,1787512194.2704644
172,171,p1,turn,9.203363418579102,1787512194.300127
172,454,p1,selection,84.20184326171875,1787512194.307071
172,455,p1,selection,84.28536224365234,1787512194.313674
172,456,p1,selection,85.39823913574219,1787512194.3188303
172,171,p2,turn,14.839006423950195,1787512194.3339658
172,454,p2,selection,91.96315002441406,1787512194.3389997
172,455,p2,selection,91.17121124267578,1787512194.3436272
172,456,p2,selection,83.8182373046875,1787512194.3482149
173,172,p1,turn,13.364119529724121,1787512194.3787289
173,457,p1,selection,92.05703735351562,1787512194.3828843
173,458,p1,selection,85.48391723632812,1787512194.387432
173,459,p1,selection,86.99714660644531,1787512194.3916073
173,172,p2,turn,13.227300643920898,1787512194.4068744
173,457,p2,selection,92.50924682617188,1787512194.4130409
173,458,p2,selection,91.75155639648438,1787512194.4186614
173,459,p2,selection,92.60871887207031,1787512194.4242623
174,173,p1,turn,18.4907169342041,1787512194.465852
174,460,p1,selection,83.9001235961914,1787512194.470087
174,461,p1,selection,84.47065734863281,1787512194.47594
174,462,p1,selection,90.45291900634766,1787512194.481258
174,173,p2,turn,14.948699951171875,1787512194.4978917
174,460,p2,selection,90.80986785888672,1787512194.5044806
174,461,p2,selection,85.72470092773438,1787512194.5103176
174,462,p2,selection,93.1529541015625,1787512194.523197
175,174,p1,turn,19.18236541748047,1787512194.6021433
175,463,p1,selection,91.325439453125,1787512194.6083074
175,464,p1,selection,87.97252655029297,1787512194.613739
175,465,p1,selection,89.98986053466797,1787512194.6193602
175,174,p2,turn,13.651018142700195,1787512194.6350126
175,463,p2,selection,89.54550170898438,1787512194.6395667
175,464,p2,selection,93.6852035522461,1787512194.6436853
175,465,p2,selection,86.58006286621094,1787512194.6482048
176,175,p1,turn,12.58268928527832,1787512194.6879876
176,466,p1,selection,86.66851043701172,1787512194.6936948
176,467,p1,selection,87.31082153320312,1787512194.6990068
176,468,p1,selection,87.63298034667969,1787512194.7051497
176,175,p2,turn,15.414135932922363,1787512194.7216792
176,466,p2,selection,91.94937133789062,1787512194.726102
176,467,p2,selection,86.342529296875,1787512194.730137
176,468,p2,selection,94.00735473632812,1787512194.7341785
177,176,p1,turn,16.633962631225586,1787512194.7577991
177,469,p1,selection,85.71707916259766,1787512194.7624884
177,470,p1,selection,84.39097595214844,1787512194.7676063
177,471,p1,selection,86.0198974609375,1787512194.772676
177,176,p2,turn,12.706448554992676,1787512194.7852356
177,469,p2,selection,89.98815155029297,1787512194.7895365
177,470,p2,selection,87.91780853271484,1787512194.793851
177,471,p2,selection,92.81078338623047,1787512194.798126
178,177,p1,turn,8.58159065246582,1787512194.819042
178,472,p1,selection,84.71040344238281,1787512194.823642
178,473,p1,selection,86.84801483154297,1787512194.828102
178,474,p1,selection,82.64093017578125,1787512194.832335
178,177,p2,turn,16.5192928314209,1787512194.8484452
178,472,p2,selection,93.91333770751953,1787512194.8533998
178,473,p2,selection,86.06517028808594,1787512194.8583488
178,474,p2,selection,84.64480590820312,1787512194.863761
179,178,p1,turn,15.939265251159668,1787512194.8918319
179,475,p1,selection,88.12625122070312,1787512194.8968792
179,476,p1,selection,85.45142364501953,1787512194.9015503
179,477,p1,selection,87.15987396240234,1787512194.9064543
179,178,p2,turn,17.737628936767578,1787512194.9205763
179,475,p2,selection,94.57772827148438,1787512194.926194
179,476,p2,selection,89.18585205078125,1787512194.931322
179,477,p2,selection,82.06417083740234,1787512194.937202
180,179,p1,turn,9.159128189086914,1787512194.9675756
180,478,p1,selection,88.84357452392578,1787512194.9733038
180,479,p1,selection,91.50169372558594,1787512194.9789295
180,480,p1,selection,85.3316650390625,1787512194.9842827
180,179,p2,turn,9.027158737182617,1787512194.99847
180,478,p2,selection,92.2266845703125,1787512195.0036497
180,479,p2,selection,90.51802062988281,1787512195.0092435
180,480,p2,selection,88.71414947509766,1787512195.014736
181,180,p1,turn,11.114041328430176,1787512195.0444016
181,481,p1,selection,83.52947998046875,1787512195.0504386
181,482,p1,selection,93.8093490600586,1787512195.0562675
181,483,p1,selection,88.69037628173828,1787512195.061044
181,180,p2,turn,11.798384666442871,1787512195.0734015
181,481,p2,selection,86.30931854248047,1787512195.0775104
181,482,p2,selection,94.65335845947266,1787512195.08169
181,483,p2,selection,94.67111206054688,1787512195.0864408
182,181,p1,turn,10.835841178894043,1787512195.1118195
182,484,p1,selection,90.65277099609375,1787512195.1160054
182,485,p1,selection,89.45966339111328,1787512195.121076
182,486,p1,selection,89.01907348632812,1787512195.1262498
182,181,p2,turn,16.286989212036133,1787512195.1428962
182,484,p2,selection,85.73200988769531,1787512195.1481688
182,485,p2,selection,90.26506042480469,1787512195.153745
182,486,p2,selection,89.1657485961914,1787512195.1592498
183,182,p1,turn,11.837059020996094,1787512195.204859
183,487,p1,selection,83.88294982910156,1787512195.244086
183,488,p1,selection,89.23611450195312,1787512195.2594259
183,489,p1,selection,85.04287719726562,1787512195.266499
183,182,p2,turn,14.04520034790039,1787512195.2899597
183,487,p2,selection,89.62037658691406,1787512195.296437
183,488,p2,selection,90.31102752685547,1787512195.303823
183,489,p2,selection,94.52594757080078,1787512195.3119493
184,183,p1,turn,16.23042106628418,1787512195.34654
184,490,p1,selection,86.49681854248047,1787512195.3555768
184,491,p1,selection,85.41181182861328,1787512195.3621905
184,492,p1,selection,81.9206314086914,1787512195.3695223
184,183,p2,turn,15.32564926147461,1787512195.3869138
184,490,p2,selection,86.02799987792969,1787512195.392573
184,491,p2,selection,89.93380737304688,1787512195.3976958
184,492,p2,selection,90.05703735351562,1787512195.4042852
185,184,p1,turn,12.772333145141602,1787512195.4309297
185,493,p1,selection,85.4316635131836,1787512195.4360774
185,494,p1,selection,81.72428894042969,1787512195.440504
185,495,p1,selection,85.8238754272461,1787512195.4446156
185,184,p2,turn,12.78476333618164,1787512195.4580789
185,493,p2,selection,91.3697509765625,1787512195.4640286
185,494,p2,selection,94.46114349365234,1787512195.469298
185,495,p2,selection,90.34829711914062,1787512195.4742818
186,185,p1,turn,9.917064666748047,1787512195.4998367
186,496,p1,selection,90.00779724121094,1787512195.504583
186,497,p1,selection,86.05107879638672,1787512195.509231
186,498,p1,selection,85.15684509277344,1787512195.513393
186,185,p2,turn,8.938395500183105,1787512195.5278208
186,496,p2,selection,92.60921478271484,1787512195.533106
186,497,p2,selection,90.48526763916016,1787512195.538364
186,498,p2,selection,86.8606948852539,1787512195.5434592
187,186,p1,turn,13.47366714477539,1787512195.5737884
187,499,p1,selection,88.82987213134766,1787512195.5790126
187,500,p1,selection,86.42945861816406,1787512195.58482
187,501,p1,selection,87.80039978027344,1787512195.590268
187,186,p2,turn,9.977882385253906,1787512195.6053448
187,499,p2,selection,88.01467895507812,1787512195.6104958
187,500,p2,selection,92.5049819946289,1787512195.616271
187,501,p2,selection,89.1522216796875,1787512195.622005
188,187,p1,turn,10.685468673706055,1787512195.6580296
188,502,p1,selection,88.4864730834961,1787512195.6622667
188,503,p1,selection,87.2716064453125,1787512195.66752
188,504,p1,selection,80.80410766601562,1787512195.671846
188,187,p2,turn,14.355388641357422,1787512195.6856365
188,502,p2,selection,85.43173217773438,1787512195.6906886
188,503,p2,selection,90.83416748046875,1787512195.6959994
188,504,p2,selection,91.9813003540039,1787512195.7010252
189,188,p1,turn,10.102066040039062,1787512195.7328837
189,505,p1,selection,91.70282745361328,1787512195.7381842
189,506,p1,selection,86.09740447998047,1787512195.7432122
189,507,p1,selection,88.55772399902344,1787512195.7481587
189,188,p2,turn,22.50093650817871,1787512195.7625024
189,505,p2,selection,94.02156066894531,1787512195.7665727
189,506,p2,selection,87.74325561523438,1787512195.7708046
189,507,p2,selection,91.60757446289062,1787512195.7757065
190,189,p1,turn,16.75792694091797,1787512195.7985668
190,508,p1,selection,92.36717987060547,1787512195.8037066
190,509,p1,selection,85.81594848632812,1787512195.808494
190,510,p1,selection,87.9491958618164,1787512195.8130538
190,189,p2,turn,12.419241905212402,1787512195.8264077
190,508,p2,selection,87.92796325683594,1787512195.831249
190,509,p2,selection,90.41239166259766,1787512195.836462
190,510,p2,selection,83.74495697021484,1787512195.8416734
191,190,p1,turn,14.056490898132324,1787512195.8729067
191,511,p1,selection,90.82892608642578,1787512195.8787978
191,512,p1,selection,89.46640014648438,1787512195.885407
191,513,p1,selection,87.281494140625,1787512195.8933613
191,190,p2,turn,13.10954475402832,1787512195.909598
191,511,p2,selection,91.03861236572266,1787512195.9146042
191,512,p2,selection,94.9961929321289,1787512195.920936
191,513,p2,selection,91.83035278320312,1787512195.9267468
192,191,p1,turn,10.850217819213867,1787512195.9504983
192,514,p1,selection,87.40657806396484,1787512195.9557753
192,515,p1,selection,85.37664794921875,1787512195.9606884
192,516,p1,selection,88.42724609375,1787512195.9657285
192,191,p2,turn,14.665063858032227,1787512195.980843
192,514,p2,selection,98.24208068847656,1787512195.9858432
192,515,p2,selection,89.8271484375,1787512195.9905589
192,516,p2,selection,91.412353515625,1787512195.9952168
193,192,p1,turn,11.74505615234375,1787512196.021842
193,517,p1,selection,85.41504669189453,1787512196.026416
193,518,p1,selection,89.2718505859375,1787512196.0308993
193,519,p1,selection,92.24752044677734,1787512196.0355315
193,192,p2,turn,15.284261703491211,1787512196.050955
193,517,p2,selection,91.84014129638672,1787512196.0556078
193,518,p2,selection,84.10945129394531,1787512196.0597444
193,519,p2,selection,94.6509017944336,1787512196.0644536
194,193,p1,turn,12.709959030151367,1787512196.098017
194,520,p1,selection,86.17047882080078,1787512196.102885
194,521,p1,selection,89.26360321044922,1787512196.1069775
194,522,p1,selection,87.42986297607422,1787512196.1108954
194,193,p2,turn,9.750320434570312,1787512196.1256533
194,520,p2,selection,93.47567749023438,1787512196.131048
194,521,p2,selection,88.02143859863281,1787512196.1368487
194,522,p2,selection,82.6279296875,1787512196.142955
195,194,p1,turn,7.763338565826416,1787512196.1756713
195,523,p1,selection,85.96477508544922,1787512196.1818998
195,524,p1,selection,89.505615234375,1787512196.1874077
195,525,p1,selection,88.28874969482422,1787512196.1933618
195,194,p2,turn,14.749866485595703,1787512196.208822
195,523,p2,selection,84.50096130371094,1787512196.2131798
195,524,p2,selection,92.69831085205078,1787512196.2173822
195,525,p2,selection,92.9903564453125,1787512196.2233949
196,195,p1,turn,14.553205490112305,1787512196.2472613
196,526,p1,selection,83.02079772949219,1787512196.2521043
196,527,p1,selection,84.31104278564453,1787512196.257206
196,528,p1,selection,88.8050308227539,1787512196.2623403
196,195,p2,turn,12.871332168579102,1787512196.277368
196,526,p2,selection,87.71533966064453,1787512196.282316
196,527,p2,selection,92.92731475830078,1787512196.2875717
196,528,p2,selection,87.21920776367188,1787512196.2926965
197,196,p1,turn,14.818170547485352,1787512196.325113
197,529,p1,selection,93.78903198242188,1787512196.329953
197,530,p1,selection,89.54859924316406,1787512196.3341696
197,531,p1,selection,88.9732666015625,1787512196.3386147
197,196,p2,turn,12.999982833862305,1787512196.3512678
197,529,p2,selection,88.50154876708984,1787512196.3560023
197,530,p2,selection,87.13494110107422,1787512196.360078
197,531,p2,selection,95.7520523071289,1787512196.3643591
198,197,p1,turn,13.45481014251709,1787512196.3904004
198,532,p1,selection,89.69349670410156,1787512196.3966484
198,533,p1,selection,88.2967300415039,1787512196.404191
198,534,p1,selection,88.12809753417969,1787512196.4100544
198,197,p2,turn,10.519675254821777,1787512196.426378
198,532,p2,selection,96.791748046875,1787512196.4312267
198,533,p2,selection,91.92630004882812,1787512196.4378083
198,534,p2,selection,91.99848937988281,1787512196.4435315
199,198,p1,turn,14.605164527893066,1787512196.4994423
199,535,p1,selection,88.05503845214844,1787512196.5049956
199,536,p1,selection,82.5707015991211,1787512196.5104156
199,537,p1,selection,91.18122100830078,1787512196.516204
199,198,p2,turn,20.660289764404297,1787512196.5331857
199,535,p2,selection,92.30119323730469,1787512196.5406508
199,536,p2,selection,83.31517791748047,1787512196.5470436
199,537,p2,selection,93.67716217041016,1787512196.5536585
200,199,p1,turn,16.048192977905273,1787512196.5923362
200,538,p1,selection,84.92098999023438,1787512196.598149
200,539,p1,selection,87.2213363647461,1787512196.6039662
200,540,p1,selection,89.4299087524414,1787512196.6092424
200,199,p2,turn,22.388019561767578,1787512196.6251912
200,538,p2,selection,89.49712371826172,1787512196.6300046
200,539,p2,selection,85.29147338867188,1787512196.635782
200,540,p2,selection,86.11363220214844,1787512196.6414223
201,200,p1,turn,9.946781158447266,1787512196.6662333
201,541,p1,selection,84.4952392578125,1787512196.6728878
201,542,p1,selection,87.52171325683594,1787512196.678436
201,543,p1,selection,86.89596557617188,1787512196.6837099
201,200,p2,turn,14.997840881347656,1787512196.700629
201,541,p2,selection,88.60173797607422,1787512196.7073298
201,542,p2,selection,87.80523681640625,1787512196.7136617
201,543,p2,selection,89.99860382080078,1787512196.7220988
202,201,p1,turn,13.226123809814453,1787512196.7599006
202,544,p1,selection,87.53060913085938,1787512196.7643714
202,545,p1,selection,88.696533203125,1787512196.770425
202,546,p1,selection,88.22239685058594,1787512196.7759137
202,201,p2,turn,13.748451232910156,1787512196.795516
202,544,p2,selection,90.07170867919922,1787512196.8016663
202,545,p2,selection,87.37224578857422,1787512196.8080728
202,546,p2,selection,77.96257781982422,1787512196.8147488
203,202,p1,turn,10.222574234008789,1787512196.847563
203,547,p1,selection,82.75154876708984,1787512196.8541758
203,548,p1,selection,88.79214477539062,1787512196.8595564
203,549,p1,selection,84.72055053710938,1787512196.8641202
203,202,p2,turn,17.014362335205078,1787512196.8821857
203,547,p2,selection,84.47434997558594,1787512196.8888311
203,548,p2,selection,78.42405700683594,1787512196.895716
203,549,p2,selection,78.90319061279297,1787512196.901472
204,203,p1,turn,17.477293014526367,1787512196.929019
204,550,p1,selection,83.5191650390625,1787512196.9351964
204,551,p1,selection,83.07192993164062,1787512196.9408627
204,552,p1,selection,87.2336196899414,1787512196.947682
204,203,p2,turn,15.312440872192383,1787512196.9635599
204,550,p2,selection,82.53720092773438,1787512196.9696717
204,551,p2,selection,84.31787872314453,1787512196.9749403
204,552,p2,selection,76.51921844482422,1787512196.9799275
205,204,p1,turn,12.492351531982422,1787512197.0041718
205,553,p1,selection,87.37968444824219,1787512197.009304
205,554,p1,selection,85.27932739257812,1787512197.0144613
205,555,p1,selection,87.25608825683594,1787512197.019708
205,204,p2,turn,11.856708526611328,1787512197.0359995
205,553,p2,selection,92.0279541015625,1787512197.0405881
205,554,p2,selection,85.49262237548828,1787512197.0454514
205,555,p2,selection,87.94917297363281,1787512197.0500379
206,205,p1,turn,15.3075532913208,1787512197.0715082
206,556,p1,selection,92.89988708496094,1787512197.0765204
206,557,p1,selection,87.46150970458984,1787512197.081564
206,558,p1,selection,88.90664672851562,1787512197.0867465
206,205,p2,turn,15.885152816772461,1787512197.1018186
206,556,p2,selection,81.99356842041016,1787512197.1067095
206,557,p2,selection,86.91259765625,1787512197.1116412
206,558,p2,selection,86.5218276977539,1787512197.1168506
207,206,p1,turn,16.020671844482422,1787512197.1429029
207,559,p1,selection,84.7469482421875,1787512197.149197
207,560,p1,selection,88.38416290283203,1787512197.1560614
207,561,p1,selection,83.47598266601562,1787512197.162254
207,206,p2,turn,14.233722686767578,1787512197.1817675
207,559,p2,selection,91.70550537109375,1787512197.1864367
207,560,p2,selection,96.99266052246094,1787512197.1907907
207,561,p2,selection,84.95207214355469,1787512197.1957338
208,207,p1,turn,19.235645294189453,1787512197.2291963
208,562,p1,selection,85.16706085205078,1787512197.234208
208,563,p1,selection,87.98330688476562,1787512197.239464
208,564,p1,selection,84.84788513183594,1787512197.2442322
208,207,p2,turn,18.581268310546875,1787512197.257648
208,562,p2,selection,80.78075408935547,1787512197.2614713
208,563,p2,selection,90.2373275756836,1787512197.2652707
208,564,p2,selection,79.48060607910156,1787512197.2701514
209,208,p1,turn,16.255699157714844,1787512197.2970479
209,565,p1,selection,80.76171875,1787512197.3013718
209,566,p1,selection,90.59358978271484,1787512197.305599
209,567,p1,selection,84.40629577636719,1787512197.309387
209,208,p2,turn,12.72313117980957,1787512197.3216593
209,565,p2,selection,88.1656723022461,1787512197.3254287
209,566,p2,selection,83.28732299804688,1787512197.3291893
209,567,p2,selection,86.35791778564453,1787512197.3330564
210,209,p1,turn,14.239334106445312,1787512197.3590345
210,568,p1,selection,83.04911041259766,1787512197.3628414
210,569,p1,selection,93.45897674560547,1787512197.3686316
210,570,p1,selection,83.81452178955078,1787512197.3743262
210,209,p2,turn,14.449911117553711,1787512197.3894768
210,568,p2,selection,85.46531677246094,1787512197.3949265
210,569,p2,selection,82.85663604736328,1787512197.3998961
210,570,p2,selection,81.07054901123047,1787512197.4048803
211,210,p1,turn,13.574796676635742,1787512197.4241915
211,571,p1,selection,85.07952117919922,1787512197.428469
211,572,p1,selection,87.3379135131836,1787512197.432415
211,573,p1,selection,88.31101989746094,1787512197.4366324
211,210,p2,turn,16.841218948364258,1787512197.4481273
211,571,p2,selection,84.81547546386719,1787512197.4525993
211,572,p2,selection,79.51762390136719,1787512197.456585
211,573,p2,selection,95.31441497802734,1787512197.4604645
212,211,p1,turn,16.840299606323242,1787512197.4849412
212,574,p1,selection,85.96525573730469,1787512197.489104
212,575,p1,selection,87.46780395507812,1787512197.4930995
212,576,p1,selection,91.65028381347656,1787512197.49706
212,211,p2,turn,17.69461441040039,1787512197.5093915
212,574,p2,selection,81.09815979003906,1787512197.5133808
212,575,p2,selection,84.0877685546875,1787512197.5174046
212,576,p2,selection,86.67668151855469,1787512197.5214744
213,212,p1,turn,12.48927116394043,1787512197.542743
213,577,p1,selection,86.08509826660156,1787512197.5464122
213,578,p1,selection,89.88578796386719,1787512197.5500064
213,579,p1,selection,87.70291137695312,1787512197.5543697
213,212,p2,turn,14.328417778015137,1787512197.5653582
213,577,p2,selection,85.39079284667969,1787512197.5691333
213,578,p2,selection,80.56063079833984,1787512197.5728784
213,579,p2,selection,94.5714111328125,1787512197.5764787
214,213,p1,turn,13.681554794311523,1787512197.5970654
214,580,p1,selection,84.469482421875,1787512197.600678
214,581,p1,selection,88.4992904663086,1787512197.604942
214,582,p1,selection,86.994140625,1787512197.6086023
214,213,p2,turn,13.66245174407959,1787512197.6197443
214,580,p2,selection,88.47112274169922,1787512197.6235223
214,581,p2,selection,84.8584213256836,1787512197.6271567
214,582,p2,selection,91.5867919921875,1787512197.6307313
215,214,p1,turn,10.504399299621582,1787512197.6511958
215,583,p1,selection,84.46830749511719,1787512197.655444
215,584,p1,selection,87.28398132324219,1787512197.659133
215,585,p1,selection,89.3388442993164,1787512197.6628315
215,214,p2,turn,12.096620559692383,1787512197.6743786
215,583,p2,selection,90.6158218383789,1787512197.6779923
215,584,p2,selection,88.18440246582031,1787512197.6817343
215,585,p2,selection,85.7840805053711,1787512197.685745
216,215,p1,turn,10.878303527832031,1787512197.7080944
216,586,p1,selection,84.76969909667969,1787512197.71294
216,587,p1,selection,90.7447280883789,1787512197.7180576
216,588,p1,selection,85.92630767822266,1787512197.7230902
216,215,p2,turn,13.051576614379883,1787512197.7354326
216,586,p2,selection,87.44654846191406,1787512197.7404032
216,587,p2,selection,84.26940155029297,1787512197.7451355
216,588,p2,selection,81.97465515136719,1787512197.7497628
217,216,p1,turn,8.432466506958008,1787512197.7725127
217,589,p1,selection,86.33856201171875,1787512197.7770305
217,590,p1,selection,87.42268371582031,1787512197.78145
217,591,p1,selection,84.95166015625,1787512197.7859397
217,216,p2,turn,16.35004234313965,1787512197.7969909
217,589,p2,selection,90.33421325683594,1787512197.8006592
217,590,p2,selection,82.01567840576172,1787512197.8046942
217,591,p2,selection,87.83454895019531,1787512197.8084064
218,217,p1,turn,11.934026718139648,1787512197.8290253
218,592,p1,selection,90.79490661621094,1787512197.8326862
218,593,p1,selection,83.4830093383789,1787512197.8366184
218,594,p1,selection,82.08096313476562,1787512197.8405917
218,217,p2,turn,16.492908477783203,1787512197.8527126
218,592,p2,selection,96.56681823730469,1787512197.8566694
218,593,p2,selection,84.09715270996094,1787512197.8604674
218,594,p2,selection,76.13509368896484,1787512197.8642478
219,218,p1,turn,14.256599426269531,1787512197.8903666
219,595,p1,selection,88.63590240478516,1787512197.8943892
219,596,p1,selection,81.51799774169922,1787512197.8983061
219,597,p1,selection,83.98881530761719,1787512197.9026487
219,218,p2,turn,18.331432342529297,1787512197.9144301
219,595,p2,selection,82.34546661376953,1787512197.9188344
219,596,p2,selection,86.24368286132812,1787512197.9228623
219,597,p2,selection,92.99978637695312,1787512197.92658
220,219,p1,turn,11.118049621582031,1787512197.9538202
220,598,p1,selection,88.30432891845703,1787512197.9575648
220,599,p1,selection,86.42931365966797,1787512197.9612112
220,600,p1,selection,87.52012634277344,1787512197.965067
220,219,p2,turn,8.580995559692383,1787512197.976913
220,598,p2,selection,81.69452667236328,1787512197.9805672
220,599,p2,selection,83.39643859863281,1787512197.9842227
220,600,p2,selection,83.350341796875,1787512197.9884105
221,220,p1,turn,9.626946449279785,1787512198.0128922
221,601,p1,selection,82.8416748046875,1787512198.017282
221,602,p1,selection,87.39091491699219,1787512198.0218618
221,603,p1,selection,86.85163879394531,1787512198.0262322
221,220,p2,turn,11.612503051757812,1787512198.040372
221,601,p2,selection,94.29764556884766,1787512198.0450006
221,602,p2,selection,91.19680786132812,1787512198.0492682
221,603,p2,selection,87.73310089111328,1787512198.052991
222,221,p1,turn,15.21554946899414,1787512198.0723896
222,604,p1,selection,84.12132263183594,1787512198.0760796
222,605,p1,selection,92.20753479003906,1787512198.0796769
222,606,p1,selection,89.2155532836914,1787512198.0832653
222,221,p2,turn,11.870271682739258,1787512198.0945635
222,604,p2,selection,89.20398712158203,1787512198.0981402
222,605,p2,selection,81.36113739013672,1787512198.1019602
222,606,p2,selection,82.15453338623047,1787512198.1059833
223,222,p1,turn,19.380203247070312,1787512198.1219695
223,607,p1,selection,84.37457275390625,1787512198.1256223
223,608,p1,selection,87.72300720214844,1787512198.1291845
223,609,p1,selection,87.36431884765625,1787512198.132977
223,222,p2,turn,14.027706146240234,1787512198.143834
223,607,p2,selection,82.14362335205078,1787512198.147526
223,608,p2,selection,87.28543853759766,1787512198.151434
223,609,p2,selection,86.99337768554688,1787512198.1555634
224,223,p1,turn,8.299478530883789,1787512198.1813962
224,610,p1,selection,85.74140167236328,1787512198.1861339
224,611,p1,selection,96.36384582519531,1787512198.1908448
224,612,p1,selection,78.08263397216797,1787512198.195384
224,223,p2,turn,18.173200607299805,1787512198.209501
224,610,p2,selection,84.267578125,1787512198.214058
224,611,p2,selection,76.73284912109375,1787512198.2189043
224,612,p2,selection,85.07209014892578,1787512198.2235096
225,224,p1,turn,14.997776985168457,1787512198.2483194
225,613,p1,selection,90.7017593383789,1787512198.2525666
225,614,p1,selection,84.91443634033203,1787512198.2567897
225,615,p1,selection,85.44450378417969,1787512198.2606297
225,224,p2,turn,16.183279037475586,1787512198.2721612
225,613,p2,selection,76.59718322753906,1787512198.275981
225,614,p2,selection,87.97679138183594,1787512198.2798388
225,615,p2,selection,87.87400817871094,1787512198.2838156
226,225,p1,turn,8.982194900512695,1787512198.3095844
226,616,p1,selection,86.56892395019531,1787512198.31325
226,617,p1,selection,83.77340698242188,1787512198.3170657
226,618,p1,selection,86.95944213867188,1787512198.3210096
226,225,p2,turn,17.535898208618164,1787512198.3326042
226,616,p2,selection,87.30622863769531,1787512198.3364441
226,617,p2,selection,80.59661102294922,1787512198.3405018
226,618,p2,selection,93.85313415527344,1787512198.3442354
227,226,p1,turn,14.081491470336914,1787512198.3631988
227,619,p1,selection,87.1441650390625,1787512198.3669865
227,620,p1,selection,91.2039566040039,1787512198.3708634
227,621,p1,selection,84.86561584472656,1787512198.3746376
227,226,p2,turn,14.322652816772461,1787512198.3859355
227,619,p2,selection,95.68397521972656,1787512198.389732
227,620,p2,selection,88.21370697021484,1787512198.3934119
227,621,p2,selection,87.26569366455078,1787512198.3972833
228,227,p1,turn,14.54953670501709,1787512198.4162507
228,622,p1,selection,86.88471984863281,1787512198.4219863
228,623,p1,selection,93.84053802490234,1787512198.4260597
228,624,p1,selection,84.46018981933594,1787512198.4302363
228,227,p2,turn,9.970986366271973,1787512198.4429162
228,622,p2,selection,92.36351013183594,1787512198.4468992
228,623,p2,selection,87.76744842529297,1787512198.4510434
228,624,p2,selection,82.96866607666016,1787512198.4552104
229,228,p1,turn,15.823387145996094,1787512198.478495
229,625,p1,selection,84.7351303100586,1787512198.4827316
229,626,p1,selection,83.88227844238281,1787512198.4875515
229,627,p1,selection,85.1763916015625,1787512198.4926658
229,228,p2,turn,15.446968078613281,1787512198.5077791
229,625,p2,selection,83.87725830078125,1787512198.5129502
229,626,p2,selection,97.97026824951172,1787512198.518009
229,627,p2,selection,93.33616638183594,1787512198.5232697
230,229,p1,turn,21.081438064575195,1787512198.549826
230,628,p1,selection,87.70941162109375,1787512198.5544958
230,629,p1,selection,90.21033477783203,1787512198.5586944
230,630,p1,selection,91.50260162353516,1787512198.562671
230,229,p2,turn,11.593304634094238,1787512198.57558
230,628,p2,selection,83.0938720703125,1787512198.579939
230,629,p2,selection,84.57647705078125,1787512198.5845733
230,630,p2,selection,94.88264465332031,1787512198.588836
231,230,p1,turn,14.610431671142578,1787512198.6068387
231,631,p1,selection,82.96856689453125,1787512198.6119514
231,632,p1,selection,87.71054077148438,1787512198.616894
231,633,p1,selection,80.50918579101562,1787512198.6211984
231,230,p2,turn,20.242164611816406,1787512198.634293
231,631,p2,selection,76.95636749267578,1787512198.6401448
231,632,p2,selection,85.51121520996094,1787512198.644314
231,633,p2,selection,84.51254272460938,1787512198.6486092
232,231,p1,turn,13.23910140991211,1787512198.6765587
232,634,p1,selection,83.34431457519531,1787512198.6808562
232,635,p1,selection,86.3581314086914,1787512198.685314
232,636,p1,selection,86.73226928710938,1787512198.6897025
232,231,p2,turn,13.860902786254883,1787512198.702716
232,634,p2,selection,86.09194946289062,1787512198.7076948
232,635,p2,selection,78.29229736328125,1787512198.7123222
232,636,p2,selection,92.22599029541016,1787512198.7171745
233,232,p1,turn,16.447946548461914,1787512198.7527516
233,637,p1,selection,84.3802490234375,1787512198.7575293
233,638,p1,selection,85.03412628173828,1787512198.7631245
233,639,p1,selection,86.8343734741211,1787512198.76871
233,232,p2,turn,17.02455711364746,1787512198.7854211
233,637,p2,selection,86.68563079833984,1787512198.7904599
233,638,p2,selection,87.1730728149414,1787512198.7954147
233,639,p2,selection,87.48353576660156,1787512198.8002293
234,233,p1,turn,13.821629524230957,1787512198.8230157
234,640,p1,selection,82.34956359863281,1787512198.827179
234,641,p1,selection,88.17072296142578,1787512198.8321898
234,642,p1,selection,85.00283813476562,1787512198.8381903
234,233,p2,turn,18.102155685424805,1787512198.854924
234,640,p2,selection,87.10871124267578,1787512198.85898
234,641,p2,selection,80.84046173095703,1787512198.8650913
234,642,p2,selection,92.73155975341797,1787512198.8710904
235,234,p1,turn,11.647400856018066,1787512198.8958783
235,643,p1,selection,81.48725128173828,1787512198.9005654
235,644,p1,selection,87.65499877929688,1787512198.9049184
235,645,p1,selection,87.10074615478516,1787512198.908899
235,234,p2,turn,14.072278022766113,1787512198.9207451
235,643,p2,selection,92.64259338378906,1787512198.924846
235,644,p2,selection,80.15165710449219,1787512198.9287484
235,645,p2,selection,95.2785873413086,1787512198.9327524
236,235,p1,turn,17.42137336730957,1787512198.9562943
236,646,p1,selection,84.3294677734375,1787512198.96032
236,647,p1,selection,83.63328552246094,1787512198.964317
236,648,p1,selection,86.34539031982422,1787512198.968295
236,235,p2,turn,11.09605598449707,1787512198.980416
236,646,p2,selection,100.89054870605469,1787512198.9845295
236,647,p2,selection,84.9884262084961,1787512198.9886858
236,648,p2,selection,87.15840148925781,1787512198.9925046
237,236,p1,turn,16.51774787902832,1787512199.0235465
237,649,p1,selection,82.15943908691406,1787512199.0281646
237,650,p1,selection,81.86663818359375,1787512199.0329888
237,651,p1,selection,83.92383575439453,1787512199.0377495
237,236,p2,turn,10.909667015075684,1787512199.0510545
237,649,p2,selection,79.31674194335938,1787512199.05575
237,650,p2,selection,99.6239242553711,1787512199.0606039
237,651,p2,selection,84.02997589111328,1787512199.065056
238,237,p1,turn,16.75998306274414,1787512199.0890636
238,652,p1,selection,89.46094512939453,1787512199.0937247
238,653,p1,selection,85.7431411743164,1787512199.0982628
238,654,p1,selection,92.56903076171875,1787512199.1029756
238,237,p2,turn,12.474156379699707,1787512199.1171129
238,652,p2,selection,89.89521789550781,1787512199.1213417
238,653,p2,selection,82.01921081542969,1787512199.1253102
238,654,p2,selection,87.03946685791016,1787512199.1291702
239,238,p1,turn,11.49638843536377,1787512199.154733
239,655,p1,selection,80.7242431640625,1787512199.1587667
239,656,p1,selection,84.56914520263672,1787512199.1627576
239,657,p1,selection,83.79181671142578,1787512199.166705
239,238,p2,turn,14.04013442993164,1787512199.179112
239,655,p2,selection,90.91014862060547,1787512199.1834943
239,656,p2,selection,93.75801086425781,1787512199.1881967
239,657,p2,selection,100.85065460205078,1787512199.1926637
240,239,p1,turn,14.358582496643066,1787512199.2209158
240,658,p1,selection,87.8069839477539,1787512199.2247066
240,659,p1,selection,85.91923522949219,1787512199.2282522
240,660,p1,selection,86.28041076660156,1787512199.2320368
240,239,p2,turn,13.474600791931152,1787512199.244267
240,658,p2,selection,89.90941619873047,1787512199.2487516
240,659,p2,selection,91.74390411376953,1787512199.2531078
240,660,p2,selection,84.49684143066406,1787512199.2568922
241,240,p1,turn,8.366304397583008,1787512199.2754123
241,661,p1,selection,87.95223236083984,1787512199.279193
241,662,p1,selection,84.9822998046875,1787512199.2829092
241,663,p1,selection,87.74935150146484,1787512199.2867696
241,240,p2,turn,8.24135971069336,1787512199.298599
241,661,p2,selection,93.9901351928711,1787512199.3027635
241,662,p2,selection,86.29338073730469,1787512199.306574
241,663,p2,selection,78.5477294921875,1787512199.3103292
242,241,p1,turn,15.297343254089355,1787512199.3347108
242,664,p1,selection,91.32743835449219,1787512199.3385477
242,665,p1,selection,85.89860534667969,1787512199.342238
242,666,p1,selection,88.31021881103516,1787512199.3458943
242,241,p2,turn,10.468578338623047,1787512199.3577473
242,664,p2,selection,78.56375122070312,1787512199.3614552
242,665,p2,selection,88.46865844726562,1787512199.3656406
242,666,p2,selection,90.82305908203125,1787512199.369549
243,242,p1,turn,9.632888793945312,1787512199.3965268
243,667,p1,selection,80.1060562133789,1787512199.4002283
243,668,p1,selection,80.72632598876953,1787512199.4041386
243,669,p1,selection,82.6458740234375,1787512199.4078977
243,242,p2,turn,14.54050064086914,1787512199.419725
243,667,p2,selection,98.25066375732422,1787512199.4235241
243,668,p2,selection,90.07185363769531,1787512199.42724
243,669,p2,selection,89.01720428466797,1787512199.430988
244,243,p1,turn,13.308307647705078,1787512199.4493096
244,670,p1,selection,83.24492645263672,1787512199.4539247
244,671,p1,selection,83.41787719726562,1787512199.4584632
244,672,p1,selection,83.98544311523438,1787512199.463489
244,243,p2,turn,15.716552734375,1787512199.4752195
244,670,p2,selection,87.01164245605469,1787512199.4788978
244,671,p2,selection,88.9742431640625,1787512199.4824905
244,672,p2,selection,85.47181701660156,1787512199.4864922
245,244,p1,turn,13.698558807373047,1787512199.5117068
245,673,p1,selection,87.59522247314453,1787512199.516144
245,674,p1,selection,88.18394470214844,1787512199.5207925
245,675,p1,selection,87.22007751464844,1787512199.5254576
245,244,p2,turn,13.841026306152344,1787512199.5394986
245,673,p2,selection,91.49535369873047,1787512199.5431402
245,674,p2,selection,77.91232299804688,1787512199.5468125
245,675,p2,selection,94.94023132324219,1787512199.5504243
246,245,p1,turn,15.835628509521484,1787512199.5675623
246,676,p1,selection,82.32920837402344,1787512199.5716527
246,677,p1,selection,84.17620086669922,1787512199.5754058
246,678,p1,selection,89.49118041992188,1787512199.5790534
246,245,p2,turn,10.553712844848633,1787512199.590474
246,676,p2,selection,94.40596771240234,1787512199.594365
246,677,p2,selection,90.456298828125,1787512199.5980678
246,678,p2,selection,94.76144409179688,1787512199.602129
247,246,p1,turn,15.881932258605957,1787512199.624415
247,679,p1,selection,82.73054504394531,1787512199.6281018
247,680,p1,selection,79.72090911865234,1787512199.6317239
247,681,p1,selection,82.98892211914062,1787512199.6356585
247,246,p2,turn,12.710409164428711,1787512199.6467378
247,679,p2,selection,89.07044219970703,1787512199.6503732
247,680,p2,selection,80.47080993652344,1787512199.654344
247,681,p2,selection,98.65602111816406,1787512199.6579494
248,247,p1,turn,12.150952339172363,1787512199.6752965
248,682,p1,selection,84.09000396728516,1787512199.6788964
248,683,p1,selection,87.73139953613281,1787512199.6825607
248,684,p1,selection,88.10218048095703,1787512199.6863155
248,247,p2,turn,10.982636451721191,1787512199.69753
248,682,p2,selection,96.3021240234375,1787512199.7012196
248,683,p2,selection,93.44462585449219,1787512199.7050343
248,684,p2,selection,84.23687744140625,1787512199.7086065
249,248,p1,turn,14.949445724487305,1787512199.7319794
249,685,p1,selection,83.91252136230469,1787512199.7359855
249,686,p1,selection,82.98066711425781,1787512199.739728
249,687,p1,selection,77.52349853515625,1787512199.7434158
249,248,p2,turn,18.611141204833984,1787512199.7549746
249,685,p2,selection,78.68340301513672,1787512199.7586958
249,686,p2,selection,88.9873046875,1787512199.762368
249,687,p2,selection,84.30241394042969,1787512199.765991
250,249,p1,turn,16.786693572998047,1787512199.7834525
250,688,p1,selection,85.23577117919922,1787512199.7875667
250,689,p1,selection,80.3505630493164,1787512199.7916281
250,690,p1,selection,85.71050262451172,1787512199.7952833
250,249,p2,turn,10.567588806152344,1787512199.8068802
250,688,p2,selection,88.006591796875,1787512199.8106074
250,689,p2,selection,96.93714141845703,1787512199.8143127
250,690,p2,selection,87.94731903076172,1787512199.818066
251,250,p1,turn,16.454425811767578,1787512199.8407269
251,691,p1,selection,87.82846069335938,1787512199.8453312
251,692,p1,selection,86.17633819580078,1787512199.850276
251,693,p1,selection,81.73757934570312,1787512199.8552809
251,250,p2,turn,11.894947052001953,1787512199.8711557
251,691,p2,selection,92.10252380371094,1787512199.875075
251,692,p2,selection,97.3047103881836,1787512199.8787556
251,693,p2,selection,83.23259735107422,1787512199.8823829
252,251,p1,turn,13.257092475891113,1787512199.9097497
252,694,p1,selection,85.30667114257812,1787512199.9134107
252,695,p1,selection,81.67591094970703,1787512199.9169433
252,696,p1,selection,85.33036804199219,1787512199.920901
252,251,p2,turn,13.56835651397705,1787512199.9321053
252,694,p2,selection,78.83765411376953,1787512199.9364865
252,695,p2,selection,97.36613464355469,1787512199.9409857
252,696,p2,selection,81.66957092285156,1787512199.945211
253,252,p1,turn,19.178791046142578,1787512199.9669847
253,697,p1,selection,83.86628723144531,1787512199.9708662
253,698,p1,selection,85.83322143554688,1787512199.9745796
253,699,p1,selection,81.5052490234375,1787512199.9782052
253,252,p2,turn,11.6842622756958,1787512199.9895031
253,697,p2,selection,99.35646057128906,1787512199.9930925
253,698,p2,selection,90.23832702636719,1787512199.9967206
253,699,p2,selection,96.54901885986328,1787512200.0030897
254,253,p1,turn,16.06622314453125,1787512200.026111
254,700,p1,selection,84.58793640136719,1787512200.0302162
254,701,p1,selection,79.54312133789062,1787512200.033984
254,702,p1,selection,81.75541687011719,1787512200.0379825
254,253,p2,turn,13.946468353271484,1787512200.049296
254,700,p2,selection,97.70407104492188,1787512200.0533104
254,701,p2,selection,87.47493743896484,1787512200.0571654
254,702,p2,selection,95.88469696044922,1787512200.0608528
255,254,p1,turn,11.73814868927002,1787512200.0869067
255,703,p1,selection,84.61897277832031,1787512200.090631
255,704,p1,selection,82.70906066894531,1787512200.094392
255,705,p1,selection,87.60639953613281,1787512200.0980427
255,254,p2,turn,15.694007873535156,1787512200.109712
255,703,p2,selection,93.87105560302734,1787512200.1134226
255,704,p2,selection,86.67811584472656,1787512200.1170642
255,705,p2,selection,90.09944915771484,1787512200.1210032
256,255,p1,turn,8.632184028625488,1787512200.1378224
256,706,p1,selection,80.80340576171875,1787512200.1416152
256,707,p1,selection,83.36465454101562,1787512200.1452262
256,708,p1,selection,81.54643249511719,1787512200.1488545
256,255,p2,turn,9.7920560836792,1787512200.1601915
256,706,p2,selection,89.83000946044922,1787512200.1638293
256,707,p2,selection,76.37574005126953,1787512200.1674302
256,708,p2,selection,89.87649536132812,1787512200.1713521
257,256,p1,turn,10.347329139709473,1787512200.1970363
257,709,p1,selection,89.5517807006836,1787512200.201607
257,710,p1,selection,83.6504135131836,1787512200.2054038
257,711,p1,selection,86.04985046386719,1787512200.2090394
257,256,p2,turn,12.422781944274902,1787512200.221012
257,709,p2,selection,88.53136444091797,1787512200.2248578
257,710,p2,selection,87.10294342041016,1787512200.228619
257,711,p2,selection,81.8005599975586,1787512200.232378
258,257,p1,turn,11.871787071228027,1787512200.2530298
258,712,p1,selection,80.65179443359375,1787512200.257523
258,713,p1,selection,87.52432250976562,1787512200.2613273
258,714,p1,selection,84.83924865722656,1787512200.265151
258,257,p2,turn,8.253082275390625,1787512200.2782173
258,712,p2,selection,77.3896713256836,1787512200.2821486
258,713,p2,selection,78.90531158447266,1787512200.2862687
258,714,p2,selection,93.82225799560547,1787512200.2901945
259,258,p1,turn,13.601120948791504,1787512200.3110418
259,715,p1,selection,85.92872619628906,1787512200.3147688
259,716,p1,selection,84.75247192382812,1787512200.3188856
259,717,p1,selection,83.88359069824219,1787512200.3227284
259,258,p2,turn,17.315839767456055,1787512200.3347611
259,715,p2,selection,74.63484191894531,1787512200.3391752
259,716,p2,selection,89.13211059570312,1787512200.3429508
259,717,p2,selection,102.00527954101562,1787512200.3466856
260,259,p1,turn,10.330377578735352,1787512200.3715603
260,718,p1,selection,82.39556884765625,1787512200.3755114
260,719,p1,selection,88.65067291259766,1787512200.3802993
260,720,p1,selection,87.35377502441406,1787512200.3856936
260,259,p2,turn,16.626888275146484,1787512200.4013712
260,718,p2,selection,88.79603576660156,1787512200.4059536
260,719,p2,selection,91.43109893798828,1787512200.4101236
260,720,p2,selection,91.64783477783203,1787512200.4143326
261,260,p1,turn,13.335132598876953,1787512200.4397757
261,721,p1,selection,86.02618408203125,1787512200.444943
261,722,p1,selection,83.74195861816406,1787512200.4502904
261,723,p1,selection,85.11822509765625,1787512200.4556527
261,260,p2,turn,18.444284439086914,1787512200.4714367
261,721,p2,selection,92.21748352050781,1787512200.476639
261,722,p2,selection,98.46846008300781,1787512200.4817686
261,723,p2,selection,90.40364074707031,1787512200.4871836
262,261,p1,turn,13.644594192504883,1787512200.5313551
262,724,p1,selection,86.6855239868164,1787512200.5372396
262,725,p1,selection,84.11721801757812,1787512200.542861
262,726,p1,selection,78.55345153808594,1787512200.5482054
262,261,p2,turn,16.527942657470703,1787512200.563568
262,724,p2,selection,78.5002212524414,1787512200.5689733
262,725,p2,selection,81.27352142333984,1787512200.5747008
262,726,p2,selection,90.1414794921875,1787512200.5805864
263,262,p1,turn,10.784839630126953,1787512200.6086283
263,727,p1,selection,81.53971862792969,1787512200.613167
263,728,p1,selection,84.60803985595703,1787512200.6178057
263,729,p1,selection,79.18104553222656,1787512200.6229668
263,262,p2,turn,12.836922645568848,1787512200.6356335
263,727,p2,selection,82.5095443725586,1787512200.6407552
263,728,p2,selection,91.17936706542969,1787512200.645663
263,729,p2,selection,87.07209777832031,1787512200.650522
264,263,p1,turn,10.545592308044434,1787512200.6748304
264,730,p1,selection,84.73213958740234,1787512200.678743
264,731,p1,selection,80.03382110595703,1787512200.6832964
264,732,p1,selection,83.86109924316406,1787512200.6878119
264,263,p2,turn,11.7188138961792,1787512200.701078
264,730,p2,selection,77.8467025756836,1787512200.705167
264,731,p2,selection,83.3277587890625,1787512200.7100048
264,732,p2,selection,97.44493865966797,1787512200.714437
265,264,p1,turn,15.238439559936523,1787512200.7452354
265,733,p1,selection,83.010009765625,1787512200.750639
265,734,p1,selection,78.58253479003906,1787512200.7547522
265,735,p1,selection,86.44882202148438,1787512200.7595763
265,264,p2,turn,9.583165168762207,1787512200.773601
265,733,p2,selection,83.62687683105469,1787512200.7776272
265,734,p2,selection,87.4023666381836,1787512200.781616
265,735,p2,selection,82.85090637207031,1787512200.7866817
266,265,p1,turn,12.907936096191406,1787512200.8114152
266,736,p1,selection,81.05880737304688,1787512200.8156703
266,737,p1,selection,80.21308898925781,1787512200.8199642
266,738,p1,selection,81.82821655273438,1787512200.825037
266,265,p2,turn,16.351741790771484,1787512200.8376064
266,736,p2,selection,92.34017944335938,1787512200.8424478
266,737,p2,selection,92.17040252685547,1787512200.8474996
266,738,p2,selection,83.09876251220703,1787512200.852661
267,266,p1,turn,13.518318176269531,1787512200.8732703
267,739,p1,selection,81.91014862060547,1787512200.877362
267,740,p1,selection,80.25973510742188,1787512200.8811848
267,741,p1,selection,78.55528259277344,1787512200.8853898
267,266,p2,turn,15.09199333190918,1787512200.8974755
267,739,p2,selection,96.56271362304688,1787512200.9016447
267,740,p2,selection,93.16580200195312,1787512200.9056776
267,741,p2,selection,91.39130401611328,1787512200.9097779
268,267,p1,turn,15.103991508483887,1787512200.9368691
268,742,p1,selection,84.28935241699219,1787512200.9415135
268,743,p1,selection,85.8681869506836,1787512200.945978
268,744,p1,selection,85.29452514648438,1787512200.9506655
268,267,p2,turn,9.029812812805176,1787512200.9644566
268,742,p2,selection,89.69088745117188,1787512200.9684396
268,743,p2,selection,84.06787872314453,1787512200.9723594
268,744,p2,selection,82.19512939453125,1787512200.9762378
269,268,p1,turn,16.285438537597656,1787512201.01405
269,745,p1,selection,87.2961196899414,1787512201.0178635
269,746,p1,selection,85.29771423339844,1787512201.022106
269,747,p1,selection,81.94091033935547,1787512201.026033
269,268,p2,turn,14.315290451049805,1787512201.0377626
269,745,p2,selection,88.17345428466797,1787512201.0417058
269,746,p2,selection,93.37732696533203,1787512201.045617
269,747,p2,selection,88.42347717285156,1787512201.0493515
270,269,p1,turn,15.929167747497559,1787512201.0766037
270,748,p1,selection,79.52080535888672,1787512201.0807698
270,749,p1,selection,82.34442138671875,1787512201.0859275
270,750,p1,selection,84.78544616699219,1787512201.0910504
270,269,p2,turn,12.186534881591797,1787512201.104952
270,748,p2,selection,87.70540618896484,1787512201.109712
270,749,p2,selection,91.72147369384766,1787512201.1148808
270,750,p2,selection,85.13999938964844,1787512201.1209612
271,270,p1,turn,9.232564926147461,1787512201.1630638
271,751,p1,selection,80.60944366455078,1787512201.1683614
271,752,p1,selection,82.62613677978516,1787512201.1734746
271,753,p1,selection,79.53752136230469,1787512201.17865
271,270,p2,turn,17.52159309387207,1787512201.1924906
271,751,p2,selection,91.45405578613281,1787512201.1964178
271,752,p2,selection,87.24627685546875,1787512201.200477
271,753,p2,selection,91.4792251586914,1787512201.2048779
272,271,p1,turn,11.380221366882324,1787512201.236987
272,754,p1,selection,81.08937072753906,1787512201.2411742
272,755,p1,selection,86.19139099121094,1787512201.245286
272,756,p1,selection,80.79202270507812,1787512201.2492807
272,271,p2,turn,13.448967933654785,1787512201.2611141
272,754,p2,selection,97.48395538330078,1787512201.2648947
272,755,p2,selection,85.3863754272461,1787512201.2688777
272,756,p2,selection,101.09895324707031,1787512201.2726722
273,272,p1,turn,9.08374309539795,1787512201.2980669
273,757,p1,selection,79.85230255126953,1787512201.302069
273,758,p1,selection,85.04212951660156,1787512201.30584
273,759,p1,selection,78.71774291992188,1787512201.309526
273,272,p2,turn,15.523879051208496,1787512201.3212306
273,757,p2,selection,86.41481018066406,1787512201.3249588
273,758,p2,selection,89.17613220214844,1787512201.3286235
273,759,p2,selection,95.71824645996094,1787512201.3322775
274,273,p1,turn,12.934246063232422,1787512201.354616
274,760,p1,selection,80.22310638427734,1787512201.3585489
274,761,p1,selection,81.89811706542969,1787512201.3633287
274,762,p1,selection,80.53272247314453,1787512201.3677654
274,273,p2,turn,15.828996658325195,1787512201.3818934
274,760,p2,selection,95.61778259277344,1787512201.386519
274,761,p2,selection,85.51527404785156,1787512201.3911095
274,762,p2,selection,89.2853775024414,1787512201.3954875
275,274,p1,turn,12.52978515625,1787512201.4163597
275,763,p1,selection,84.89847564697266,1787512201.420327
275,764,p1,selection,80.45156860351562,1787512201.4243436
275,765,p1,selection,75.17976379394531,1787512201.4280005
275,274,p2,turn,13.450216293334961,1787512201.4396968
275,763,p2,selection,95.52449035644531,1787512201.443346
275,764,p2,selection,83.7879867553711,1787512201.4469461
275,765,p2,selection,93.52151489257812,1787512201.4505875
276,275,p1,turn,17.21698570251465,1787512201.4692667
276,766,p1,selection,82.70413208007812,1787512201.4735882
276,767,p1,selection,77.66505432128906,1787512201.4772463
276,768,p1,selection,81.98883056640625,1787512201.4808776
276,275,p2,turn,20.989944458007812,1787512201.4924486
276,766,p2,selection,93.39379119873047,1787512201.496122
276,767,p2,selection,91.63360595703125,1787512201.4998026
276,768,p2,selection,89.62686157226562,1787512201.5036795
277,276,p1,turn,14.361040115356445,1787512201.5251644
277,769,p1,selection,80.79036712646484,1787512201.5289433
277,770,p1,selection,78.75543212890625,1787512201.5327833
277,771,p1,selection,82.6925277709961,1787512201.5368462
277,276,p2,turn,11.044321060180664,1787512201.5488114
277,769,p2,selection,87.69192504882812,1787512201.5527887
277,770,p2,selection,100.40533447265625,1787512201.5567493
277,771,p2,selection,92.51280975341797,1787512201.5605505
278,277,p1,turn,12.597496032714844,1787512201.5788956
278,772,p1,selection,75.45780944824219,1787512201.5827904
278,773,p1,selection,79.55689239501953,1787512201.5876837
278,774,p1,selection,85.021240234375,1787512201.5931957
278,277,p2,turn,12.878341674804688,1787512201.6066017
278,772,p2,selection,87.62297058105469,1787512201.6106331
278,773,p2,selection,100.93378448486328,1787512201.61451
278,774,p2,selection,81.51957702636719,1787512201.61837
279,278,p1,turn,9.588491439819336,1787512201.6406147
279,775,p1,selection,84.62104034423828,1787512201.6444001
279,776,p1,selection,77.41984558105469,1787512201.6481404
279,777,p1,selection,81.14717102050781,1787512201.6525428
279,278,p2,turn,14.142454147338867,1787512201.664599
279,775,p2,selection,82.92585754394531,1787512201.6684225
279,776,p2,selection,94.4033203125,1787512201.6723666
279,777,p2,selection,86.00410461425781,1787512201.677237
280,279,p1,turn,18.903615951538086,1787512201.706383
280,778,p1,selection,81.53704833984375,1787512201.7109542
280,779,p1,selection,79.66168212890625,1787512201.7154346
280,780,p1,selection,72.53829956054688,1787512201.7207758
280,279,p2,turn,12.60550308227539,1787512201.736712
280,778,p2,selection,83.19783020019531,1787512201.7412083
280,779,p2,selection,91.8405532836914,1787512201.74507
280,780,p2,selection,100.42232513427734,1787512201.7488832
281,280,p1,turn,19.405132293701172,1787512201.7721553
281,781,p1,selection,79.91841888427734,1787512201.77606
281,782,p1,selection,80.53877258300781,1787512201.7799299
281,783,p1,selection,79.33474731445312,1787512201.7840137
281,280,p2,turn,12.891528129577637,1787512201.796618
281,781,p2,selection,91.13909912109375,1787512201.8019178
281,782,p2,selection,81.48358917236328,1787512201.8065379
281,783,p2,selection,90.16022491455078,1787512201.8103452
282,281,p1,turn,10.535816192626953,1787512201.8291
282,784,p1,selection,80.11156463623047,1787512201.8328903
282,785,p1,selection,76.10579681396484,1787512201.8369079
282,786,p1,selection,81.48172760009766,1787512201.8408763
282,281,p2,turn,15.42546272277832,1787512201.8575315
282,784,p2,selection,87.77519226074219,1787512201.8640902
282,785,p2,selection,91.56796264648438,1787512201.8694582
282,786,p2,selection,83.69090270996094,1787512201.8747246
283,282,p1,turn,17.147451400756836,1787512201.9375668
283,787,p1,selection,84.31166076660156,1787512201.9424205
283,788,p1,selection,81.5641860961914,1787512201.9466896
283,789,p1,selection,74.77945709228516,1787512201.9535255
283,282,p2,turn,16.946699142456055,1787512201.970311
283,787,p2,selection,77.71170043945312,1787512201.9745681
283,788,p2,selection,97.06497955322266,1787512201.9787536
283,789,p2,selection,74.56564331054688,1787512201.983136
284,283,p1,turn,16.723281860351562,1787512202.0032613
284,790,p1,selection,82.47875213623047,1787512202.0073578
284,791,p1,selection,80.80427551269531,1787512202.0113578
284,792,p1,selection,79.01739501953125,1787512202.0155785
284,283,p2,turn,11.98382568359375,1787512202.0282161
284,790,p2,selection,86.16954040527344,1787512202.0321915
284,791,p2,selection,101.0589828491211,1787512202.0368552
284,792,p2,selection,110.3901596069336,1787512202.0414147
285,284,p1,turn,15.343055725097656,1787512202.0636268
285,793,p1,selection,79.52593994140625,1787512202.0675328
285,794,p1,selection,75.57626342773438,1787512202.0714688
285,795,p1,selection,72.51026916503906,1787512202.0751646
285,284,p2,turn,20.407596588134766,1787512202.0864937
285,793,p2,selection,94.3954849243164,1787512202.0904098
285,794,p2,selection,84.73040008544922,1787512202.0943182
285,795,p2,selection,86.20233917236328,1787512202.0982883
286,285,p1,turn,12.31950569152832,1787512202.1421301
286,796,p1,selection,83.27831268310547,1787512202.1460335
286,797,p1,selection,73.30642700195312,1787512202.1498587
286,798,p1,selection,86.12206268310547,1787512202.1540363
286,285,p2,turn,15.951314926147461,1787512202.1663804
286,796,p2,selection,103.41373443603516,1787512202.1708746
286,797,p2,selection,87.21873474121094,1787512202.1750972
286,798,p2,selection,80.74498748779297,1787512202.1789281
287,286,p1,turn,11.00135326385498,1787512202.201338
287,799,p1,selection,80.22623443603516,1787512202.2055883
287,800,p1,selection,73.87373352050781,1787512202.2098234
287,801,p1,selection,74.291748046875,1787512202.2138746
287,286,p2,turn,17.77696418762207,1787512202.226622
287,799,p2,selection,73.03009033203125,1787512202.2303853
287,800,p2,selection,93.09253692626953,1787512202.2345855
287,801,p2,selection,103.1111831665039,1787512202.2385943
288,287,p1,turn,14.289158821105957,1787512202.2640622
288,802,p1,selection,79.44805145263672,1787512202.2679682
288,803,p1,selection,78.26305389404297,1787512202.272212
288,804,p1,selection,79.10406494140625,1787512202.2761834
288,287,p2,turn,13.033135414123535,1787512202.2881725
288,802,p2,selection,96.08191680908203,1787512202.292145
288,803,p2,selection,110.08893585205078,1787512202.2961628
288,804,p2,selection,98.61695098876953,1787512202.3002095
289,288,p1,turn,17.912796020507812,1787512202.3366492
289,805,p1,selection,83.72250366210938,1787512202.3413215
289,806,p1,selection,77.77947235107422,1787512202.347268
289,807,p1,selection,83.47320556640625,1787512202.3546848
289,288,p2,turn,14.192042350769043,1787512202.3700998
289,805,p2,selection,85.95654296875,1787512202.3769794
289,806,p2,selection,103.87844848632812,1787512202.3819695
289,807,p2,selection,79.51383209228516,1787512202.3864448
290,289,p1,turn,15.343889236450195,1787512202.4080381
290,808,p1,selection,79.09561157226562,1787512202.4124722
290,809,p1,selection,81.1797103881836,1787512202.4171367
290,810,p1,selection,76.60810089111328,1787512202.4215684
290,289,p2,turn,12.110197067260742,1787512202.4361067
290,808,p2,selection,80.99066162109375,1787512202.4414477
290,809,p2,selection,82.456787109375,1787512202.4467025
290,810,p2,selection,95.57870483398438,1787512202.4520547
291,290,p1,turn,13.986940383911133,1787512202.4784977
291,811,p1,selection,84.04310607910156,1787512202.4827514
291,812,p1,selection,74.39710235595703,1787512202.4880078
291,813,p1,selection,84.28903198242188,1787512202.492739
291,290,p2,turn,16.08681869506836,1787512202.508196
291,811,p2,selection,93.56448364257812,1787512202.5123134
291,812,p2,selection,79.42449188232422,1787512202.516804
291,813,p2,selection,101.55207824707031,1787512202.5224946
292,291,p1,turn,8.770828247070312,1787512202.5828345
292,814,p1,selection,85.51249694824219,1787512202.5900252
292,815,p1,selection,79.9462890625,1787512202.5946867
292,816,p1,selection,71.00109100341797,1787512202.6008518
292,291,p2,turn,14.307056427001953,1787512202.6186106
292,814,p2,selection,97.48737335205078,1787512202.6239743
292,815,p2,selection,89.55765533447266,1787512202.6293998
292,816,p2,selection,71.8655014038086,1787512202.6347811
293,292,p1,turn,17.015167236328125,1787512202.671248
293,817,p1,selection,75.44412231445312,1787512202.6769779
293,818,p1,selection,80.86859130859375,1787512202.682573
293,819,p1,selection,72.6153335571289,1787512202.6881917
293,292,p2,turn,17.543935775756836,1787512202.7455332
293,817,p2,selection,97.10719299316406,1787512202.751726
293,818,p2,selection,91.12129974365234,1787512202.757954
293,819,p2,selection,86.42230224609375,1787512202.7676244
294,293,p1,turn,14.694220542907715,1787512202.8073232
294,820,p1,selection,79.66615295410156,1787512202.812816
294,821,p1,selection,84.80767059326172,1787512202.81947
294,822,p1,selection,75.91674041748047,1787512202.8251948
294,293,p2,turn,13.717876434326172,1787512202.8411515
294,820,p2,selection,81.70013427734375,1787512202.8462281
294,821,p2,selection,89.89307403564453,1787512202.8518045
294,822,p2,selection,85.138916015625,1787512202.856342
295,294,p1,turn,11.884695053100586,1787512202.8746378
295,823,p1,selection,80.79634857177734,1787512202.8789136
295,824,p1,selection,76.3623046875,1787512202.883335
295,825,p1,selection,74.96318054199219,1787512202.8879843
295,294,p2,turn,13.1382474899292,1787512202.9008615
295,823,p2,selection,80.84638977050781,1787512202.9052935
295,824,p2,selection,94.49286651611328,1787512202.909647
295,825,p2,selection,79.85423278808594,1787512202.913728
296,295,p1,turn,15.351953506469727,1787512202.9405072
296,826,p1,selection,75.48367309570312,1787512202.9464796
296,827,p1,selection,82.39318084716797,1787512202.9515085
296,828,p1,selection,79.93802642822266,1787512202.9563339
296,295,p2,turn,13.472614288330078,1787512202.972623
296,826,p2,selection,78.00712585449219,1787512202.9768138
296,827,p2,selection,84.94306182861328,1787512202.9809732
296,828,p2,selection,92.88275146484375,1787512202.9853237
297,296,p1,turn,22.3841552734375,1787512203.0114758
297,829,p1,selection,74.48731994628906,1787512203.0165653
297,830,p1,selection,78.88465881347656,1787512203.0211904
297,831,p1,selection,78.68840026855469,1787512203.0252016
297,296,p2,turn,15.178853034973145,1787512203.0398607
297,829,p2,selection,99.30647277832031,1787512203.044039
297,830,p2,selection,86.50668334960938,1787512203.0479925
297,831,p2,selection,79.49732208251953,1787512203.052814
298,297,p1,turn,14.057287216186523,1787512203.0791512
298,832,p1,selection,77.9848403930664,1787512203.0845156
298,833,p1,selection,82.0146255493164,1787512203.0899081
298,834,p1,selection,71.8846435546875,1787512203.0937371
298,297,p2,turn,18.190731048583984,1787512203.106368
298,832,p2,selection,89.7805404663086,1787512203.110811
298,833,p2,selection,96.77323150634766,1787512203.115457
298,834,p2,selection,89.7818603515625,1787512203.1201704
299,298,p1,turn,16.771785736083984,1787512203.163096
299,835,p1,selection,74.78145599365234,1787512203.1677537
299,836,p1,selection,73.37945556640625,1787512203.1722274
299,837,p1,selection,75.13287353515625,1787512203.1762457
299,298,p2,turn,12.346304893493652,1787512203.1913152
299,835,p2,selection,102.6514663696289,1787512203.1959298
299,836,p2,selection,87.85778045654297,1787512203.200479
299,837,p2,selection,80.8456039428711,1787512203.2052693
300,299,p1,turn,20.593841552734375,1787512203.2304885
300,838,p1,selection,76.43468475341797,1787512203.235231
300,839,p1,selection,73.22787475585938,1787512203.2398937
300,840,p1,selection,73.3584213256836,1787512203.2445087
300,299,p2,turn,14.646869659423828,1787512203.2592156
300,838,p2,selection,82.51268005371094,1787512203.2638195
300,839,p2,selection,84.73320770263672,1787512203.2684414
300,840,p2,selection,79.7444839477539,1787512203.273147
301,300,p1,turn,13.447525978088379,1787512203.3019843
301,841,p1,selection,71.49629211425781,1787512203.3070698
301,842,p1,selection,75.84071350097656,1787512203.3117747
301,843,p1,selection,74.46287536621094,1787512203.316328
301,300,p2,turn,16.38253402709961,1787512203.3314133
301,841,p2,selection,99.35040283203125,1787512203.3362348
301,842,p2,selection,93.23588562011719,1787512203.3414993
301,843,p2,selection,91.01681518554688,1787512203.345328
302,301,p1,turn,10.666748046875,1787512203.374039
302,844,p1,selection,71.9299087524414,1787512203.3777022
302,845,p1,selection,74.1837158203125,1787512203.3815105
302,846,p1,selection,78.0414047241211,1787512203.3857646
302,301,p2,turn,11.831789016723633,1787512203.4007058
302,844,p2,selection,92.62051391601562,1787512203.4066525
302,845,p2,selection,80.13215637207031,1787512203.4110641
302,846,p2,selection,73.81346130371094,1787512203.4166958
303,302,p1,turn,10.467132568359375,1787512203.4390388
303,847,p1,selection,77.6285171508789,1787512203.4446251
303,848,p1,selection,72.6146011352539,1787512203.4497883
303,849,p1,selection,71.78459167480469,1787512203.4552586
303,302,p2,turn,11.028736114501953,1787512203.4703734
303,847,p2,selection,83.93700408935547,1787512203.476877
303,848,p2,selection,93.47911834716797,1787512203.4825473
303,849,p2,selection,88.30476379394531,1787512203.487837
304,303,p1,turn,11.5675048828125,1787512203.5162766
304,850,p1,selection,79.16558074951172,1787512203.5229654
304,851,p1,selection,83.70414733886719,1787512203.528814
304,852,p1,selection,84.67877197265625,1787512203.5380983
304,303,p2,turn,12.162796974182129,1787512203.5570931
304,850,p2,selection,81.04411315917969,1787512203.563201
304,851,p2,selection,107.59386444091797,1787512203.568512
304,852,p2,selection,83.85161590576172,1787512203.573473
305,304,p1,turn,11.509408950805664,1787512203.5967243
305,853,p1,selection,82.21549224853516,1787512203.603147
305,854,p1,selection,81.16935729980469,1787512203.6081216
305,855,p1,selection,81.4627685546875,1787512203.6137133
305,304,p2,turn,17.935396194458008,1787512203.6268396
305,853,p2,selection,94.12454223632812,1787512203.6313543
305,854,p2,selection,98.84017181396484,1787512203.6365945
305,855,p2,selection,90.297119140625,1787512203.641337
306,305,p1,turn,9.663568496704102,1787512203.662681
306,856,p1,selection,78.39260864257812,1787512203.6667898
306,857,p1,selection,83.10858917236328,1787512203.6718214
306,858,p1,selection,79.81861114501953,1787512203.6766582
306,305,p2,turn,14.181885719299316,1787512203.6908169
306,856,p2,selection,96.2448959350586,1787512203.6946669
306,857,p2,selection,78.48995971679688,1787512203.7001057
306,858,p2,selection,99.270751953125,1787512203.7065268
307,306,p1,turn,10.122089385986328,1787512203.7519145
307,859,p1,selection,77.37300872802734,1787512203.755937
307,860,p1,selection,74.96988677978516,1787512203.7597995
307,861,p1,selection,76.32861328125,1787512203.7635367
307,306,p2,turn,13.82505989074707,1787512203.7770095
307,859,p2,selection,96.964111328125,1787512203.7817426
307,860,p2,selection,95.61901092529297,1787512203.7866948
307,861,p2,selection,92.20244598388672,1787512203.7916994
308,307,p1,turn,9.657791137695312,1787512203.8191962
308,862,p1,selection,72.76898193359375,1787512203.8241298
308,863,p1,selection,77.48008728027344,1787512203.8287134
308,864,p1,selection,74.19558715820312,1787512203.8333905
308,307,p2,turn,13.737207412719727,1787512203.8487313
308,862,p2,selection,89.68017578125,1787512203.8540907
308,863,p2,selection,100.9177474975586,1787512203.859587
308,864,p2,selection,91.66017150878906,1787512203.8660676
309,308,p1,turn,21.37860870361328,1787512203.9047642
309,865,p1,selection,75.68231964111328,1787512203.9106278
309,866,p1,selection,79.55614471435547,1787512203.9152625
309,867,p1,selection,71.14319610595703,1787512203.9210572
309,308,p2,turn,21.89617919921875,1787512203.9381783
309,865,p2,selection,95.8099365234375,1787512203.9442139
309,866,p2,selection,82.94705200195312,1787512203.9505358
309,867,p2,selection,84.53953552246094,1787512203.9566329
310,309,p1,turn,15.71741771697998,1787512203.9941044
310,868,p1,selection,70.57329559326172,1787512203.9985423
310,869,p1,selection,73.75785827636719,1787512204.0041387
310,870,p1,selection,76.0108871459961,1787512204.0102973
310,309,p2,turn,14.302647590637207,1787512204.0276208
310,868,p2,selection,84.12670135498047,1787512204.0326097
310,869,p2,selection,88.55305480957031,1787512204.037898
310,870,p2,selection,95.60679626464844,1787512204.0427833
311,310,p1,turn,11.466160774230957,1787512204.0726862
311,871,p1,selection,69.3891372680664,1787512204.0773985
311,872,p1,selection,70.57755279541016,1787512204.088008
311,873,p1,selection,72.07846069335938,1787512204.0968454
311,310,p2,turn,12.705461502075195,1787512204.1112835
311,871,p2,selection,92.405029296875,1787512204.1156
311,872,p2,selection,90.90897369384766,1787512204.1205614
311,873,p2,selection,84.42536926269531,1787512204.1259031
312,311,p1,turn,14.94515323638916,1787512204.2238276
312,874,p1,selection,77.55473327636719,1787512204.2282975
312,875,p1,selection,70.68387603759766,1787512204.2329037
312,876,p1,selection,73.97630310058594,1787512204.2390726
312,311,p2,turn,11.486438751220703,1787512204.2559285
312,874,p2,selection,73.06260681152344,1787512204.2600737
312,875,p2,selection,82.89997100830078,1787512204.2660754
312,876,p2,selection,82.51370239257812,1787512204.270827
313,312,p1,turn,4.196981906890869,1787512204.2957957
313,877,p1,selection,75.61518859863281,1787512204.300446
313,878,p1,selection,77.01441955566406,1787512204.3056564
313,879,p1,selection,75.09352111816406,1787512204.310361
313,312,p2,turn,8.443979263305664,1787512204.3251936
313,877,p2,selection,88.44281005859375,1787512204.3302028
313,878,p2,selection,81.57559204101562,1787512204.335243
313,879,p2,selection,84.69329071044922,1787512204.3403602
314,313,p1,turn,15.787304878234863,1787512204.3642018
314,880,p1,selection,75.20780944824219,1787512204.3691032
314,881,p1,selection,70.82303619384766,1787512204.3738084
314,882,p1,selection,72.33904266357422,1787512204.3787162
314,313,p2,turn,12.976221084594727,1787512204.3931499
314,880,p2,selection,97.6131820678711,1787512204.3977332
314,881,p2,selection,93.09812927246094,1787512204.4023888
314,882,p2,selection,86.7884292602539,1787512204.4064605
315,314,p1,turn,12.684576034545898,1787512204.4317493
315,883,p1,selection,76.18633270263672,1787512204.4370153
315,884,p1,selection,70.2344970703125,1787512204.442555
315,885,p1,selection,76.48939514160156,1787512204.4487193
315,314,p2,turn,11.730920791625977,1787512204.4665692
315,883,p2,selection,92.5267333984375,1787512204.4714713
315,884,p2,selection,92.01273345947266,1787512204.4757059
315,885,p2,selection,95.0228042602539,1787512204.4798748
316,315,p1,turn,14.02776050567627,1787512204.5136771
316,886,p1,selection,65.6860580444336,1787512204.5202434
316,887,p1,selection,76.90733337402344,1787512204.5258572
316,888,p1,selection,73.62207794189453,1787512204.5311618
316,315,p2,turn,9.986823081970215,1787512204.5467155
316,886,p2,selection,89.87371826171875,1787512204.552165
316,887,p2,selection,93.10250854492188,1787512204.5568943
316,888,p2,selection,88.53235626220703,1787512204.561057
317,316,p1,turn,19.40422821044922,1787512204.5872405
317,889,p1,selection,72.28190612792969,1787512204.5916145
317,890,p1,selection,75.19139862060547,1787512204.5959198
317,891,p1,selection,75.1446762084961,1787512204.6003757
317,316,p2,turn,16.201284408569336,1787512204.616303
317,889,p2,selection,79.79816436767578,1787512204.6223931
317,890,p2,selection,90.90557861328125,1787512204.627863
317,891,p2,selection,90.35891723632812,1787512204.6331382
318,317,p1,turn,13.198076248168945,1787512204.662453
318,892,p1,selection,68.16813659667969,1787512204.6674256
318,893,p1,selection,68.28345489501953,1787512204.6721761
318,894,p1,selection,77.79442596435547,1787512204.676444
318,317,p2,turn,21.40434455871582,1787512204.689415
318,892,p2,selection,82.92801666259766,1787512204.6937897
318,893,p2,selection,83.54639434814453,1787512204.6977768
318,894,p2,selection,87.54815673828125,1787512204.7020607
319,318,p1,turn,21.030029296875,1787512204.7506227
319,895,p1,selection,72.65484619140625,1787512204.755826
319,896,p1,selection,69.64820098876953,1787512204.7605677
319,897,p1,selection,75.07600402832031,1787512204.7657804
319,318,p2,turn,10.800268173217773,1787512204.7811189
319,895,p2,selection,88.70587158203125,1787512204.7862697
319,896,p2,selection,80.93453216552734,1787512204.7904856
319,897,p2,selection,88.38082885742188,1787512204.7956278
320,319,p1,turn,16.320648193359375,1787512204.8272822
320,898,p1,selection,70.20510864257812,1787512204.831087
320,899,p1,selection,69.98817443847656,1787512204.8351705
320,900,p1,selection,63.67362976074219,1787512204.8401153
320,319,p2,turn,11.880708694458008,1787512204.8547595
320,898,p2,selection,84.40492248535156,1787512204.8594835
320,899,p2,selection,80.4471664428711,1787512204.8642347
320,900,p2,selection,83.6539535522461,1787512204.8695138
321,320,p1,turn,18.11475372314453,1787512204.8904257
321,901,p1,selection,76.00999450683594,1787512204.8944252
321,902,p1,selection,78.9627685546875,1787512204.8984716
321,903,p1,selection,78.02699279785156,1787512204.9034922
321,320,p2,turn,16.09796905517578,1787512204.915407
321,901,p2,selection,86.27285766601562,1787512204.919921
321,902,p2,selection,88.05899047851562,1787512204.924001
321,903,p2,selection,96.1844711303711,1787512204.9279509
322,321,p1,turn,20.2651309967041,1787512204.9503555
322,904,p1,selection,70.08318328857422,1787512204.9547336
322,905,p1,selection,71.6509780883789,1787512204.9588008
322,906,p1,selection,75.17940521240234,1787512204.9627593
322,321,p2,turn,9.147467613220215,1787512204.975309
322,904,p2,selection,83.79705810546875,1787512204.979271
322,905,p2,selection,94.11595916748047,1787512204.9833055
322,906,p2,selection,85.01138305664062,1787512204.9874065
323,322,p1,turn,12.050046920776367,1787512205.0113418
323,907,p1,selection,82.1554946899414,1787512205.0152617
323,908,p1,selection,79.55520629882812,1787512205.0196512
323,909,p1,selection,73.22721099853516,1787512205.0241299
323,322,p2,turn,18.373239517211914,1787512205.0367267
323,907,p2,selection,94.1848373413086,1787512205.0407667
323,908,p2,selection,84.32147216796875,1787512205.0447674
323,909,p2,selection,105.06242370605469,1787512205.0486302
324,323,p1,turn,9.232820510864258,1787512205.075218
324,910,p1,selection,79.61289978027344,1787512205.0792089
324,911,p1,selection,82.87871551513672,1787512205.0836513
324,912,p1,selection,72.9103012084961,1787512205.0882294
324,323,p2,turn,10.744979858398438,1787512205.1006606
324,910,p2,selection,84.10688018798828,1787512205.1050997
324,911,p2,selection,86.38724517822266,1787512205.1094613
324,912,p2,selection,95.2827377319336,1787512205.1135871
325,324,p1,turn,15.857301712036133,1787512205.1369529
325,913,p1,selection,72.3253402709961,1787512205.1413236
325,914,p1,selection,76.19619750976562,1787512205.1454086
325,915,p1,selection,75.95211029052734,1787512205.149773
325,324,p2,turn,12.378372192382812,1787512205.1640518
325,913,p2,selection,88.25316619873047,1787512205.1682615
325,914,p2,selection,104.32624816894531,1787512205.172391
325,915,p2,selection,88.60430908203125,1787512205.178649
326,325,p1,turn,14.914983749389648,1787512205.2016337
326,916,p1,selection,76.13704681396484,1787512205.205589
326,917,p1,selection,81.02159881591797,1787512205.2093287
326,918,p1,selection,72.04721069335938,1787512205.213528
326,325,p2,turn,19.90823745727539,1787512205.228264
326,916,p2,selection,92.89508056640625,1787512205.2330234
326,917,p2,selection,89.73597717285156,1787512205.2374353
326,918,p2,selection,92.5835189819336,1787512205.2415159
327,326,p1,turn,11.911731719970703,1787512205.2713716
327,919,p1,selection,82.72994232177734,1787512205.2752979
327,920,p1,selection,69.48827362060547,1787512205.2790627
327,921,p1,selection,74.93529510498047,1787512205.2831366
327,326,p2,turn,13.715851783752441,1787512205.2956903
327,919,p2,selection,83.87358093261719,1787512205.2995431
327,920,p2,selection,86.2059555053711,1787512205.3035522
327,921,p2,selection,82.60722351074219,1787512205.3077614
328,327,p1,turn,9.220090866088867,1787512205.3365235
328,922,p1,selection,78.71342468261719,1787512205.3420222
328,923,p1,selection,73.04367065429688,1787512205.3470633
328,924,p1,selection,73.18118286132812,1787512205.3526976
328,327,p2,turn,14.045207977294922,1787512205.3673508
328,922,p2,selection,94.26217651367188,1787512205.3717632
328,923,p2,selection,90.840087890625,1787512205.3760297
328,924,p2,selection,94.75975799560547,1787512205.380116
329,328,p1,turn,16.170204162597656,1787512205.4240737
329,925,p1,selection,74.75936126708984,1787512205.4280849
329,926,p1,selection,70.68429565429688,1787512205.4324899
329,927,p1,selection,68.95608520507812,1787512205.4368465
329,328,p2,turn,11.237552642822266,1787512205.4516058
329,925,p2,selection,85.2553482055664,1787512205.4557447
329,926,p2,selection,82.56790161132812,1787512205.4597092
329,927,p2,selection,83.91403198242188,1787512205.4638062
330,329,p1,turn,15.323006629943848,1787512205.5017552
330,928,p1,selection,69.71305847167969,1787512205.5066643
330,929,p1,selection,66.1739730834961,1787512205.511394
330,930,p1,selection,75.84429931640625,1787512205.5161633
330,329,p2,turn,11.144746780395508,1787512205.5316129
330,928,p2,selection,92.42125701904297,1787512205.5370402
330,929,p2,selection,88.99706268310547,1787512205.5422692
330,930,p2,selection,100.6284408569336,1787512205.5477042
331,330,p1,turn,18.14975929260254,1787512205.5779154
331,931,p1,selection,70.5174560546875,1787512205.581749
331,932,p1,selection,75.52283477783203,1787512205.585794
331,933,p1,selection,64.98370361328125,1787512205.5897312
331,330,p2,turn,13.50187873840332,1787512205.6027575
331,931,p2,selection,86.8155746459961,1787512205.6107998
331,932,p2,selection,78.27764129638672,1787512205.6166475
331,933,p2,selection,102.01444244384766,1787512205.6214209
332,331,p1,turn,11.53293228149414,1787512205.6479719
332,934,p1,selection,70.0966567993164,1787512205.6522286
332,935,p1,selection,79.09069061279297,1787512205.6564229
332,936,p1,selection,71.57402801513672,1787512205.6603527
332,331,p2,turn,11.99665641784668,1787512205.672403
332,934,p2,selection,90.967529296875,1787512205.6761227
332,935,p2,selection,84.66625213623047,1787512205.67986
332,936,p2,selection,87.98284149169922,1787512205.6835656
333,332,p1,turn,13.836013793945312,1787512205.7048414
333,937,p1,selection,67.31468963623047,1787512205.7086585
333,938,p1,selection,66.6771240234375,1787512205.7125616
333,939,p1,selection,71.47921752929688,1787512205.7166646
333,332,p2,turn,11.816855430603027,1787512205.7289298
333,937,p2,selection,96.9713134765625,1787512205.7329335
333,938,p2,selection,96.66527557373047,1787512205.7370899
333,939,p2,selection,85.1841812133789,1787512205.74111
334,333,p1,turn,7.800171375274658,1787512205.7582493
334,940,p1,selection,67.2435073852539,1787512205.762321
334,941,p1,selection,74.3851318359375,1787512205.7661977
334,942,p1,selection,72.1951675415039,1787512205.7703803
334,333,p2,turn,16.84400749206543,1787512205.7827966
334,940,p2,selection,90.35626220703125,1787512205.786985
334,941,p2,selection,96.9436264038086,1787512205.7911196
334,942,p2,selection,87.33836364746094,1787512205.795016
335,334,p1,turn,16.06991195678711,1787512205.8235266
335,943,p1,selection,62.87381362915039,1787512205.8276682
335,944,p1,selection,62.87196350097656,1787512205.8315384
335,945,p1,selection,74.86895751953125,1787512205.8359108
335,334,p2,turn,11.949528694152832,1787512205.848545
335,943,p2,selection,93.12420654296875,1787512205.8529315
335,944,p2,selection,107.63838195800781,1787512205.8570166
335,945,p2,selection,83.72894287109375,1787512205.8609347
336,335,p1,turn,18.615440368652344,1787512205.8887973
336,946,p1,selection,71.04106140136719,1787512205.8929048
336,947,p1,selection,61.05519104003906,1787512205.8968458
336,948,p1,selection,62.305030822753906,1787512205.9006011
336,335,p2,turn,7.79229211807251,1787512205.9123805
336,946,p2,selection,96.80097961425781,1787512205.9159918
336,947,p2,selection,76.88618469238281,1787512205.9198487
336,948,p2,selection,91.38353729248047,1787512205.9239576
337,336,p1,turn,18.869075775146484,1787512205.9735987
337,949,p1,selection,75.02970886230469,1787512205.9775097
337,950,p1,selection,72.10383605957031,1787512205.981628
337,951,p1,selection,70.75291442871094,1787512205.9868436
337,336,p2,turn,14.269460678100586,1787512205.9984834
337,949,p2,selection,86.62031555175781,1787512206.0029345
337,950,p2,selection,89.57691955566406,1787512206.0070822
337,951,p2,selection,101.42079162597656,1787512206.0109243
338,337,p1,turn,12.327649116516113,1787512206.037373
338,952,p1,selection,74.46414947509766,1787512206.0425322
338,953,p1,selection,66.3933334350586,1787512206.047803
338,954,p1,selection,72.33448028564453,1787512206.0529218
338,337,p2,turn,9.939034461975098,1787512206.065002
338,952,p2,selection,82.45850372314453,1787512206.0690994
338,953,p2,selection,105.28408813476562,1787512206.0730166
338,954,p2,selection,75.05291748046875,1787512206.07728
339,338,p1,turn,16.338104248046875,1787512206.101524
339,955,p1,selection,79.08203887939453,1787512206.1076732
339,956,p1,selection,72.25884246826172,1787512206.113273
339,957,p1,selection,67.88297271728516,1787512206.118669
339,338,p2,turn,12.898540496826172,1787512206.1312597
339,955,p2,selection,96.21870422363281,1787512206.1372094
339,956,p2,selection,85.20477294921875,1787512206.1424975
339,957,p2,selection,81.227783203125,1787512206.1467595
340,339,p1,turn,13.149808883666992,1787512206.1762686
340,958,p1,selection,73.88232421875,1787512206.1814563
340,959,p1,selection,73.37450408935547,1787512206.187221
340,960,p1,selection,72.94410705566406,1787512206.1927938
340,339,p2,turn,15.16418170928955,1787512206.2080908
340,958,p2,selection,87.69551086425781,1787512206.2129261
340,959,p2,selection,87.3502426147461,1787512206.2178743
340,960,p2,selection,89.93805694580078,1787512206.222891
341,340,p1,turn,7.376605987548828,1787512206.244636
341,961,p1,selection,71.95706176757812,1787512206.24932
341,962,p1,selection,67.52677154541016,1787512206.2538984
341,963,p1,selection,74.89219665527344,1787512206.2580118
341,340,p2,turn,11.133733749389648,1787512206.270409
341,961,p2,selection,82.53678894042969,1787512206.274446
341,962,p2,selection,92.43048095703125,1787512206.2784853
341,963,p2,selection,88.45816040039062,1787512206.2824748
342,341,p1,turn,8.412162780761719,1787512206.321971
342,964,p1,selection,70.90249633789062,1787512206.3265665
342,965,p1,selection,67.91062927246094,1787512206.3309703
342,966,p1,selection,69.2947006225586,1787512206.3354707
342,341,p2,turn,9.957908630371094,1787512206.3487082
342,964,p2,selection,81.07748413085938,1787512206.3536448
342,965,p2,selection,84.51434326171875,1787512206.3583307
342,966,p2,selection,95.59481811523438,1787512206.3629692
343,342,p1,turn,17.26564598083496,1787512206.393121
343,967,p1,selection,66.19037628173828,1787512206.3969908
343,968,p1,selection,71.67537689208984,1787512206.4007905
343,969,p1,selection,63.21608352661133,1787512206.40485
343,342,p2,turn,16.152597427368164,1787512206.4165814
343,967,p2,selection,94.68048858642578,1787512206.4211266
343,968,p2,selection,95.36225128173828,1787512206.4251018
343,969,p2,selection,96.46989440917969,1787512206.4290597
344,343,p1,turn,11.852489471435547,1787512206.471483
344,970,p1,selection,70.17137908935547,1787512206.4752867
344,971,p1,selection,79.58483123779297,1787512206.4793158
344,972,p1,selection,74.42477416992188,1787512206.4832613
344,343,p2,turn,11.470815658569336,1787512206.4954286
344,970,p2,selection,94.59215545654297,1787512206.499489
344,971,p2,selection,83.9013442993164,1787512206.5037313
344,972,p2,selection,90.37019348144531,1787512206.5077903
345,344,p1,turn,12.967052459716797,1787512206.5322058
345,973,p1,selection,64.13333129882812,1787512206.5364137
345,974,p1,selection,68.38702392578125,1787512206.5404136
345,975,p1,selection,69.9996337890625,1787512206.5443192
345,344,p2,turn,18.77042579650879,1787512206.5564752
345,973,p2,selection,85.58141326904297,1787512206.5603182
345,974,p2,selection,102.74785614013672,1787512206.5642269
345,975,p2,selection,88.57844543457031,1787512206.5682104
346,345,p1,turn,16.094911575317383,1787512206.588594
346,976,p1,selection,71.74817657470703,1787512206.5924685
346,977,p1,selection,68.27315521240234,1787512206.5962834
346,978,p1,selection,69.18392944335938,1787512206.6001828
346,345,p2,turn,14.776238441467285,1787512206.6126137
346,976,p2,selection,79.80977630615234,1787512206.6164083
346,977,p2,selection,96.3260269165039,1787512206.6207407
346,978,p2,selection,109.6993637084961,1787512206.62579
347,346,p1,turn,11.362936019897461,1787512206.6478903
347,979,p1,selection,70.97469329833984,1787512206.6529026
347,980,p1,selection,76.12339782714844,1787512206.6579044
347,981,p1,selection,65.41072082519531,1787512206.6627684
347,346,p2,turn,13.358442306518555,1787512206.6791587
347,979,p2,selection,85.24600219726562,1787512206.6838062
347,980,p2,selection,86.3794174194336,1787512206.6893654
347,981,p2,selection,102.10009002685547,1787512206.6938858
348,347,p1,turn,10.879796981811523,1787512206.723998
348,982,p1,selection,64.33594512939453,1787512206.7281096
348,983,p1,selection,69.89376068115234,1787512206.7322295
348,984,p1,selection,65.67452239990234,1787512206.7365115
348,347,p2,turn,10.18412971496582,1787512206.7489996
348,982,p2,selection,97.45526885986328,1787512206.7532728
348,983,p2,selection,100.73231506347656,1787512206.7574692
348,984,p2,selection,98.4404296875,1787512206.7613478
349,348,p1,turn,15.17829418182373,1787512206.7859008
349,985,p1,selection,66.26356506347656,1787512206.790825
349,986,p1,selection,53.36876678466797,1787512206.795685
349,987,p1,selection,58.85842514038086,1787512206.8003817
349,348,p2,turn,10.47276782989502,1787512206.8167596
349,985,p2,selection,89.78228759765625,1787512206.8219488
349,986,p2,selection,88.46347045898438,1787512206.826742
349,987,p2,selection,99.62464141845703,1787512206.8316293
350,349,p1,turn,11.128274917602539,1787512206.853664
350,988,p1,selection,67.2659912109375,1787512206.8577318
350,989,p1,selection,66.34506225585938,1787512206.8617668
350,990,p1,selection,73.01751708984375,1787512206.8671641
350,349,p2,turn,12.28874683380127,1787512206.8825705
350,988,p2,selection,96.85891723632812,1787512206.8875709
350,989,p2,selection,90.5642318725586,1787512206.8925552
350,990,p2,selection,88.14990234375,1787512206.8971863
351,350,p1,turn,10.930581092834473,1787512206.9189756
351,991,p1,selection,61.168766021728516,1787512206.92885
351,992,p1,selection,67.9161148071289,1787512206.9342391
351,993,p1,selection,64.08860778808594,1787512206.9395974
351,350,p2,turn,8.6885986328125,1787512206.9548807
351,991,p2,selection,79.46855926513672,1787512206.9604816
351,992,p2,selection,78.70933532714844,1787512206.9643652
351,993,p2,selection,89.02500915527344,1787512206.9688065
352,351,p1,turn,10.616950035095215,1787512206.9962149
352,994,p1,selection,59.80092239379883,1787512207.0001848
352,995,p1,selection,67.03681945800781,1787512207.0063317
352,996,p1,selection,59.591888427734375,1787512207.0107238
352,351,p2,turn,19.321674346923828,1787512207.023277
352,994,p2,selection,83.79619598388672,1787512207.027155
352,995,p2,selection,86.50094604492188,1787512207.0311089
352,996,p2,selection,100.64686584472656,1787512207.0355675
353,352,p1,turn,15.706903457641602,1787512207.0927126
353,997,p1,selection,73.3919448852539,1787512207.0983224
353,998,p1,selection,57.98631286621094,1787512207.1034932
353,999,p1,selection,73.83705139160156,1787512207.1084893
353,352,p2,turn,14.351033210754395,1787512207.123799
353,997,p2,selection,85.8353042602539,1787512207.1285613
353,998,p2,selection,79.02236938476562,1787512207.1347897
353,999,p2,selection,82.8841552734375,1787512207.1406062
354,353,p1,turn,12.453432083129883,1787512207.1729822
354,1000,p1,selection,65.62316131591797,1787512207.1771555
354,1001,p1,selection,67.33169555664062,1787512207.181058
354,1002,p1,selection,69.08932495117188,1787512207.1850743
354,353,p2,turn,13.790383338928223,1787512207.1966848
354,1000,p2,selection,89.02298736572266,1787512207.2007008
354,1001,p2,selection,88.71393585205078,1787512207.2047365
354,1002,p2,selection,97.06185150146484,1787512207.20839
355,354,p1,turn,16.302330017089844,1787512207.2291305
355,1003,p1,selection,68.7528305053711,1787512207.2330582
355,1004,p1,selection,72.2802505493164,1787512207.2370448
355,1005,p1,selection,63.304107666015625,1787512207.2408707
355,354,p2,turn,20.6337833404541,1787512207.2527058
355,1003,p2,selection,88.35336303710938,1787512207.2565436
355,1004,p2,selection,91.02574920654297,1787512207.2602031
355,1005,p2,selection,79.75225067138672,1787512207.263826
356,355,p1,turn,16.64036750793457,1787512207.2809827
356,1006,p1,selection,68.17646789550781,1787512207.2850454
356,1007,p1,selection,73.5918960571289,1787512207.2888312
356,1008,p1,selection,66.18832397460938,1787512207.2924564
356,355,p2,turn,13.61392879486084,1787512207.304181
356,1006,p2,selection,80.06718444824219,1787512207.3079402
356,1007,p2,selection,99.5550537109375,1787512207.3115418
356,1008,p2,selection,83.00382232666016,1787512207.315291
357,356,p1,turn,12.245414733886719,1787512207.3389106
357,1009,p1,selection,68.16481018066406,1787512207.342655
357,1010,p1,selection,70.09930419921875,1787512207.3462842
357,1011,p1,selection,64.29901123046875,1787512207.3499446
357,356,p2,turn,8.725616455078125,1787512207.3617303
357,1009,p2,selection,96.37553405761719,1787512207.365408
357,1010,p2,selection,102.85026550292969,1787512207.3693795
357,1011,p2,selection,95.98238372802734,1787512207.3732016
358,357,p1,turn,11.272069931030273,1787512207.3919911
358,1012,p1,selection,72.50901794433594,1787512207.3964458
358,1013,p1,selection,59.429527282714844,1787512207.4009516
358,1014,p1,selection,67.67914581298828,1787512207.4056156
358,357,p2,turn,15.424079895019531,1787512207.4194684
358,1012,p2,selection,92.50552368164062,1787512207.4233518
358,1013,p2,selection,97.11612701416016,1787512207.4280405
358,1014,p2,selection,88.19330596923828,1787512207.4327517
359,358,p1,turn,15.217744827270508,1787512207.4569159
359,1015,p1,selection,65.10673522949219,1787512207.4607062
359,1016,p1,selection,63.58185577392578,1787512207.4644256
359,1017,p1,selection,64.1376724243164,1787512207.4684546
359,358,p2,turn,16.48005485534668,1787512207.4797926
359,1015,p2,selection,98.97494506835938,1787512207.4834511
359,1016,p2,selection,77.460205078125,1787512207.4873471
359,1017,p2,selection,103.42752838134766,1787512207.4911888
360,359,p1,turn,10.103991508483887,1787512207.518202
360,1018,p1,selection,68.9316177368164,1787512207.5220864
360,1019,p1,selection,58.47368621826172,1787512207.5257351
360,1020,p1,selection,73.53297424316406,1787512207.529375
360,359,p2,turn,9.367351531982422,1787512207.540649
360,1018,p2,selection,77.51629638671875,1787512207.544303
360,1019,p2,selection,82.33710479736328,1787512207.5479205
360,1020,p2,selection,104.19027709960938,1787512207.5518157
361,360,p1,turn,10.318574905395508,1787512207.579125
361,1021,p1,selection,70.85887145996094,1787512207.5835307
361,1022,p1,selection,62.96632385253906,1787512207.5885534
361,1023,p1,selection,65.7846908569336,1787512207.5921483
361,360,p2,turn,14.548678398132324,1787512207.603508
361,1021,p2,selection,99.24543762207031,1787512207.60724
361,1022,p2,selection,77.36708068847656,1787512207.610799
361,1023,p2,selection,95.86390686035156,1787512207.614403
362,361,p1,turn,11.662729263305664,1787512207.648455
362,1024,p1,selection,66.28614044189453,1787512207.652511
362,1025,p1,selection,64.8935775756836,1787512207.6562748
362,1026,p1,selection,74.37857818603516,1787512207.659896
362,361,p2,turn,20.34320068359375,1787512207.6716106
362,1024,p2,selection,87.68795776367188,1787512207.6752756
362,1025,p2,selection,96.13044738769531,1787512207.6789653
362,1026,p2,selection,96.10872650146484,1787512207.6825774
363,362,p1,turn,15.43899154663086,1787512207.7031412
363,1027,p1,selection,64.46082305908203,1787512207.7069354
363,1028,p1,selection,64.13825225830078,1787512207.71083
363,1029,p1,selection,66.41313171386719,1787512207.7144613
363,362,p2,turn,11.518472671508789,1787512207.7261062
363,1027,p2,selection,93.62934112548828,1787512207.7299602
363,1028,p2,selection,95.6243896484375,1787512207.73381
363,1029,p2,selection,100.50924682617188,1787512207.7380776
364,363,p1,turn,10.377370834350586,1787512207.7601414
364,1030,p1,selection,68.01104736328125,1787512207.7638125
364,1031,p1,selection,71.16172790527344,1787512207.767611
364,1032,p1,selection,65.27869415283203,1787512207.7715554
364,363,p2,turn,14.209208488464355,1787512207.7831492
364,1030,p2,selection,90.97137451171875,1787512207.7871482
364,1031,p2,selection,79.86091613769531,1787512207.7909548
364,1032,p2,selection,83.02253723144531,1787512207.7946293
365,364,p1,turn,20.040966033935547,1787512207.8204908
365,1033,p1,selection,62.750755310058594,1787512207.824208
365,1034,p1,selection,66.78606414794922,1787512207.8278556
365,1035,p1,selection,62.004798889160156,1787512207.8314455
365,364,p2,turn,12.655434608459473,1787512207.8429434
365,1033,p2,selection,95.1114501953125,1787512207.8465521
365,1034,p2,selection,95.48260498046875,1787512207.8502836
365,1035,p2,selection,85.72323608398438,1787512207.8543844
366,365,p1,turn,18.26986312866211,1787512207.87036
366,1036,p1,selection,60.69242858886719,1787512207.8741102
366,1037,p1,selection,66.78562927246094,1787512207.8777814
366,1038,p1,selection,64.92974090576172,1787512207.8815405
366,365,p2,turn,10.989144325256348,1787512207.8929918
366,1036,p2,selection,93.67667388916016,1787512207.8966334
366,1037,p2,selection,77.6589584350586,1787512207.900231
366,1038,p2,selection,89.09575653076172,1787512207.9041486
367,366,p1,turn,16.39849090576172,1787512207.9266996
367,1039,p1,selection,56.45977783203125,1787512207.9304333
367,1040,p1,selection,66.34845733642578,1787512207.934134
367,1041,p1,selection,69.38008117675781,1787512207.9381604
367,366,p2,turn,11.59815502166748,1787512207.94944
367,1039,p2,selection,80.1245346069336,1787512207.9540527
367,1040,p2,selection,96.6651611328125,1787512207.9584906
367,1041,p2,selection,95.54539489746094,1787512207.9628808
368,367,p1,turn,15.150482177734375,1787512207.9929206
368,1042,p1,selection,61.47638702392578,1787512207.9968054
368,1043,p1,selection,63.47282409667969,1787512208.0003865
368,1044,p1,selection,63.1331787109375,1787512208.0045607
368,367,p2,turn,18.205982208251953,1787512208.0162659
368,1042,p2,selection,78.76676940917969,1787512208.02015
368,1043,p2,selection,99.64968872070312,1787512208.0239527
368,1044,p2,selection,81.52124786376953,1787512208.02755
369,368,p1,turn,10.338051795959473,1787512208.0513105
369,1045,p1,selection,65.85332489013672,1787512208.0558572
369,1046,p1,selection,65.47654724121094,1787512208.059923
369,1047,p1,selection,67.35961151123047,1787512208.0637658
369,368,p2,turn,9.695720672607422,1787512208.075165
369,1045,p2,selection,94.53501892089844,1787512208.0796933
369,1046,p2,selection,86.64940643310547,1787512208.0833588
369,1047,p2,selection,90.6312026977539,1787512208.0873127
370,369,p1,turn,14.40978717803955,1787512208.1075675
370,1048,p1,selection,66.46312713623047,1787512208.1114216
370,1049,p1,selection,67.35107421875,1787512208.1150208
370,1050,p1,selection,56.80609130859375,1787512208.119026
370,369,p2,turn,10.205605506896973,1787512208.1304615
370,1048,p2,selection,81.37384796142578,1787512208.1340606
370,1049,p2,selection,88.72183990478516,1787512208.1378837
370,1050,p2,selection,92.5559310913086,1787512208.1417778
371,370,p1,turn,13.936388969421387,1787512208.1684685
371,1051,p1,selection,58.69089889526367,1787512208.1728473
371,1052,p1,selection,62.211700439453125,1787512208.17726
371,1053,p1,selection,67.46778869628906,1787512208.1816404
371,370,p2,turn,16.428659439086914,1787512208.1959004
371,1051,p2,selection,94.59264373779297,1787512208.2002702
371,1052,p2,selection,97.40239715576172,1787512208.204746
371,1053,p2,selection,87.05403137207031,1787512208.2083912
372,371,p1,turn,15.648172378540039,1787512208.2299151
372,1054,p1,selection,77.11772918701172,1787512208.23362
372,1055,p1,selection,72.1431884765625,1787512208.237645
372,1056,p1,selection,68.413818359375,1787512208.2414267
372,371,p2,turn,14.857807159423828,1787512208.2530267
372,1054,p2,selection,96.23780822753906,1787512208.256787
372,1055,p2,selection,89.86947631835938,1787512208.260415
372,1056,p2,selection,79.7593994140625,1787512208.2640014
373,372,p1,turn,14.73259449005127,1787512208.2840846
373,1057,p1,selection,65.66641235351562,1787512208.2880318
373,1058,p1,selection,64.63790893554688,1787512208.2918472
373,1059,p1,selection,69.8028335571289,1787512208.2955558
373,372,p2,turn,10.439431190490723,1787512208.3071
373,1057,p2,selection,88.44635009765625,1787512208.3108425
373,1058,p2,selection,94.00650024414062,1787512208.3148022
373,1059,p2,selection,90.43901062011719,1787512208.3190994
374,373,p1,turn,11.830540657043457,1787512208.346611
374,1060,p1,selection,69.49808502197266,1787512208.350324
374,1061,p1,selection,66.21552276611328,1787512208.3548253
374,1062,p1,selection,67.2730941772461,1787512208.3585937
374,373,p2,turn,14.39957332611084,1787512208.370273
374,1060,p2,selection,90.63127136230469,1787512208.3740623
374,1061,p2,selection,81.83654022216797,1787512208.37773
374,1062,p2,selection,93.36658477783203,1787512208.383794
375,374,p1,turn,7.678136348724365,1787512208.4164824
375,1063,p1,selection,67.61783599853516,1787512208.4216115
375,1064,p1,selection,66.68224334716797,1787512208.4264116
375,1065,p1,selection,73.69010925292969,1787512208.4311373
375,374,p2,turn,14.919610977172852,1787512208.445181
375,1063,p2,selection,76.10943603515625,1787512208.4499183
375,1064,p2,selection,87.8453598022461,1787512208.455104
375,1065,p2,selection,87.80215454101562,1787512208.4597735
376,375,p1,turn,7.549644947052002,1787512208.4928653
376,1066,p1,selection,65.54586029052734,1787512208.498218
376,1067,p1,selection,68.63235473632812,1787512208.5036352
376,1068,p1,selection,70.53001403808594,1787512208.5084608
376,375,p2,turn,10.998686790466309,1787512208.5227845
376,1066,p2,selection,86.46512603759766,1787512208.5267372
376,1067,p2,selection,92.413818359375,1787512208.5316281
376,1068,p2,selection,88.32958221435547,1787512208.5360906
377,376,p1,turn,8.60522747039795,1787512208.5662222
377,1069,p1,selection,57.26457214355469,1787512208.5704114
377,1070,p1,selection,62.9707145690918,1787512208.5745728
377,1071,p1,selection,63.89927673339844,1787512208.5786147
377,376,p2,turn,13.317656517028809,1787512208.5923014
377,1069,p2,selection,95.85330200195312,1787512208.5971932
377,1070,p2,selection,90.32115936279297,1787512208.601532
377,1071,p2,selection,89.81910705566406,1787512208.6056287
378,377,p1,turn,14.241580963134766,1787512208.6420975
378,1072,p1,selection,57.572296142578125,1787512208.647973
378,1073,p1,selection,69.34644317626953,1787512208.6529243
378,1074,p1,selection,64.8450698852539,1787512208.6570923
378,377,p2,turn,9.20756721496582,1787512208.669649
378,1072,p2,selection,94.61795043945312,1787512208.6738124
378,1073,p2,selection,84.17465209960938,1787512208.677842
378,1074,p2,selection,77.32707214355469,1787512208.6817272
379,378,p1,turn,19.780824661254883,1787512208.70695
379,1075,p1,selection,68.85537719726562,1787512208.7113152
379,1076,p1,selection,63.32121658325195,1787512208.7156096
379,1077,p1,selection,69.45423889160156,1787512208.7211313
379,378,p2,turn,8.359552383422852,1787512208.7371478
379,1075,p2,selection,85.42350006103516,1787512208.7427225
379,1076,p2,selection,107.85399627685547,1787512208.7482116
379,1077,p2,selection,99.65935516357422,1787512208.753862
380,379,p1,turn,14.764134407043457,1787512208.7892933
380,1078,p1,selection,69.41625213623047,1787512208.7948864
380,1079,p1,selection,65.48375701904297,1787512208.8004045
380,1080,p1,selection,74.63420104980469,1787512208.806285
380,379,p2,turn,17.988718032836914,1787512208.8237166
380,1078,p2,selection,87.4339828491211,1787512208.8289955
380,1079,p2,selection,81.26763153076172,1787512208.8348691
380,1080,p2,selection,99.94182586669922,1787512208.841942
381,380,p1,turn,10.20151138305664,1787512208.8704748
381,1081,p1,selection,70.466796875,1787512208.8766198
381,1082,p1,selection,70.81492614746094,1787512208.8811085
381,1083,p1,selection,60.733489990234375,1787512208.885642
381,380,p2,turn,10.453863143920898,1787512208.8986452
381,1081,p2,selection,83.52241516113281,1787512208.903666
381,1082,p2,selection,90.5426025390625,1787512208.908896
381,1083,p2,selection,79.8304214477539,1787512208.9138558
382,381,p1,turn,8.4718656539917,1787512208.9586182
382,1084,p1,selection,63.11548614501953,1787512208.963487
382,1085,p1,selection,52.058536529541016,1787512208.968496
382,1086,p1,selection,68.24915313720703,1787512208.9732585
382,381,p2,turn,12.538893699645996,1787512208.9877698
382,1084,p2,selection,93.44905090332031,1787512208.9927
382,1085,p2,selection,86.69239807128906,1787512208.997504
382,1086,p2,selection,87.19513702392578,1787512209.0026705
383,382,p1,turn,11.351019859313965,1787512209.028668
383,1087,p1,selection,53.424896240234375,1787512209.0338275
383,1088,p1,selection,56.46274948120117,1787512209.0382364
383,1089,p1,selection,71.9784927368164,1787512209.0425928
383,382,p2,turn,17.3803653717041,1787512209.0573032
383,1087,p2,selection,94.35572814941406,1787512209.062138
383,1088,p2,selection,82.49301147460938,1787512209.0670528
383,1089,p2,selection,93.80477142333984,1787512209.0725348
384,383,p1,turn,16.530555725097656,1787512209.0929856
384,1090,p1,selection,56.718505859375,1787512209.0968769
384,1091,p1,selection,69.99534606933594,1787512209.1008534
384,1092,p1,selection,64.81019592285156,1787512209.1049302
384,383,p2,turn,10.407403945922852,1787512209.1169136
384,1090,p2,selection,82.71572875976562,1787512209.12105
384,1091,p2,selection,89.01239776611328,1787512209.1250186
384,1092,p2,selection,89.23699188232422,1787512209.1288688
385,384,p1,turn,8.044295310974121,1787512209.154368
385,1093,p1,selection,62.19939422607422,1787512209.158286
385,1094,p1,selection,56.798404693603516,1787512209.1622903
385,1095,p1,selection,63.4542236328125,1787512209.1660645
385,384,p2,turn,19.13384437561035,1787512209.1777787
385,1093,p2,selection,95.87057495117188,1787512209.181857
385,1094,p2,selection,83.79882049560547,1787512209.1860874
385,1095,p2,selection,84.12195587158203,1787512209.19002
386,385,p1,turn,14.985508918762207,1787512209.2099984
386,1096,p1,selection,61.282379150390625,1787512209.2137074
386,1097,p1,selection,71.2156982421875,1787512209.2173574
386,1098,p1,selection,73.67137145996094,1787512209.2212942
386,385,p2,turn,17.094451904296875,1787512209.232658
386,1096,p2,selection,97.56349182128906,1787512209.2364495
386,1097,p2,selection,87.2801513671875,1787512209.2402434
386,1098,p2,selection,87.65306091308594,1787512209.2439818
387,386,p1,turn,13.737048149108887,1787512209.2646754
387,1099,p1,selection,63.88656997680664,1787512209.2700193
387,1100,p1,selection,64.38706970214844,1787512209.2754653
387,1101,p1,selection,66.18922424316406,1787512209.2803369
387,386,p2,turn,13.434176445007324,1787512209.2962792
387,1099,p2,selection,86.32097625732422,1787512209.3012283
387,1100,p2,selection,87.52999114990234,1787512209.3071382
387,1101,p2,selection,97.419677734375,1787512209.3121521
388,387,p1,turn,15.00806999206543,1787512209.3418229
388,1102,p1,selection,65.65777587890625,1787512209.3465328
388,1103,p1,selection,74.38316345214844,1787512209.3517702
388,1104,p1,selection,65.69441986083984,1787512209.3572903
388,387,p2,turn,12.328068733215332,1787512209.3712142
388,1102,p2,selection,98.254150390625,1787512209.3753374
388,1103,p2,selection,102.12447357177734,1787512209.3796308
388,1104,p2,selection,92.42504119873047,1787512209.3847644
389,388,p1,turn,16.338260650634766,1787512209.4380875
389,1105,p1,selection,69.40599822998047,1787512209.4425502
389,1106,p1,selection,72.50724792480469,1787512209.4466655
389,1107,p1,selection,66.51385498046875,1787512209.4512384
389,388,p2,turn,15.588324546813965,1787512209.463609
389,1105,p2,selection,95.817626953125,1787512209.4680502
389,1106,p2,selection,82.65220642089844,1787512209.4725864
389,1107,p2,selection,80.72879791259766,1787512209.4764683
390,389,p1,turn,11.690420150756836,1787512209.4945214
390,1108,p1,selection,80.03662872314453,1787512209.4988947
390,1109,p1,selection,64.57252502441406,1787512209.503057
390,1110,p1,selection,68.82493591308594,1787512209.507836
390,389,p2,turn,15.262210845947266,1787512209.5199232
390,1108,p2,selection,96.73506927490234,1787512209.5247085
390,1109,p2,selection,81.6641845703125,1787512209.5301137
390,1110,p2,selection,99.83289337158203,1787512209.5354893
391,390,p1,turn,10.327718734741211,1787512209.5551414
391,1111,p1,selection,61.81525421142578,1787512209.5593512
391,1112,p1,selection,73.56380462646484,1787512209.5642257
391,1113,p1,selection,65.17811584472656,1787512209.5692852
391,390,p2,turn,12.964932441711426,1787512209.5837128
391,1111,p2,selection,80.92124938964844,1787512209.588358
391,1112,p2,selection,90.03547668457031,1787512209.5931065
391,1113,p2,selection,101.44380950927734,1787512209.5975616
392,391,p1,turn,13.285713195800781,1787512209.6483238
392,1114,p1,selection,68.5761489868164,1787512209.653586
392,1115,p1,selection,70.61479187011719,1787512209.6585453
392,1116,p1,selection,69.33329772949219,1787512209.6634896
392,391,p2,turn,12.24658203125,1787512209.6775675
392,1114,p2,selection,98.1478500366211,1787512209.6825361
392,1115,p2,selection,92.02293395996094,1787512209.689127
392,1116,p2,selection,86.86908721923828,1787512209.694984
393,392,p1,turn,9.74124526977539,1787512209.7142656
393,1117,p1,selection,65.58153533935547,1787512209.7182727
393,1118,p1,selection,76.71200561523438,1787512209.7221806
393,1119,p1,selection,67.99220275878906,1787512209.7259562
393,392,p2,turn,13.824043273925781,1787512209.7388206
393,1117,p2,selection,85.75653076171875,1787512209.743416
393,1118,p2,selection,102.16580200195312,1787512209.7479496
393,1119,p2,selection,83.85398864746094,1787512209.7527416
394,393,p1,turn,11.103825569152832,1787512209.7740107
394,1120,p1,selection,71.16941833496094,1787512209.779269
394,1121,p1,selection,70.0707015991211,1787512209.7834327
394,1122,p1,selection,66.03225708007812,1787512209.78758
394,393,p2,turn,9.906054496765137,1787512209.800519
394,1120,p2,selection,88.05170440673828,1787512209.8047907
394,1121,p2,selection,84.03902435302734,1787512209.8088942
394,1122,p2,selection,86.4477310180664,1787512209.8128538
395,394,p1,turn,10.209115028381348,1787512209.8347917
395,1123,p1,selection,71.1886215209961,1787512209.8389187
395,1124,p1,selection,67.37739562988281,1787512209.842794
395,1125,p1,selection,63.09577941894531,1787512209.8469079
395,394,p2,turn,12.315640449523926,1787512209.8593102
395,1123,p2,selection,92.51461791992188,1787512209.8631675
395,1124,p2,selection,90.52645874023438,1787512209.8670206
395,1125,p2,selection,88.96134948730469,1787512209.8712494
396,395,p1,turn,13.798574447631836,1787512209.889764
396,1126,p1,selection,66.28207397460938,1787512209.8949907
396,1127,p1,selection,67.69340515136719,1787512209.9000366
396,1128,p1,selection,55.34479904174805,1787512209.9052916
396,395,p2,turn,18.15502166748047,1787512209.9202268
396,1126,p2,selection,93.80245971679688,1787512209.9250066
396,1127,p2,selection,70.51615142822266,1787512209.92916
396,1128,p2,selection,89.75833129882812,1787512209.9334695
397,396,p1,turn,20.575748443603516,1787512209.950837
397,1129,p1,selection,65.76213836669922,1787512209.955429
397,1130,p1,selection,58.431739807128906,1787512209.9595418
397,1131,p1,selection,63.50379180908203,1787512209.9633694
397,396,p2,turn,15.082890510559082,1787512209.97558
397,1129,p2,selection,92.96998596191406,1787512209.979366
397,1130,p2,selection,90.671875,1787512209.9831936
397,1131,p2,selection,90.50357055664062,1787512209.9871776
398,397,p1,turn,6.179462432861328,1787512210.0102022
398,1132,p1,selection,63.787174224853516,1787512210.015303
398,1133,p1,selection,65.07461547851562,1787512210.0204387
398,1134,p1,selection,63.64122772216797,1787512210.025598
398,397,p2,turn,12.363213539123535,1787512210.0391266
398,1132,p2,selection,84.2702865600586,1787512210.0428853
398,1133,p2,selection,100.5792236328125,1787512210.0466855
398,1134,p2,selection,94.9679183959961,1787512210.0504637
399,398,p1,turn,14.006990432739258,1787512210.0779743
399,1135,p1,selection,66.40399169921875,1787512210.0818417
399,1136,p1,selection,63.101585388183594,1787512210.0858839
399,1137,p1,selection,66.6973648071289,1787512210.0898578
399,398,p2,turn,18.690635681152344,1787512210.102836
399,1135,p2,selection,81.65504455566406,1787512210.1068017
399,1136,p2,selection,92.29443359375,1787512210.1115518
399,1137,p2,selection,81.76154327392578,1787512210.116172
400,399,p1,turn,11.628110885620117,1787512210.1512904
400,1138,p1,selection,65.06658935546875,1787512210.1551824
400,1139,p1,selection,67.50920867919922,1787512210.1589339
400,1140,p1,selection,61.500267028808594,1787512210.1627927
400,399,p2,turn,12.18591594696045,1787512210.1745806
400,1138,p2,selection,103.07415771484375,1787512210.178361
400,1139,p2,selection,94.844970703125,1787512210.1821036
400,1140,p2,selection,92.2311019897461,1787512210.1866956
401,400,p1,turn,15.35001277923584,1787512210.2146122
401,1141,p1,selection,61.631431579589844,1787512210.2200172
401,1142,p1,selection,61.08097457885742,1787512210.224829
401,1143,p1,selection,60.199256896972656,1787512210.2295399
401,400,p2,turn,13.898534774780273,1787512210.244402
401,1141,p2,selection,81.40239715576172,1787512210.2490225
401,1142,p2,selection,98.92529296875,1787512210.2537956
401,1143,p2,selection,83.77626037597656,1787512210.2589514
402,401,p1,turn,9.837013244628906,1787512210.285298
402,1144,p1,selection,62.29444122314453,1787512210.2894623
402,1145,p1,selection,63.678382873535156,1787512210.2934842
402,1146,p1,selection,61.08511734008789,1787512210.2986195
402,401,p2,turn,11.768961906433105,1787512210.3132446
402,1144,p2,selection,76.10353088378906,1787512210.3179593
402,1145,p2,selection,101.92974853515625,1787512210.3227205
402,1146,p2,selection,98.7406005859375,1787512210.3272345
403,402,p1,turn,12.414545059204102,1787512210.3589408
403,1147,p1,selection,66.1266860961914,1787512210.3686223
403,1148,p1,selection,68.6641616821289,1787512210.3746638
403,1149,p1,selection,67.9151611328125,1787512210.3801272
403,402,p2,turn,12.55721664428711,1787512210.4130785
403,1147,p2,selection,85.4588394165039,1787512210.418445
403,1148,p2,selection,91.41787719726562,1787512210.423485
403,1149,p2,selection,89.57312774658203,1787512210.4287832
404,403,p1,turn,21.904340744018555,1787512210.4520051
404,1150,p1,selection,56.69635009765625,1787512210.4575343
404,1151,p1,selection,66.58293914794922,1787512210.4624467
404,1152,p1,selection,65.78773498535156,1787512210.4682465
404,403,p2,turn,13.628046035766602,1787512210.4845765
404,1150,p2,selection,89.04139709472656,1787512210.489506
404,1151,p2,selection,92.51504516601562,1787512210.494321
404,1152,p2,selection,81.54998779296875,1787512210.498791
405,404,p1,turn,15.705867767333984,1787512210.6288047
405,1153,p1,selection,58.56570053100586,1787512210.6336617
405,1154,p1,selection,59.20475769042969,1787512210.6390219
405,1155,p1,selection,75.41533660888672,1787512210.6436968
405,404,p2,turn,13.481522560119629,1787512210.6567855
405,1153,p2,selection,89.92213439941406,1787512210.660807
405,1154,p2,selection,74.8252944946289,1787512210.6649954
405,1155,p2,selection,91.7043685913086,1787512210.670477
406,405,p1,turn,11.260482788085938,1787512210.7365992
406,1156,p1,selection,66.55705261230469,1787512210.7416937
406,1157,p1,selection,66.33935546875,1787512210.7472048
406,1158,p1,selection,72.32612609863281,1787512210.7541568
406,405,p2,turn,19.89826202392578,1787512210.7686243
406,1156,p2,selection,88.3760986328125,1787512210.7732103
406,1157,p2,selection,89.72954559326172,1787512210.7773204
406,1158,p2,selection,80.95098876953125,1787512210.781249
407,406,p1,turn,11.857898712158203,1787512210.804935
407,1159,p1,selection,74.7991943359375,1787512210.809113
407,1160,p1,selection,66.49950408935547,1787512210.8141775
407,1161,p1,selection,67.30972290039062,1787512210.8190746
407,406,p2,turn,18.02239418029785,1787512210.8369184
407,1159,p2,selection,101.35543823242188,1787512210.8421052
407,1160,p2,selection,95.71229553222656,1787512210.8465106
407,1161,p2,selection,87.26769256591797,1787512210.8522313
408,407,p1,turn,12.59789752960205,1787512210.8978775
408,1162,p1,selection,71.1616439819336,1787512210.9037158
408,1163,p1,selection,66.39125061035156,1787512210.91
408,1164,p1,selection,71.0893783569336,1787512210.9141717
408,407,p2,turn,17.665224075317383,1787512210.9282565
408,1162,p2,selection,87.26038360595703,1787512210.9323168
408,1163,p2,selection,98.72307586669922,1787512210.93747
408,1164,p2,selection,85.58747863769531,1787512210.9423933
409,408,p1,turn,15.304811477661133,1787512210.97531
409,1165,p1,selection,68.7866439819336,1787512210.9801042
409,1166,p1,selection,71.54019165039062,1787512210.9852743
409,1167,p1,selection,70.00961303710938,1787512210.9909472
409,408,p2,turn,16.88535499572754,1787512211.008059
409,1165,p2,selection,91.78910064697266,1787512211.0123608
409,1166,p2,selection,92.18711853027344,1787512211.0169625
409,1167,p2,selection,91.96508026123047,1787512211.021554
410,409,p1,turn,16.56562042236328,1787512211.0420089
410,1168,p1,selection,67.981689453125,1787512211.0461717
410,1169,p1,selection,67.32569885253906,1787512211.0502994
410,1170,p1,selection,60.32878494262695,1787512211.054892
410,409,p2,turn,9.04189682006836,1787512211.06825
410,1168,p2,selection,96.67571258544922,1787512211.0725837
410,1169,p2,selection,84.32304382324219,1787512211.0766685
410,1170,p2,selection,84.83805847167969,1787512211.0814614
411,410,p1,turn,9.990907669067383,1787512211.1013975
411,1171,p1,selection,72.10624694824219,1787512211.1054804
411,1172,p1,selection,60.755714416503906,1787512211.1093378
411,1173,p1,selection,65.90202331542969,1787512211.113734
411,410,p2,turn,13.391888618469238,1787512211.129372
411,1171,p2,selection,92.98748779296875,1787512211.1348546
411,1172,p2,selection,79.06460571289062,1787512211.1401587
411,1173,p2,selection,94.62613677978516,1787512211.1452837
412,411,p1,turn,17.42435073852539,1787512211.176873
412,1174,p1,selection,69.32447052001953,1787512211.1816256
412,1175,p1,selection,67.00025939941406,1787512211.1860368
412,1176,p1,selection,65.44011688232422,1787512211.1901956
412,411,p2,turn,8.091033935546875,1787512211.202306
412,1174,p2,selection,94.67391967773438,1787512211.2062535
412,1175,p2,selection,85.86376953125,1787512211.210042
412,1176,p2,selection,94.97248077392578,1787512211.213925
413,412,p1,turn,15.751120567321777,1787512211.2351758
413,1177,p1,selection,62.95354461669922,1787512211.239155
413,1178,p1,selection,65.4529037475586,1787512211.242952
413,1179,p1,selection,65.7786636352539,1787512211.2467604
413,412,p2,turn,12.13391399383545,1787512211.2590754
413,1177,p2,selection,81.86126708984375,1787512211.2628913
413,1178,p2,selection,86.59111022949219,1787512211.2669115
413,1179,p2,selection,87.82062530517578,1787512211.2711034
414,413,p1,turn,20.34937286376953,1787512211.2915244
414,1180,p1,selection,65.25796508789062,1787512211.2953725
414,1181,p1,selection,64.301513671875,1787512211.2993817
414,1182,p1,selection,56.83244705200195,1787512211.3034277
414,413,p2,turn,13.942875862121582,1787512211.3153934
414,1180,p2,selection,78.30199432373047,1787512211.3199854
414,1181,p2,selection,84.59117126464844,1787512211.3241217
414,1182,p2,selection,93.618408203125,1787512211.3279269
415,414,p1,turn,17.737823486328125,1787512211.3586788
415,1183,p1,selection,59.86732482910156,1787512211.362457
415,1184,p1,selection,59.27629852294922,1787512211.3661418
415,1185,p1,selection,65.40064239501953,1787512211.3700392
415,414,p2,turn,11.473163604736328,1787512211.3815057
415,1183,p2,selection,91.89228820800781,1787512211.3855367
415,1184,p2,selection,95.9037857055664,1787512211.3893707
415,1185,p2,selection,87.17062377929688,1787512211.3935144
416,415,p1,turn,11.294415473937988,1787512211.427711
416,1186,p1,selection,64.88117218017578,1787512211.4315522
416,1187,p1,selection,58.23484420776367,1787512211.435529
416,1188,p1,selection,65.84429931640625,1787512211.4394171
416,415,p2,turn,10.351142883300781,1787512211.4509706
416,1186,p2,selection,104.54443359375,1787512211.454873
416,1187,p2,selection,92.02999114990234,1787512211.4586968
416,1188,p2,selection,92.84857177734375,1787512211.4623718
417,416,p1,turn,13.191542625427246,1787512211.4845166
417,1189,p1,selection,70.7437973022461,1787512211.4885848
417,1190,p1,selection,59.884666442871094,1787512211.4922943
417,1191,p1,selection,60.585548400878906,1787512211.4959369
417,416,p2,turn,8.458304405212402,1787512211.5071778
417,1189,p2,selection,88.58380126953125,1787512211.5108254
417,1190,p2,selection,101.41061401367188,1787512211.514486
417,1191,p2,selection,89.66651153564453,1787512211.5184941
418,417,p1,turn,12.634364128112793,1787512211.536005
418,1192,p1,selection,63.16692352294922,1787512211.5399225
418,1193,p1,selection,68.22064208984375,1787512211.5436425
418,1194,p1,selection,60.57171630859375,1787512211.5474212
418,417,p2,turn,17.141735076904297,1787512211.5587583
418,1192,p2,selection,87.6484603881836,1787512211.5623727
418,1193,p2,selection,85.51908874511719,1787512211.56602
418,1194,p2,selection,93.32852935791016,1787512211.5697558
419,418,p1,turn,17.207704544067383,1787512211.5951223
419,1195,p1,selection,66.52915954589844,1787512211.598907
419,1196,p1,selection,58.249900817871094,1787512211.6027806
419,1197,p1,selection,67.64778900146484,1787512211.6066287
419,418,p2,turn,8.189485549926758,1787512211.618399
419,1195,p2,selection,88.32600402832031,1787512211.6221404
419,1196,p2,selection,84.05716705322266,1787512211.6264381
419,1197,p2,selection,90.84984588623047,1787512211.6300411
420,419,p1,turn,12.35084056854248,1787512211.652568
420,1198,p1,selection,63.60015106201172,1787512211.65645
420,1199,p1,selection,67.17396545410156,1787512211.6600528
420,1200,p1,selection,60.986019134521484,1787512211.663904
420,419,p2,turn,23.351451873779297,1787512211.6755447
420,1198,p2,selection,86.00028228759766,1787512211.6791759
420,1199,p2,selection,88.59121704101562,1787512211.6836572
420,1200,p2,selection,83.09611511230469,1787512211.6886697
421,420,p1,turn,16.078222274780273,1787512211.715448
421,1201,p1,selection,75.9413833618164,1787512211.7204475
421,1202,p1,selection,72.96035766601562,1787512211.7250388
421,1203,p1,selection,66.71642303466797,1787512211.7295625
421,420,p2,turn,13.04531478881836,1787512211.7433717
421,1201,p2,selection,101.21138000488281,1787512211.7478344
421,1202,p2,selection,92.5892105102539,1787512211.7523546
421,1203,p2,selection,87.14212799072266,1787512211.7567902
422,421,p1,turn,13.972332000732422,1787512211.780814
422,1204,p1,selection,84.04995727539062,1787512211.7852511
422,1205,p1,selection,72.47167205810547,1787512211.7896543
422,1206,p1,selection,68.47662353515625,1787512211.7940462
422,421,p2,turn,9.643994331359863,1787512211.805409
422,1204,p2,selection,84.71614074707031,1787512211.80909
422,1205,p2,selection,101.285888671875,1787512211.812733
422,1206,p2,selection,77.56114196777344,1787512211.8163357
423,422,p1,turn,13.06484317779541,1787512211.8339407
423,1207,p1,selection,64.2361068725586,1787512211.8379154
423,1208,p1,selection,62.65557098388672,1787512211.8418376
423,1209,p1,selection,68.22525024414062,1787512211.8456788
423,422,p2,turn,16.425189971923828,1787512211.85716
423,1207,p2,selection,97.40738677978516,1787512211.8608606
423,1208,p2,selection,87.5672607421875,1787512211.8645282
423,1209,p2,selection,86.19884490966797,1787512211.8684232
424,423,p1,turn,10.332733154296875,1787512211.8878717
424,1210,p1,selection,72.9668197631836,1787512211.8915994
424,1211,p1,selection,70.42634582519531,1787512211.8952844
424,1212,p1,selection,76.76245880126953,1787512211.8989294
424,423,p2,turn,12.475985527038574,1787512211.9108129
424,1210,p2,selection,83.0652084350586,1787512211.9144938
424,1211,p2,selection,91.70883178710938,1787512211.9191322
424,1212,p2,selection,92.74337768554688,1787512211.9245567
425,424,p1,turn,10.502065658569336,1787512211.94859
425,1213,p1,selection,69.88766479492188,1787512211.9534552
425,1214,p1,selection,68.10800170898438,1787512211.9582481
425,1215,p1,selection,59.16864013671875,1787512211.9627757
425,424,p2,turn,13.210270881652832,1787512211.9757679
425,1213,p2,selection,99.56845092773438,1787512211.979397
425,1214,p2,selection,94.71646881103516,1787512211.9831223
425,1215,p2,selection,77.13545227050781,1787512211.9869506
426,425,p1,turn,16.20779037475586,1787512212.025842
426,1216,p1,selection,77.53459167480469,1787512212.0297413
426,1217,p1,selection,68.5417251586914,1787512212.0334094
426,1218,p1,selection,63.24775695800781,1787512212.0374544
426,425,p2,turn,14.099321365356445,1787512212.0487475
426,1216,p2,selection,98.45410919189453,1787512212.052643
426,1217,p2,selection,83.99988555908203,1787512212.0564675
426,1218,p2,selection,111.37776184082031,1787512212.0601323
427,426,p1,turn,11.371695518493652,1787512212.0773377
427,1219,p1,selection,70.58213806152344,1787512212.0811563
427,1220,p1,selection,70.43798065185547,1787512212.0853188
427,1221,p1,selection,78.79609680175781,1787512212.089094
427,426,p2,turn,14.029569625854492,1787512212.1007144
427,1219,p2,selection,108.10862731933594,1787512212.1047502
427,1220,p2,selection,96.28909301757812,1787512212.1084983
427,1221,p2,selection,94.16703796386719,1787512212.1121883
428,427,p1,turn,8.338300704956055,1787512212.1348262
428,1222,p1,selection,73.6444320678711,1787512212.1386118
428,1223,p1,selection,68.21903991699219,1787512212.1422336
428,1224,p1,selection,70.11492919921875,1787512212.1461418
428,427,p2,turn,10.134740829467773,1787512212.1581004
428,1222,p2,selection,96.95955657958984,1787512212.1618183
428,1223,p2,selection,92.86378479003906,1787512212.16539
428,1224,p2,selection,102.9707260131836,1787512212.1693215
429,428,p1,turn,12.01034164428711,1787512212.1953561
429,1225,p1,selection,67.1602554321289,1787512212.1989903
429,1226,p1,selection,82.29547119140625,1787512212.2030587
429,1227,p1,selection,69.40838623046875,1787512212.2068827
429,428,p2,turn,10.743062973022461,1787512212.2185698
429,1225,p2,selection,99.29817199707031,1787512212.2224126
429,1226,p2,selection,94.38184356689453,1787512212.226155
429,1227,p2,selection,88.66213989257812,1787512212.2298172
430,429,p1,turn,15.29221248626709,1787512212.2463057
430,1228,p1,selection,74.71720886230469,1787512212.2500045
430,1229,p1,selection,76.91233825683594,1787512212.253912
430,1230,p1,selection,65.49149322509766,1787512212.2585287
430,429,p2,turn,16.373502731323242,1787512212.272912
430,1228,p2,selection,102.41474151611328,1787512212.2767055
430,1229,p2,selection,83.42684173583984,1787512212.2804484
430,1230,p2,selection,88.5988540649414,1787512212.2843397
431,430,p1,turn,13.113883018493652,1787512212.309774
431,1231,p1,selection,66.18921661376953,1787512212.3135548
431,1232,p1,selection,70.24637603759766,1787512212.3174155
431,1233,p1,selection,71.66328430175781,1787512212.3218136
431,430,p2,turn,16.529186248779297,1787512212.3344257
431,1231,p2,selection,87.21511840820312,1787512212.339461
431,1232,p2,selection,95.88575744628906,1787512212.3441043
431,1233,p2,selection,82.5331802368164,1787512212.3492408
432,431,p1,turn,13.041677474975586,1787512212.3888621
432,1234,p1,selection,69.54130554199219,1787512212.3926582
432,1235,p1,selection,70.70584869384766,1787512212.3965263
432,1236,p1,selection,62.678489685058594,1787512212.4029067
432,431,p2,turn,11.849781036376953,1787512212.419374
432,1234,p2,selection,95.2542953491211,1787512212.4253154
432,1235,p2,selection,71.87629699707031,1787512212.4311597
432,1236,p2,selection,83.6210708618164,1787512212.4375339
433,432,p1,turn,14.4172945022583,1787512212.4693365
433,1237,p1,selection,66.57563018798828,1787512212.4746566
433,1238,p1,selection,73.17280578613281,1787512212.4795165
433,1239,p1,selection,75.82681274414062,1787512212.4836042
433,432,p2,turn,9.238065719604492,1787512212.4990702
433,1237,p2,selection,86.79960632324219,1787512212.5042188
433,1238,p2,selection,89.37870788574219,1787512212.5092733
433,1239,p2,selection,85.84938049316406,1787512212.5152028
434,433,p1,turn,10.964425086975098,1787512212.5446029
434,1240,p1,selection,69.30131530761719,1787512212.5485592
434,1241,p1,selection,66.63346862792969,1787512212.5529594
434,1242,p1,selection,66.65082550048828,1787512212.5578847
434,433,p2,turn,14.11500072479248,1787512212.5731614
434,1240,p2,selection,95.5053939819336,1787512212.5779483
434,1241,p2,selection,97.4900131225586,1787512212.5828302
434,1242,p2,selection,91.3496322631836,1787512212.5877757
435,434,p1,turn,12.834030151367188,1787512212.6125314
435,1243,p1,selection,73.46674346923828,1787512212.6176624
435,1244,p1,selection,68.13221740722656,1787512212.6229281
435,1245,p1,selection,80.67113494873047,1787512212.627866
435,434,p2,turn,11.128592491149902,1787512212.6428769
435,1243,p2,selection,90.50712585449219,1787512212.647964
435,1244,p2,selection,77.14025115966797,1787512212.6528008
435,1245,p2,selection,91.74156188964844,1787512212.6570015
436,435,p1,turn,14.736214637756348,1787512212.686378
436,1246,p1,selection,55.85243606567383,1787512212.6903687
436,1247,p1,selection,68.42096710205078,1787512212.6942673
436,1248,p1,selection,67.75728607177734,1787512212.6987953
436,435,p2,turn,12.485502243041992,1787512212.712569
436,1246,p2,selection,74.51951599121094,1787512212.7173698
436,1247,p2,selection,96.21720123291016,1787512212.7217245
436,1248,p2,selection,100.40623474121094,1787512212.7266648
437,436,p1,turn,11.243124961853027,1787512212.751933
437,1249,p1,selection,70.53504943847656,1787512212.7567062
437,1250,p1,selection,60.8992805480957,1787512212.7616959
437,1251,p1,selection,79.18453979492188,1787512212.766104
437,436,p2,turn,18.236967086791992,1787512212.7782972
437,1249,p2,selection,79.88483428955078,1787512212.7824266
437,1250,p2,selection,84.31369018554688,1787512212.7875438
437,1251,p2,selection,94.40706634521484,1787512212.7920227
438,437,p1,turn,11.106410026550293,1787512212.8149207
438,1252,p1,selection,75.06593322753906,1787512212.8194416
438,1253,p1,selection,80.548095703125,1787512212.8237906
438,1254,p1,selection,74.28508758544922,1787512212.82774
438,437,p2,turn,8.554603576660156,1787512212.8402689
438,1252,p2,selection,97.31192016601562,1787512212.8441477
438,1253,p2,selection,88.77640533447266,1787512212.8480139
438,1254,p2,selection,103.01348114013672,1787512212.8526204
439,438,p1,turn,14.28178596496582,1787512212.8739774
439,1255,p1,selection,78.10186767578125,1787512212.8789184
439,1256,p1,selection,80.07090759277344,1787512212.8843749
439,1257,p1,selection,76.4417953491211,1787512212.890032
439,438,p2,turn,16.15155792236328,1787512212.9056406
439,1255,p2,selection,91.16730499267578,1787512212.9111567
439,1256,p2,selection,108.73222351074219,1787512212.9158878
439,1257,p2,selection,86.76695251464844,1787512212.9205668
440,439,p1,turn,10.249003410339355,1787512212.9639204
440,1258,p1,selection,73.71907043457031,1787512212.969935
440,1259,p1,selection,78.01521301269531,1787512212.9757185
440,1260,p1,selection,69.37805938720703,1787512212.981281
440,439,p2,turn,14.669663429260254,1787512212.9981923
440,1258,p2,selection,80.94772338867188,1787512213.0046935
440,1259,p2,selection,95.10948181152344,1787512213.010685
440,1260,p2,selection,84.6834716796875,1787512213.0163782
441,440,p1,turn,16.225065231323242,1787512213.0491712
441,1261,p1,selection,60.465816497802734,1787512213.0547514
441,1262,p1,selection,66.12908172607422,1787512213.0601892
441,1263,p1,selection,76.72994995117188,1787512213.0659943
441,440,p2,turn,15.867072105407715,1787512213.0865903
441,1261,p2,selection,88.08251190185547,1787512213.091
441,1262,p2,selection,98.69571685791016,1787512213.0951912
441,1263,p2,selection,83.63359832763672,1787512213.0991075
442,441,p1,turn,14.294098854064941,1787512213.1298854
442,1264,p1,selection,75.58802795410156,1787512213.1366036
442,1265,p1,selection,80.09727478027344,1787512213.142662
442,1266,p1,selection,80.01638793945312,1787512213.1485968
442,441,p2,turn,9.685237884521484,1787512213.1676548
442,1264,p2,selection,93.31562805175781,1787512213.1751177
442,1265,p2,selection,97.34502410888672,1787512213.1814148
442,1266,p2,selection,92.60518646240234,1787512213.1884503
443,442,p1,turn,12.232023239135742,1787512213.2171493
443,1267,p1,selection,76.40959167480469,1787512213.2230465
443,1268,p1,selection,65.1338882446289,1787512213.2286701
443,1269,p1,selection,77.66622924804688,1787512213.2347138
443,442,p2,turn,12.652408599853516,1787512213.2514787
443,1267,p2,selection,90.39208984375,1787512213.2571125
443,1268,p2,selection,106.33550262451172,1787512213.2632575
443,1269,p2,selection,89.771240234375,1787512213.2692804
444,443,p1,turn,11.879493713378906,1787512213.3279128
444,1270,p1,selection,81.02345275878906,1787512213.333167
444,1271,p1,selection,69.23814392089844,1787512213.3384414
444,1272,p1,selection,72.15018463134766,1787512213.3447394
444,443,p2,turn,13.483927726745605,1787512213.3634775
444,1270,p2,selection,92.3331298828125,1787512213.3704245
444,1271,p2,selection,86.93962097167969,1787512213.3767214
444,1272,p2,selection,91.70072937011719,1787512213.382132
445,444,p1,turn,13.799134254455566,1787512213.4069617
445,1273,p1,selection,77.21643829345703,1787512213.4112375
445,1274,p1,selection,80.30510711669922,1787512213.4152095
445,1275,p1,selection,80.2655258178711,1787512213.4192526
445,444,p2,turn,13.92892074584961,1787512213.433394
445,1273,p2,selection,88.0684585571289,1787512213.4399855
445,1274,p2,selection,96.09904479980469,1787512213.4450536
445,1275,p2,selection,89.92959594726562,1787512213.4497948
446,445,p1,turn,14.251809120178223,1787512213.4736083
446,1276,p1,selection,78.26810455322266,1787512213.478557
446,1277,p1,selection,72.46002197265625,1787512213.4838183
446,1278,p1,selection,75.8116455078125,1787512213.4890215
446,445,p2,turn,13.841911315917969,1787512213.5050993
446,1276,p2,selection,86.8865966796875,1787512213.5101736
446,1277,p2,selection,80.09920501708984,1787512213.5156767
446,1278,p2,selection,83.98773193359375,1787512213.521493
447,446,p1,turn,13.953433990478516,1787512213.5550716
447,1279,p1,selection,66.7961196899414,1787512213.5602534
447,1280,p1,selection,63.44837188720703,1787512213.565535
447,1281,p1,selection,70.56975555419922,1787512213.5705738
447,446,p2,turn,12.913732528686523,1787512213.5857866
447,1279,p2,selection,86.64694213867188,1787512213.5912123
447,1280,p2,selection,94.63560485839844,1787512213.595701
447,1281,p2,selection,97.47537994384766,1787512213.601524
448,447,p1,turn,13.605271339416504,1787512213.6236823
448,1282,p1,selection,74.41522216796875,1787512213.6283333
448,1283,p1,selection,74.34007263183594,1787512213.633319
448,1284,p1,selection,84.47004699707031,1787512213.6380882
448,447,p2,turn,14.117448806762695,1787512213.653043
448,1282,p2,selection,82.39478302001953,1787512213.6570017
448,1283,p2,selection,97.33078002929688,1787512213.6609964
448,1284,p2,selection,89.62535095214844,1787512213.6648128
449,448,p1,turn,15.997889518737793,1787512213.682461
449,1285,p1,selection,73.3611068725586,1787512213.6873927
449,1286,p1,selection,60.476078033447266,1787512213.6921482
449,1287,p1,selection,64.00251770019531,1787512213.6969063
449,448,p2,turn,12.15219497680664,1787512213.710225
449,1285,p2,selection,75.8955078125,1787512213.7141914
449,1286,p2,selection,86.69664764404297,1787512213.7200665
449,1287,p2,selection,95.27970123291016,1787512213.7262967
450,449,p1,turn,14.246228218078613,1787512213.747969
450,1288,p1,selection,74.4216079711914,1787512213.7524376
450,1289,p1,selection,67.76866912841797,1787512213.7564652
450,1290,p1,selection,65.84479522705078,1787512213.7604465
450,449,p2,turn,14.234143257141113,1787512213.7740033
450,1288,p2,selection,80.56649017333984,1787512213.7791378
450,1289,p2,selection,86.24430847167969,1787512213.7856083
450,1290,p2,selection,85.24559020996094,1787512213.7907937
451,450,p1,turn,12.025229454040527,1787512213.8226404
451,1291,p1,selection,63.84214782714844,1787512213.828791
451,1292,p1,selection,71.02415466308594,1787512213.8362386
451,1293,p1,selection,73.65350341796875,1787512213.8429058
451,450,p2,turn,10.364425659179688,1787512213.8601623
451,1291,p2,selection,86.19686889648438,1787512213.8665738
451,1292,p2,selection,96.92608642578125,1787512213.8718922
451,1293,p2,selection,84.23876190185547,1787512213.8759394
452,451,p1,turn,11.902531623840332,1787512213.90045
452,1294,p1,selection,73.8328857421875,1787512213.9063373
452,1295,p1,selection,79.02530670166016,1787512213.9119053
452,1296,p1,selection,62.62398147583008,1787512213.9194233
452,451,p2,turn,14.980216979980469,1787512213.93695
452,1294,p2,selection,92.55623626708984,1787512213.9427543
452,1295,p2,selection,99.29843139648438,1787512213.9486058
452,1296,p2,selection,82.1949234008789,1787512213.9550116
453,452,p1,turn,20.094694137573242,1787512213.989713
453,1297,p1,selection,66.25855255126953,1787512213.9947758
453,1298,p1,selection,74.07350158691406,1787512213.9995232
453,1299,p1,selection,69.02735900878906,1787512214.0039122
453,452,p2,turn,9.274002075195312,1787512214.0179248
453,1297,p2,selection,82.93997955322266,1787512214.0229023
453,1298,p2,selection,89.10545349121094,1787512214.0281856
453,1299,p2,selection,92.60128021240234,1787512214.033868
454,453,p1,turn,12.510393142700195,1787512214.0599146
454,1300,p1,selection,78.14826202392578,1787512214.0655565
454,1301,p1,selection,79.30967712402344,1787512214.071195
454,1302,p1,selection,74.48817443847656,1787512214.0766692
454,453,p2,turn,14.99827766418457,1787512214.089383
454,1300,p2,selection,82.20182800292969,1787512214.09433
454,1301,p2,selection,88.36299896240234,1787512214.0997984
454,1302,p2,selection,98.84761047363281,1787512214.1054626
455,454,p1,turn,12.927613258361816,1787512214.1322753
455,1303,p1,selection,84.583251953125,1787512214.1385958
455,1304,p1,selection,84.2634506225586,1787512214.143061
455,1305,p1,selection,75.78083801269531,1787512214.1470997
455,454,p2,turn,15.86297607421875,1787512214.16199
455,1303,p2,selection,99.18245697021484,1787512214.1668012
455,1304,p2,selection,90.32969665527344,1787512214.171214
455,1305,p2,selection,89.91456604003906,1787512214.1761732
456,455,p1,turn,10.775774955749512,1787512214.2063847
456,1306,p1,selection,88.04512786865234,1787512214.21027
456,1307,p1,selection,78.46184539794922,1787512214.214166
456,1308,p1,selection,73.6153564453125,1787512214.2197335
456,455,p2,turn,11.045753479003906,1787512214.2355068
456,1306,p2,selection,90.56311798095703,1787512214.241454
456,1307,p2,selection,97.67131805419922,1787512214.2467165
456,1308,p2,selection,87.26005554199219,1787512214.252768
457,456,p1,turn,12.358199119567871,1787512214.312119
457,1309,p1,selection,86.27670288085938,1787512214.3161213
457,1310,p1,selection,81.45691680908203,1787512214.3205185
457,1311,p1,selection,72.89667510986328,1787512214.32454
457,456,p2,turn,14.026751518249512,1787512214.3402672
457,1309,p2,selection,97.86024475097656,1787512214.3448806
457,1310,p2,selection,102.23217010498047,1787512214.348909
457,1311,p2,selection,90.68246459960938,1787512214.3529727
458,457,p1,turn,11.787863731384277,1787512214.38349
458,1312,p1,selection,73.91217041015625,1787512214.3878522
458,1313,p1,selection,85.26760864257812,1787512214.393419
458,1314,p1,selection,77.66059875488281,1787512214.3991742
458,457,p2,turn,10.21667194366455,1787512214.4182801
458,1312,p2,selection,103.92064666748047,1787512214.4249854
458,1313,p2,selection,100.54778289794922,1787512214.430526
458,1314,p2,selection,91.31272888183594,1787512214.435862
459,458,p1,turn,13.197566986083984,1787512214.4638634
459,1315,p1,selection,77.60871124267578,1787512214.4688268
459,1316,p1,selection,85.72904968261719,1787512214.4746356
459,1317,p1,selection,72.12503051757812,1787512214.4797597
459,458,p2,turn,13.927757263183594,1787512214.4955091
459,1315,p2,selection,100.35218811035156,1787512214.501345
459,1316,p2,selection,83.23292541503906,1787512214.5068438
459,1317,p2,selection,93.3895263671875,1787512214.511781
460,459,p1,turn,9.972062110900879,1787512214.5488148
460,1318,p1,selection,90.030517578125,1787512214.5540545
460,1319,p1,selection,72.7453384399414,1787512214.5593638
460,1320,p1,selection,102.57796478271484,1787512214.5645645
460,459,p2,turn,10.166659355163574,1787512214.5809925
460,1318,p2,selection,101.64375305175781,1787512214.5868611
460,1319,p2,selection,96.38410186767578,1787512214.5920837
460,1320,p2,selection,77.71527099609375,1787512214.596511
461,460,p1,turn,17.031824111938477,1787512214.6206496
461,1321,p1,selection,79.2117919921875,1787512214.626859
461,1322,p1,selection,77.99393463134766,1787512214.632207
461,1323,p1,selection,73.74662780761719,1787512214.639149
461,460,p2,turn,11.646218299865723,1787512214.6553152
461,1321,p2,selection,103.57839965820312,1787512214.6601741
461,1322,p2,selection,90.15816497802734,1787512214.6651714
461,1323,p2,selection,91.85426330566406,1787512214.6711986
462,461,p1,turn,13.728227615356445,1787512214.7084012
462,1324,p1,selection,77.33637237548828,1787512214.7130284
462,1325,p1,selection,71.16429138183594,1787512214.7177937
462,1326,p1,selection,77.6327133178711,1787512214.7225099
462,461,p2,turn,12.757577896118164,1787512214.7368631
462,1324,p2,selection,95.7676773071289,1787512214.741613
462,1325,p2,selection,90.41948699951172,1787512214.7462811
462,1326,p2,selection,100.50306701660156,1787512214.7508788
463,462,p1,turn,10.338624954223633,1787512214.768291
463,1327,p1,selection,82.37309265136719,1787512214.7723637
463,1328,p1,selection,82.13566589355469,1787512214.776206
463,1329,p1,selection,74.35185241699219,1787512214.780119
463,462,p2,turn,12.75381851196289,1787512214.7927911
463,1327,p2,selection,96.19410705566406,1787512214.796684
463,1328,p2,selection,90.88980865478516,1787512214.800574
463,1329,p2,selection,90.7011489868164,1787512214.8051
464,463,p1,turn,16.803680419921875,1787512214.834381
464,1330,p1,selection,79.89016723632812,1787512214.8387513
464,1331,p1,selection,72.97042083740234,1787512214.8428948
464,1332,p1,selection,80.92030334472656,1787512214.8469143
464,463,p2,turn,11.593758583068848,1787512214.8594294
464,1330,p2,selection,95.75009155273438,1787512214.8634977
464,1331,p2,selection,95.48965454101562,1787512214.8679087
464,1332,p2,selection,97.05191802978516,1787512214.8725476
465,464,p1,turn,8.728833198547363,1787512214.8968887
465,1333,p1,selection,79.22014617919922,1787512214.901023
465,1334,p1,selection,85.85018920898438,1787512214.9055202
465,1335,p1,selection,76.91554260253906,1787512214.9094756
465,464,p2,turn,12.420950889587402,1787512214.9223301
465,1333,p2,selection,100.76438903808594,1787512214.9272108
465,1334,p2,selection,92.76859283447266,1787512214.9319193
465,1335,p2,selection,96.04988098144531,1787512214.9368937
466,465,p1,turn,16.479259490966797,1787512214.9665005
466,1336,p1,selection,68.75714874267578,1787512214.9708252
466,1337,p1,selection,76.85025024414062,1787512214.974821
466,1338,p1,selection,68.15206146240234,1787512214.9787226
466,465,p2,turn,10.35226821899414,1787512214.9945972
466,1336,p2,selection,88.0495834350586,1787512214.9997063
466,1337,p2,selection,86.74324035644531,1787512215.0038302
466,1338,p2,selection,94.17926788330078,1787512215.008998
467,466,p1,turn,14.676995277404785,1787512215.0400925
467,1339,p1,selection,71.86622619628906,1787512215.0439126
467,1340,p1,selection,76.8275146484375,1787512215.0479321
467,1341,p1,selection,83.70498657226562,1787512215.0529332
467,466,p2,turn,8.44999885559082,1787512215.0700507
467,1339,p2,selection,79.1376953125,1787512215.0752394
467,1340,p2,selection,82.56523895263672,1787512215.0801308
467,1341,p2,selection,88.67711639404297,1787512215.0860987
468,467,p1,turn,12.936016082763672,1787512215.1232333
468,1342,p1,selection,74.18429565429688,1787512215.1284885
468,1343,p1,selection,71.65705871582031,1787512215.133793
468,1344,p1,selection,72.774169921875,1787512215.1399949
468,467,p2,turn,12.320597648620605,1787512215.1574135
468,1342,p2,selection,103.42779541015625,1787512215.162802
468,1343,p2,selection,99.60458374023438,1787512215.1683767
468,1344,p2,selection,99.58362579345703,1787512215.1739905
469,468,p1,turn,8.908854484558105,1787512215.1981807
469,1345,p1,selection,72.82382202148438,1787512215.2023857
469,1346,p1,selection,78.4409408569336,1787512215.2070801
469,1347,p1,selection,81.38108825683594,1787512215.2115154
469,468,p2,turn,13.459924697875977,1787512215.2254229
469,1345,p2,selection,84.3418197631836,1787512215.2297742
469,1346,p2,selection,100.44261169433594,1787512215.2341588
469,1347,p2,selection,94.37803649902344,1787512215.2383761
470,469,p1,turn,13.811182022094727,1787512215.2614243
470,1348,p1,selection,73.6238784790039,1787512215.2651248
470,1349,p1,selection,73.61419677734375,1787512215.2692714
470,1350,p1,selection,71.4493408203125,1787512215.2734175
470,469,p2,turn,13.329764366149902,1787512215.2858806
470,1348,p2,selection,86.7638931274414,1787512215.2898095
470,1349,p2,selection,94.69253540039062,1787512215.2935424
470,1350,p2,selection,93.05269622802734,1787512215.2978964
471,470,p1,turn,14.06788444519043,1787512215.3243964
471,1351,p1,selection,76.22305297851562,1787512215.3289802
471,1352,p1,selection,85.0946273803711,1787512215.3335454
471,1353,p1,selection,85.70448303222656,1787512215.3383822
471,470,p2,turn,16.068416595458984,1787512215.3530426
471,1351,p2,selection,100.95423889160156,1787512215.357711
471,1352,p2,selection,90.51429748535156,1787512215.362346
471,1353,p2,selection,106.42247772216797,1787512215.3671095
472,471,p1,turn,12.951171875,1787512215.3996537
472,1354,p1,selection,75.66557312011719,1787512215.4039302
472,1355,p1,selection,86.0032730102539,1787512215.4077241
472,1356,p1,selection,96.00486755371094,1787512215.4114606
472,471,p2,turn,11.642999649047852,1787512215.4247158
472,1354,p2,selection,90.9078140258789,1787512215.4295332
472,1355,p2,selection,104.29253387451172,1787512215.434947
472,1356,p2,selection,89.25841522216797,1787512215.4388974
473,472,p1,turn,11.126885414123535,1787512215.4794993
473,1357,p1,selection,90.57261657714844,1787512215.483684
473,1358,p1,selection,80.42536926269531,1787512215.4880843
473,1359,p1,selection,89.30844116210938,1787512215.4919665
473,472,p2,turn,11.449942588806152,1787512215.5043025
473,1357,p2,selection,93.28929901123047,1787512215.508037
473,1358,p2,selection,101.84015655517578,1787512215.5120032
473,1359,p2,selection,101.90037536621094,1787512215.5156934
474,473,p1,turn,15.733953475952148,1787512215.5349998
474,1360,p1,selection,90.25126647949219,1787512215.538775
474,1361,p1,selection,77.7293472290039,1787512215.5424986
474,1362,p1,selection,75.55712890625,1787512215.5461395
474,473,p2,turn,12.821928977966309,1787512215.5576825
474,1360,p2,selection,104.242431640625,1787512215.561414
474,1361,p2,selection,97.77416229248047,1787512215.5650234
474,1362,p2,selection,89.90571594238281,1787512215.568995
475,474,p1,turn,17.307832717895508,1787512215.5998724
475,1363,p1,selection,82.00904846191406,1787512215.6038556
475,1364,p1,selection,55.8679084777832,1787512215.6076014
475,1365,p1,selection,82.27111053466797,1787512215.6112356
475,474,p2,turn,12.342859268188477,1787512215.6228352
475,1363,p2,selection,96.17593383789062,1787512215.6265428
475,1364,p2,selection,99.20067596435547,1787512215.630184
475,1365,p2,selection,110.77250671386719,1787512215.6339977
476,475,p1,turn,15.352445602416992,1787512215.6565506
476,1366,p1,selection,96.924560546875,1787512215.6602635
476,1367,p1,selection,94.91718292236328,1787512215.663939
476,1368,p1,selection,80.15328979492188,1787512215.6677797
476,475,p2,turn,14.50399398803711,1787512215.6792095
476,1366,p2,selection,98.96646881103516,1787512215.6833873
476,1367,p2,selection,108.99301147460938,1787512215.687554
476,1368,p2,selection,93.4987564086914,1787512215.6912897
477,476,p1,turn,13.52016544342041,1787512215.714247
477,1369,p1,selection,90.78016662597656,1787512215.7182088
477,1370,p1,selection,79.1605224609375,1787512215.722041
477,1371,p1,selection,67.27662658691406,1787512215.7256732
477,476,p2,turn,17.643470764160156,1787512215.7396934
477,1369,p2,selection,110.80530548095703,1787512215.7440808
477,1370,p2,selection,96.2659912109375,1787512215.7477388
477,1371,p2,selection,97.34918975830078,1787512215.7517817
478,477,p1,turn,14.838287353515625,1787512215.7852392
478,1372,p1,selection,95.82842254638672,1787512215.7892997
478,1373,p1,selection,80.65142822265625,1787512215.793094
478,1374,p1,selection,76.15478515625,1787512215.7968285
478,477,p2,turn,11.60400390625,1787512215.8082728
478,1372,p2,selection,90.16725158691406,1787512215.811883
478,1373,p2,selection,88.638671875,1787512215.8155491
478,1374,p2,selection,103.41352844238281,1787512215.8194945
479,478,p1,turn,14.859819412231445,1787512215.8411524
479,1375,p1,selection,85.29544067382812,1787512215.8448384
479,1376,p1,selection,79.72889709472656,1787512215.8484714
479,1377,p1,selection,80.7327651977539,1787512215.8524752
479,478,p2,turn,12.472176551818848,1787512215.8640296
479,1375,p2,selection,109.49665832519531,1787512215.867873
479,1376,p2,selection,93.53689575195312,1787512215.871749
479,1377,p2,selection,99.99821472167969,1787512215.8754125
480,479,p1,turn,13.303502082824707,1787512215.8977947
480,1378,p1,selection,77.68556213378906,1787512215.9024432
480,1379,p1,selection,72.17159271240234,1787512215.9069235
480,1380,p1,selection,87.57074737548828,1787512215.9113479
480,479,p2,turn,9.186326026916504,1787512215.9255137
480,1378,p2,selection,98.78924560546875,1787512215.9303775
480,1379,p2,selection,94.27916717529297,1787512215.934498
480,1380,p2,selection,94.54393768310547,1787512215.9383376
481,480,p1,turn,13.941118240356445,1787512215.9652958
481,1381,p1,selection,85.20777893066406,1787512215.969286
481,1382,p1,selection,88.27037048339844,1787512215.9732132
481,1383,p1,selection,64.42185974121094,1787512215.9770496
481,480,p2,turn,5.761285781860352,1787512215.988684
481,1381,p2,selection,92.89521789550781,1787512215.9924266
481,1382,p2,selection,98.47200012207031,1787512215.9961114
481,1383,p2,selection,91.95722198486328,1787512215.9997737
482,481,p1,turn,14.036407470703125,1787512216.0340745
482,1384,p1,selection,68.05189514160156,1787512216.0381465
482,1385,p1,selection,74.7612533569336,1787512216.0418928
482,1386,p1,selection,73.8594970703125,1787512216.0455797
482,481,p2,turn,10.776571273803711,1787512216.0571382
482,1384,p2,selection,86.08795928955078,1787512216.060882
482,1385,p2,selection,92.36660766601562,1787512216.0645123
482,1386,p2,selection,97.6255874633789,1787512216.0683372
483,482,p1,turn,9.709033012390137,1787512216.0901513
483,1387,p1,selection,81.02315521240234,1787512216.0951688
483,1388,p1,selection,73.83563232421875,1787512216.0999722
483,1389,p1,selection,71.36111450195312,1787512216.1043417
483,482,p2,turn,14.345556259155273,1787512216.1164274
483,1387,p2,selection,87.37173461914062,1787512216.1209643
483,1388,p2,selection,91.2539291381836,1787512216.124973
483,1389,p2,selection,101.83859252929688,1787512216.1290846
484,483,p1,turn,13.251811981201172,1787512216.1502776
484,1390,p1,selection,77.70010375976562,1787512216.155084
484,1391,p1,selection,85.17628479003906,1787512216.159246
484,1392,p1,selection,83.14872741699219,1787512216.164147
484,483,p2,turn,12.87763786315918,1787512216.1772268
484,1390,p2,selection,88.6866683959961,1787512216.1813626
484,1391,p2,selection,88.45792388916016,1787512216.1862764
484,1392,p2,selection,98.26268005371094,1787512216.1909873
485,484,p1,turn,14.016231536865234,1787512216.2233496
485,1393,p1,selection,77.55927276611328,1787512216.2285168
485,1394,p1,selection,74.4976577758789,1787512216.2332478
485,1395,p1,selection,80.05496215820312,1787512216.2375143
485,484,p2,turn,15.787934303283691,1787512216.249685
485,1393,p2,selection,86.519287109375,1787512216.2546804
485,1394,p2,selection,102.7047119140625,1787512216.2588372
485,1395,p2,selection,83.66112518310547,1787512216.2629092
486,485,p1,turn,6.915256023406982,1787512216.2842333
486,1396,p1,selection,68.74835968017578,1787512216.28925
486,1397,p1,selection,78.43357849121094,1787512216.2938728
486,1398,p1,selection,79.55393981933594,1787512216.2984996
486,485,p2,turn,17.933012008666992,1787512216.3128471
486,1396,p2,selection,95.07275390625,1787512216.3176787
486,1397,p2,selection,121.22026062011719,1787512216.323115
486,1398,p2,selection,97.60420989990234,1787512216.3269522
487,486,p1,turn,22.4738712310791,1787512216.3496006
487,1399,p1,selection,73.5550308227539,1787512216.353754
487,1400,p1,selection,87.8083267211914,1787512216.3579142
487,1401,p1,selection,83.81526184082031,1787512216.3617978
487,486,p2,turn,10.61636734008789,1787512216.3745995
487,1399,p2,selection,86.73065185546875,1787512216.3791628
487,1400,p2,selection,97.72372436523438,1787512216.3834796
487,1401,p2,selection,108.70867919921875,1787512216.3886764
488,487,p1,turn,15.029560089111328,1787512216.4151292
488,1402,p1,selection,89.41433715820312,1787512216.4201744
488,1403,p1,selection,64.88594055175781,1787512216.4258642
488,1404,p1,selection,79.9142074584961,1787512216.4306307
488,487,p2,turn,13.84939956665039,1787512216.4459603
488,1402,p2,selection,103.04988098144531,1787512216.4515045
488,1403,p2,selection,109.2293701171875,1787512216.4568386
488,1404,p2,selection,88.45733642578125,1787512216.461823
489,488,p1,turn,15.399452209472656,1787512216.5059655
489,1405,p1,selection,78.5282974243164,1787512216.511281
489,1406,p1,selection,89.98680877685547,1787512216.5172641
489,1407,p1,selection,105.5897216796875,1787512216.5254614
489,488,p2,turn,14.968491554260254,1787512216.5394337
489,1405,p2,selection,95.48019409179688,1787512216.5436509
489,1406,p2,selection,105.97249603271484,1787512216.5477657
489,1407,p2,selection,97.02813720703125,1787512216.5531137
490,489,p1,turn,19.867259979248047,1787512216.5876713
490,1408,p1,selection,96.28779602050781,1787512216.5927613
490,1409,p1,selection,84.24481964111328,1787512216.5975695
490,1410,p1,selection,80.86250305175781,1787512216.6026363
490,489,p2,turn,10.144486427307129,1787512216.617173
490,1408,p2,selection,102.69319915771484,1787512216.622327
490,1409,p2,selection,95.30931854248047,1787512216.6270568
490,1410,p2,selection,113.12905883789062,1787512216.6317997
491,490,p1,turn,10.661372184753418,1787512216.6560497
491,1411,p1,selection,94.57646179199219,1787512216.6600914
491,1412,p1,selection,86.45013427734375,1787512216.6639714
491,1413,p1,selection,82.9129409790039,1787512216.6692228
491,490,p2,turn,11.706708908081055,1787512216.6829226
491,1411,p2,selection,90.93781280517578,1787512216.6877007
491,1412,p2,selection,89.11991119384766,1787512216.691903
491,1413,p2,selection,100.13677215576172,1787512216.6969264
492,491,p1,turn,19.093524932861328,1787512216.7271147
492,1414,p1,selection,87.5760269165039,1787512216.731341
492,1415,p1,selection,96.05975341796875,1787512216.7370913
492,1416,p1,selection,87.46804809570312,1787512216.7417107
492,491,p2,turn,11.012168884277344,1787512216.7561915
492,1414,p2,selection,111.69625854492188,1787512216.7603133
492,1415,p2,selection,95.63616943359375,1787512216.7653694
492,1416,p2,selection,106.79549407958984,1787512216.7711606
493,492,p1,turn,20.42618751525879,1787512216.8082516
493,1417,p1,selection,88.57003784179688,1787512216.8127878
493,1418,p1,selection,84.39865112304688,1787512216.8170066
493,1419,p1,selection,72.32270812988281,1787512216.8226128
493,492,p2,turn,13.337905883789062,1787512216.8381906
493,1417,p2,selection,81.51937103271484,1787512216.8429136
493,1418,p2,selection,90.9981460571289,1787512216.847416
493,1419,p2,selection,107.56027221679688,1787512216.8524618
494,493,p1,turn,13.722132682800293,1787512216.9081814
494,1420,p1,selection,94.46041870117188,1787512216.9135382
494,1421,p1,selection,97.85807037353516,1787512216.9195335
494,1422,p1,selection,68.35795593261719,1787512216.923813
494,493,p2,turn,14.106522560119629,1787512216.9381375
494,1420,p2,selection,114.9687271118164,1787512216.9421942
494,1421,p2,selection,86.99568176269531,1787512216.9461336
494,1422,p2,selection,102.15521240234375,1787512216.9513657
495,494,p1,turn,10.349221229553223,1787512216.9771914
495,1423,p1,selection,78.41291809082031,1787512216.9820611
495,1424,p1,selection,86.67620849609375,1787512216.9870155
495,1425,p1,selection,81.3067398071289,1787512216.9917235
495,494,p2,turn,12.663825035095215,1787512217.0053976
495,1423,p2,selection,94.33148956298828,1787512217.0094025
495,1424,p2,selection,100.7705307006836,1787512217.0134046
495,1425,p2,selection,94.31443786621094,1787512217.0176985
496,495,p1,turn,11.730920791625977,1787512217.0533402
496,1426,p1,selection,91.94157409667969,1787512217.0579813
496,1427,p1,selection,85.41986846923828,1787512217.0619411
496,1428,p1,selection,89.04869079589844,1787512217.0671568
496,495,p2,turn,16.699424743652344,1787512217.0827012
496,1426,p2,selection,89.91839599609375,1787512217.0875106
496,1427,p2,selection,106.51617431640625,1787512217.0924513
496,1428,p2,selection,105.98857879638672,1787512217.097454
497,496,p1,turn,15.596247673034668,1787512217.1267793
497,1429,p1,selection,91.87698364257812,1787512217.130926
497,1430,p1,selection,84.56497955322266,1787512217.1356814
497,1431,p1,selection,72.18900299072266,1787512217.140662
497,496,p2,turn,10.760629653930664,1787512217.155716
497,1429,p2,selection,111.55927276611328,1787512217.1609614
497,1430,p2,selection,98.19638061523438,1787512217.166034
497,1431,p2,selection,94.39713287353516,1787512217.1710303
498,497,p1,turn,15.15947437286377,1787512217.2349455
498,1432,p1,selection,77.98533630371094,1787512217.241323
498,1433,p1,selection,89.92356872558594,1787512217.2464068
498,1434,p1,selection,74.90104675292969,1787512217.2513263
498,497,p2,turn,10.655189514160156,1787512217.265987
498,1432,p2,selection,95.99435424804688,1787512217.2707677
498,1433,p2,selection,105.66787719726562,1787512217.2754102
498,1434,p2,selection,98.82237243652344,1787512217.2798307
499,498,p1,turn,13.438413619995117,1787512217.3056655
499,1435,p1,selection,88.30116271972656,1787512217.3095174
499,1436,p1,selection,85.17919158935547,1787512217.3134944
499,1437,p1,selection,81.93293762207031,1787512217.318291
499,498,p2,turn,10.987197875976562,1787512217.3315196
499,1435,p2,selection,108.11524963378906,1787512217.335839
499,1436,p2,selection,89.65890502929688,1787512217.3397095
499,1437,p2,selection,109.90396118164062,1787512217.343487
500,499,p1,turn,12.34202766418457,1787512217.3654234
500,1438,p1,selection,78.16116333007812,1787512217.3702776
500,1439,p1,selection,64.87571716308594,1787512217.3741999
500,1440,p1,selection,73.35104370117188,1787512217.3781328
500,499,p2,turn,13.345545768737793,1787512217.3928
500,1438,p2,selection,87.21842956542969,1787512217.3971074
500,1439,p2,selection,103.3392562866211,1787512217.4010231
500,1440,p2,selection,109.87708282470703,1787512217.4049926
501,500,p1,turn,16.555994033813477,1787512217.430448
501,1441,p1,selection,83.8149642944336,1787512217.435029
501,1442,p1,selection,77.41703033447266,1787512217.4401445
501,1443,p1,selection,83.87578582763672,1787512217.4441192
501,500,p2,turn,17.726327896118164,1787512217.4575632
501,1441,p2,selection,98.10777282714844,1787512217.4623096
501,1442,p2,selection,86.45075225830078,1787512217.4672582
501,1443,p2,selection,96.68778228759766,1787512217.4722524
502,501,p1,turn,17.606250762939453,1787512217.5015218
502,1444,p1,selection,78.62815856933594,1787512217.5064325
502,1445,p1,selection,89.77513122558594,1787512217.5110881
502,1446,p1,selection,85.35807037353516,1787512217.5156503
502,501,p2,turn,17.790184020996094,1787512217.5297344
502,1444,p2,selection,94.2049331665039,1787512217.5344915
502,1445,p2,selection,113.27449035644531,1787512217.5383983
502,1446,p2,selection,99.67072296142578,1787512217.5422063
503,502,p1,turn,10.348302841186523,1787512217.562933
503,1447,p1,selection,80.69906616210938,1787512217.5667574
503,1448,p1,selection,74.519775390625,1787512217.5709698
503,1449,p1,selection,86.10066223144531,1787512217.574869
503,502,p2,turn,17.685976028442383,1787512217.587603
503,1447,p2,selection,94.14537048339844,1787512217.5917966
503,1448,p2,selection,114.38813781738281,1787512217.5956511
503,1449,p2,selection,100.6019287109375,1787512217.5996861
504,503,p1,turn,20.518707275390625,1787512217.6231964
504,1450,p1,selection,80.85234832763672,1787512217.6275587
504,1451,p1,selection,101.60443878173828,1787512217.631421
504,1452,p1,selection,73.3287353515625,1787512217.6369097
504,503,p2,turn,17.01648712158203,1787512217.6503844
504,1450,p2,selection,85.39816284179688,1787512217.6554418
504,1451,p2,selection,110.10102081298828,1787512217.659193
504,1452,p2,selection,119.15625,1787512217.6637406
505,504,p1,turn,15.605286598205566,1787512217.686032
505,1453,p1,selection,81.6611328125,1787512217.6901484
505,1454,p1,selection,96.99413299560547,1787512217.6941013
505,1455,p1,selection,88.02523803710938,1787512217.6980355
505,504,p2,turn,14.540288925170898,1787512217.7129908
505,1453,p2,selection,113.20697784423828,1787512217.717034
505,1454,p2,selection,101.54678344726562,1787512217.7231896
505,1455,p2,selection,121.67933654785156,1787512217.7270281
506,505,p1,turn,13.573282241821289,1787512217.750403
506,1456,p1,selection,94.40171813964844,1787512217.7548635
506,1457,p1,selection,108.12759399414062,1787512217.7588985
506,1458,p1,selection,90.73096466064453,1787512217.7632654
506,505,p2,turn,13.375421524047852,1787512217.7757432
506,1456,p2,selection,117.12659454345703,1787512217.779613
506,1457,p2,selection,105.1151123046875,1787512217.7834823
506,1458,p2,selection,115.08843231201172,1787512217.788485
507,506,p1,turn,10.083807945251465,1787512217.8209436
507,1459,p1,selection,89.41956329345703,1787512217.8254335
507,1460,p1,selection,74.73858642578125,1787512217.8300474
507,1461,p1,selection,91.4460220336914,1787512217.8344555
507,506,p2,turn,12.89645004272461,1787512217.8479247
507,1459,p2,selection,103.26016235351562,1787512217.8526783
507,1460,p2,selection,99.00862121582031,1787512217.8574197
507,1461,p2,selection,104.99188232421875,1787512217.8619838
508,507,p1,turn,10.936721801757812,1787512217.8939543
508,1462,p1,selection,97.0185775756836,1787512217.8976698
508,1463,p1,selection,99.49862670898438,1787512217.901579
508,1464,p1,selection,92.4817886352539,1787512217.905474
508,507,p2,turn,13.787080764770508,1787512217.9167123
508,1462,p2,selection,113.67171478271484,1787512217.9206433
508,1463,p2,selection,113.70025634765625,1787512217.9243953
508,1464,p2,selection,98.7723159790039,1787512217.9280722
509,508,p1,turn,13.335770606994629,1787512217.9486327
509,1465,p1,selection,108.40312194824219,1787512217.9524922
509,1466,p1,selection,82.7512435913086,1787512217.9562771
509,1467,p1,selection,91.85104370117188,1787512217.9598393
509,508,p2,turn,16.2672176361084,1787512217.97324
509,1465,p2,selection,112.12144470214844,1787512217.9769154
509,1466,p2,selection,92.06913757324219,1787512217.980586
509,1467,p2,selection,117.45179748535156,1787512217.9844825
510,509,p1,turn,14.58253002166748,1787512218.0169797
510,1468,p1,selection,94.10877227783203,1787512218.0210118
510,1469,p1,selection,80.07585144042969,1787512218.0248134
510,1470,p1,selection,88.53579711914062,1787512218.0287147
510,509,p2,turn,10.905614852905273,1787512218.0401676
510,1468,p2,selection,109.85568237304688,1787512218.0440402
510,1469,p2,selection,95.55554962158203,1787512218.0477343
510,1470,p2,selection,105.26870727539062,1787512218.0516956
511,510,p1,turn,7.971317291259766,1787512218.1241684
511,1471,p1,selection,96.61035919189453,1787512218.1279147
511,1472,p1,selection,83.9698257446289,1787512218.1315532
511,1473,p1,selection,77.40643310546875,1787512218.1355329
511,510,p2,turn,11.363561630249023,1787512218.1472533
511,1471,p2,selection,105.90341186523438,1787512218.1510468
511,1472,p2,selection,91.87916564941406,1787512218.154713
511,1473,p2,selection,114.01702117919922,1787512218.1585038
512,511,p1,turn,13.540458679199219,1787512218.1785429
512,1474,p1,selection,83.26150512695312,1787512218.1822433
512,1475,p1,selection,74.35208129882812,1787512218.1861897
512,1476,p1,selection,102.02386474609375,1787512218.190702
512,511,p2,turn,12.745733261108398,1787512218.2021754
512,1474,p2,selection,118.40348815917969,1787512218.2061782
512,1475,p2,selection,116.10414123535156,1787512218.209971
512,1476,p2,selection,107.05291748046875,1787512218.2138832
513,512,p1,turn,16.191160202026367,1787512218.233008
513,1477,p1,selection,95.09720611572266,1787512218.2370937
513,1478,p1,selection,90.06523895263672,1787512218.2409995
513,1479,p1,selection,88.61620330810547,1787512218.2447543
513,512,p2,turn,13.328704833984375,1787512218.2566392
513,1477,p2,selection,98.94916534423828,1787512218.2603676
513,1478,p2,selection,111.67434692382812,1787512218.2640977
513,1479,p2,selection,114.67303466796875,1787512218.2680378
514,513,p1,turn,11.85595989227295,1787512218.297079
514,1480,p1,selection,107.49198150634766,1787512218.3012307
514,1481,p1,selection,87.78158569335938,1787512218.3059402
514,1482,p1,selection,78.25530242919922,1787512218.3109422
514,513,p2,turn,11.442198753356934,1787512218.322738
514,1480,p2,selection,113.63980865478516,1787512218.3264878
514,1481,p2,selection,105.29647064208984,1787512218.330266
514,1482,p2,selection,111.08379364013672,1787512218.3342054
515,514,p1,turn,14.737008094787598,1787512218.363172
515,1483,p1,selection,111.0410385131836,1787512218.3668196
515,1484,p1,selection,87.11406707763672,1787512218.3707993
515,1485,p1,selection,86.691162109375,1787512218.37449
515,514,p2,turn,8.434041976928711,1787512218.3858922
515,1483,p2,selection,106.27705383300781,1787512218.3897324
515,1484,p2,selection,115.73426818847656,1787512218.3940525
515,1485,p2,selection,112.9385986328125,1787512218.3985097
516,515,p1,turn,12.57534408569336,1787512218.425891
516,1486,p1,selection,106.29110717773438,1787512218.430394
516,1487,p1,selection,86.47550201416016,1787512218.4353087
516,1488,p1,selection,82.76034545898438,1787512218.4403584
516,515,p2,turn,11.495428085327148,1787512218.4535565
516,1486,p2,selection,113.74388122558594,1787512218.4574778
516,1487,p2,selection,115.94636535644531,1787512218.4612787
516,1488,p2,selection,103.67559051513672,1787512218.4655128
517,516,p1,turn,8.672761917114258,1787512218.4879353
517,1489,p1,selection,100.91674041748047,1787512218.4926023
517,1490,p1,selection,84.72178649902344,1787512218.4974446
517,1491,p1,selection,83.57376098632812,1787512218.502658
517,516,p2,turn,11.6968355178833,1787512218.5184941
517,1489,p2,selection,109.55484008789062,1787512218.5235827
517,1490,p2,selection,93.67239379882812,1787512218.528318
517,1491,p2,selection,105.2555160522461,1787512218.5332105
518,517,p1,turn,15.663955688476562,1787512218.5662062
518,1492,p1,selection,79.11874389648438,1787512218.5723114
518,1493,p1,selection,91.56729888916016,1787512218.5772157
518,1494,p1,selection,80.90553283691406,1787512218.5828686
518,517,p2,turn,9.505534172058105,1787512218.5982502
518,1492,p2,selection,97.95801544189453,1787512218.6030076
518,1493,p2,selection,106.5287094116211,1787512218.6077547
518,1494,p2,selection,89.22498321533203,1787512218.612519
519,518,p1,turn,9.884069442749023,1787512218.6364324
519,1495,p1,selection,68.8758544921875,1787512218.6415074
519,1496,p1,selection,87.19951629638672,1787512218.6461277
519,1497,p1,selection,89.69539642333984,1787512218.6508908
519,518,p2,turn,9.692667961120605,1787512218.6658292
519,1495,p2,selection,89.85221099853516,1787512218.6708016
519,1496,p2,selection,104.86335754394531,1787512218.675691
519,1497,p2,selection,98.9159927368164,1787512218.6805975
520,519,p1,turn,13.038875579833984,1787512218.7103257
520,1498,p1,selection,81.62454223632812,1787512218.7150302
520,1499,p1,selection,92.17308044433594,1787512218.7196789
520,1500,p1,selection,83.09745788574219,1787512218.7241218
520,519,p2,turn,11.053146362304688,1787512218.737786
520,1498,p2,selection,88.28428649902344,1787512218.7425447
520,1499,p2,selection,101.82417297363281,1787512218.7471561
520,1500,p2,selection,97.52759552001953,1787512218.7522156
521,520,p1,turn,12.004904747009277,1787512218.782319
521,1501,p1,selection,109.81828308105469,1787512218.786533
521,1502,p1,selection,113.25279998779297,1787512218.790914
521,1503,p1,selection,96.97306060791016,1787512218.7953525
521,520,p2,turn,13.486739158630371,1787512218.8098676
521,1501,p2,selection,131.43887329101562,1787512218.8144712
521,1502,p2,selection,116.08412170410156,1787512218.8192582
521,1503,p2,selection,99.29724884033203,1787512218.8239503
522,521,p1,turn,8.723554611206055,1787512218.8467069
522,1504,p1,selection,114.4105224609375,1787512218.8507066
522,1505,p1,selection,89.61224365234375,1787512218.8549209
522,1506,p1,selection,94.00887298583984,1787512218.8590963
522,521,p2,turn,7.58450984954834,1787512218.870999
522,1504,p2,selection,91.92826843261719,1787512218.8749793
522,1505,p2,selection,116.95848083496094,1787512218.8790455
522,1506,p2,selection,115.9063949584961,1787512218.8831143
523,522,p1,turn,9.60580825805664,1787512218.9209046
523,1507,p1,selection,105.61467742919922,1787512218.926094
523,1508,p1,selection,95.9560546875,1787512218.9312174
523,1509,p1,selection,99.90604400634766,1787512218.9362335
523,522,p2,turn,12.91307544708252,1787512218.9500625
523,1507,p2,selection,108.27354431152344,1787512218.9543269
523,1508,p2,selection,119.99638366699219,1787512218.9586468
523,1509,p2,selection,104.79852294921875,1787512218.9624138
524,523,p1,turn,12.510868072509766,1787512218.9918704
524,1510,p1,selection,112.18135833740234,1787512218.9957755
524,1511,p1,selection,93.02886962890625,1787512218.9996526
524,1512,p1,selection,93.77183532714844,1787512219.0039866
524,523,p2,turn,13.018904685974121,1787512219.016006
524,1510,p2,selection,109.09393310546875,1787512219.0202222
524,1511,p2,selection,115.53517150878906,1787512219.0242772
524,1512,p2,selection,132.31858825683594,1787512219.02831
525,524,p1,turn,11.578404426574707,1787512219.0618985
525,1513,p1,selection,111.145263671875,1787512219.0660362
525,1514,p1,selection,90.94962310791016,1787512219.0703194
525,1515,p1,selection,95.08450317382812,1787512219.074417
525,524,p2,turn,14.606159210205078,1787512219.0865293
525,1513,p2,selection,96.92507934570312,1787512219.0904622
525,1514,p2,selection,125.41586303710938,1787512219.094256
525,1515,p2,selection,124.16220092773438,1787512219.0980647
526,525,p1,turn,11.886826515197754,1787512219.121257
526,1516,p1,selection,109.56255340576172,1787512219.1250765
526,1517,p1,selection,90.96038818359375,1787512219.1288896
526,1518,p1,selection,91.55358123779297,1787512219.1329105
526,525,p2,turn,11.675048828125,1787512219.1473079
526,1516,p2,selection,118.52545166015625,1787512219.1524084
526,1517,p2,selection,104.5432357788086,1787512219.1572511
526,1518,p2,selection,116.44538879394531,1787512219.1618786
527,526,p1,turn,19.68167495727539,1787512219.1939166
527,1519,p1,selection,102.50064086914062,1787512219.198471
527,1520,p1,selection,110.82379150390625,1787512219.203508
527,1521,p1,selection,91.99665069580078,1787512219.2080724
527,526,p2,turn,8.27388858795166,1787512219.2212224
527,1519,p2,selection,111.73540496826172,1787512219.225024
527,1520,p2,selection,114.13103485107422,1787512219.2287378
527,1521,p2,selection,110.11290740966797,1787512219.2324727
528,527,p1,turn,9.925350189208984,1787512219.254179
528,1522,p1,selection,114.83365631103516,1787512219.2579045
528,1523,p1,selection,72.12954711914062,1787512219.2616024
528,1524,p1,selection,97.60643005371094,1787512219.2653592
528,527,p2,turn,15.660573959350586,1787512219.2769153
528,1522,p2,selection,111.31889343261719,1787512219.2806308
528,1523,p2,selection,109.58566284179688,1787512219.284417
528,1524,p2,selection,108.09772491455078,1787512219.2882206
529,528,p1,turn,16.45830726623535,1787512219.304263
529,1525,p1,selection,109.0783920288086,1787512219.308
529,1526,p1,selection,100.107421875,1787512219.3116674
529,1527,p1,selection,113.69454193115234,1787512219.3153548
529,528,p2,turn,12.032829284667969,1787512219.326854
529,1525,p2,selection,114.32717895507812,1787512219.3305504
529,1526,p2,selection,129.45913696289062,1787512219.3342605
529,1527,p2,selection,93.66387939453125,1787512219.3381255
530,529,p1,turn,14.001428604125977,1787512219.3604357
530,1528,p1,selection,93.45693969726562,1787512219.3641434
530,1529,p1,selection,93.4275131225586,1787512219.3680098
530,1530,p1,selection,94.02542877197266,1787512219.3717856
530,529,p2,turn,13.149742126464844,1787512219.3831213
530,1528,p2,selection,96.10720825195312,1787512219.3870103
530,1529,p2,selection,101.72698211669922,1787512219.3908913
530,1530,p2,selection,114.85194396972656,1787512219.394593
531,530,p1,turn,14.16320514678955,1787512219.4147325
531,1531,p1,selection,95.91627502441406,1787512219.4187422
531,1532,p1,selection,110.86829376220703,1787512219.422648
531,1533,p1,selection,98.5472412109375,1787512219.4263535
531,530,p2,turn,8.538856506347656,1787512219.4380841
531,1531,p2,selection,105.51776885986328,1787512219.441819
531,1532,p2,selection,101.06670379638672,1787512219.4454186
531,1533,p2,selection,105.91453552246094,1787512219.449111
532,531,p1,turn,18.537078857421875,1787512219.481462
532,1534,p1,selection,83.54364013671875,1787512219.4867997
532,1535,p1,selection,100.31842803955078,1787512219.490842
532,1536,p1,selection,87.36309051513672,1787512219.4947422
532,531,p2,turn,7.2552313804626465,1787512219.5070603
532,1534,p2,selection,100.95967864990234,1787512219.5109966
532,1535,p2,selection,118.54367065429688,1787512219.5152612
532,1536,p2,selection,110.86870574951172,1787512219.5209947
533,532,p1,turn,10.01823616027832,1787512219.5448813
533,1537,p1,selection,87.8564453125,1787512219.549288
533,1538,p1,selection,117.538818359375,1787512219.5536242
533,1539,p1,selection,80.5512924194336,1787512219.557665
533,532,p2,turn,9.211859703063965,1787512219.5699615
533,1537,p2,selection,114.71377563476562,1787512219.5739021
533,1538,p2,selection,111.10657501220703,1787512219.5779443
533,1539,p2,selection,101.1705322265625,1787512219.5817945
534,533,p1,turn,13.554922103881836,1787512219.6141598
534,1540,p1,selection,92.50353240966797,1787512219.6181643
534,1541,p1,selection,92.69273376464844,1787512219.622173
534,1542,p1,selection,88.71806335449219,1787512219.6260207
534,533,p2,turn,12.34671688079834,1787512219.63903
534,1540,p2,selection,115.40620422363281,1787512219.643909
534,1541,p2,selection,109.45986938476562,1787512219.6487222
534,1542,p2,selection,105.28466033935547,1787512219.6535404
535,534,p1,turn,12.017390251159668,1787512219.6844118
535,1543,p1,selection,98.70042419433594,1787512219.6883621
535,1544,p1,selection,99.51628112792969,1787512219.6921308
535,1545,p1,selection,91.35896301269531,1787512219.6958022
535,534,p2,turn,12.158196449279785,1787512219.7074301
535,1543,p2,selection,117.2838134765625,1787512219.7111459
535,1544,p2,selection,117.73233795166016,1787512219.7149076
535,1545,p2,selection,102.51697540283203,1787512219.718797
536,535,p1,turn,12.436986923217773,1787512219.7475493
536,1546,p1,selection,95.45032501220703,1787512219.7513835
536,1547,p1,selection,113.51641845703125,1787512219.755282
536,1548,p1,selection,87.5160140991211,1787512219.7589476
536,535,p2,turn,11.534689903259277,1787512219.7706127
536,1546,p2,selection,115.71968078613281,1787512219.7743628
536,1547,p2,selection,108.97872924804688,1787512219.7781327
536,1548,p2,selection,117.32636260986328,1787512219.781827
537,536,p1,turn,13.666767120361328,1787512219.8023014
537,1549,p1,selection,95.45684814453125,1787512219.806085
537,1550,p1,selection,93.87220764160156,1787512219.8100765
537,1551,p1,selection,97.5068130493164,1787512219.8137252
537,536,p2,turn,12.112844467163086,1787512219.8252192
537,1549,p2,selection,114.0755615234375,1787512219.8289719
537,1550,p2,selection,109.7069320678711,1787512219.8328924
537,1551,p2,selection,121.88526916503906,1787512219.836697
538,537,p1,turn,12.344047546386719,1787512219.8547425
538,1552,p1,selection,107.63876342773438,1787512219.8585474
538,1553,p1,selection,92.06670379638672,1787512219.8622634
538,1554,p1,selection,98.51004028320312,1787512219.8658874
538,537,p2,turn,12.042778968811035,1787512219.8773766
538,1552,p2,selection,120.13177490234375,1787512219.8814092
538,1553,p2,selection,128.9584503173828,1787512219.88564
538,1554,p2,selection,123.58976745605469,1787512219.8898096
539,538,p1,turn,6.661691188812256,1787512219.9098053
539,1555,p1,selection,94.42411041259766,1787512219.9135566
539,1556,p1,selection,107.38829803466797,1787512219.917332
539,1557,p1,selection,118.60940551757812,1787512219.9212449
539,538,p2,turn,13.99162769317627,1787512219.9328344
539,1555,p2,selection,116.42990112304688,1787512219.9366102
539,1556,p2,selection,100.49143981933594,1787512219.9402432
539,1557,p2,selection,114.3250961303711,1787512219.9438598
540,539,p1,turn,18.00868797302246,1787512219.9632406
540,1558,p1,selection,116.266357421875,1787512219.9671164
540,1559,p1,selection,91.33573150634766,1787512219.9711752
540,1560,p1,selection,112.17945098876953,1787512219.974944
540,539,p2,turn,13.998764038085938,1787512219.9866226
540,1558,p2,selection,128.62721252441406,1787512219.990426
540,1559,p2,selection,129.98085021972656,1787512219.9940917
540,1560,p2,selection,126.14776611328125,1787512219.9978473
541,540,p1,turn,9.114163398742676,1787512220.0146997
541,1561,p1,selection,97.19203186035156,1787512220.01867
541,1562,p1,selection,95.20648193359375,1787512220.0224617
541,1563,p1,selection,105.3721923828125,1787512220.026047
541,540,p2,turn,15.919636726379395,1787512220.0370977
541,1561,p2,selection,113.62140655517578,1787512220.0408509
541,1562,p2,selection,103.68598175048828,1787512220.0445435
541,1563,p2,selection,115.69493865966797,1787512220.0482292
542,541,p1,turn,11.533183097839355,1787512220.0641322
542,1564,p1,selection,97.8319091796875,1787512220.0680604
542,1565,p1,selection,111.15300750732422,1787512220.0719972
542,1566,p1,selection,92.07450103759766,1787512220.075778
542,541,p2,turn,11.57837200164795,1787512220.0875375
542,1564,p2,selection,116.05909729003906,1787512220.0912561
542,1565,p2,selection,117.65339660644531,1787512220.0950356
542,1566,p2,selection,111.45303344726562,1787512220.0987582
543,542,p1,turn,15.819403648376465,1787512220.1245337
543,1567,p1,selection,88.81136322021484,1787512220.128303
543,1568,p1,selection,116.57623291015625,1787512220.1320038
543,1569,p1,selection,90.99298858642578,1787512220.1359982
543,542,p2,turn,9.49879264831543,1787512220.147616
543,1567,p2,selection,110.54076385498047,1787512220.1516714
543,1568,p2,selection,116.841064453125,1787512220.1556127
543,1569,p2,selection,106.31245422363281,1787512220.159349
544,543,p1,turn,12.187400817871094,1787512220.1823351
544,1570,p1,selection,98.81873321533203,1787512220.1862843
544,1571,p1,selection,104.45632934570312,1787512220.1901252
544,1572,p1,selection,100.18438720703125,1787512220.1937819
544,543,p2,turn,10.22288990020752,1787512220.2052696
544,1570,p2,selection,127.4981460571289,1787512220.2091205
544,1571,p2,selection,110.580078125,1787512220.2127352
544,1572,p2,selection,101.38980102539062,1787512220.2167082
545,544,p1,turn,15.470026016235352,1787512220.2333667
545,1573,p1,selection,87.30775451660156,1787512220.2374985
545,1574,p1,selection,97.21683502197266,1787512220.2412813
545,1575,p1,selection,85.2210922241211,1787512220.24492
545,544,p2,turn,14.143670082092285,1787512220.2567549
545,1573,p2,selection,107.12208557128906,1787512220.2604613
545,1574,p2,selection,108.59925079345703,1787512220.2648315
545,1575,p2,selection,104.57492065429688,1787512220.268987
546,545,p1,turn,16.386123657226562,1787512220.2889776
546,1576,p1,selection,109.49873352050781,1787512220.2926614
546,1577,p1,selection,93.76078796386719,1787512220.2963703
546,1578,p1,selection,94.0009765625,1787512220.3000164
546,545,p2,turn,12.197495460510254,1787512220.311709
546,1576,p2,selection,129.59535217285156,1787512220.3153868
546,1577,p2,selection,110.08587646484375,1787512220.3194113
546,1578,p2,selection,118.23982238769531,1787512220.323224
547,546,p1,turn,12.630813598632812,1787512220.3447738
547,1579,p1,selection,117.72215270996094,1787512220.3484685
547,1580,p1,selection,102.9281997680664,1787512220.3524883
547,1581,p1,selection,107.81892395019531,1787512220.3563187
547,546,p2,turn,15.430669784545898,1787512220.3677838
547,1579,p2,selection,112.89553833007812,1787512220.3716292
547,1580,p2,selection,112.14102172851562,1787512220.3753493
547,1581,p2,selection,113.26535034179688,1787512220.3792114
548,547,p1,turn,11.240478515625,1787512220.4050727
548,1582,p1,selection,104.93872833251953,1787512220.4097137
548,1583,p1,selection,103.61344146728516,1787512220.414338
548,1584,p1,selection,116.06112670898438,1787512220.4193034
548,547,p2,turn,13.415529251098633,1787512220.4335775
548,1582,p2,selection,128.09701538085938,1787512220.439302
548,1583,p2,selection,108.65789794921875,1787512220.444789
548,1584,p2,selection,108.50981140136719,1787512220.4503047
549,548,p1,turn,8.54037857055664,1787512220.479393
549,1585,p1,selection,105.20010375976562,1787512220.4833395
549,1586,p1,selection,123.9541015625,1787512220.4873877
549,1587,p1,selection,114.65179443359375,1787512220.4914696
549,548,p2,turn,9.734562873840332,1787512220.5065515
549,1585,p2,selection,122.09831237792969,1787512220.5103934
549,1586,p2,selection,142.00436401367188,1787512220.5141907
549,1587,p2,selection,107.92867279052734,1787512220.5185757
550,549,p1,turn,11.30530834197998,1787512220.5483472
550,1588,p1,selection,67.7286376953125,1787512220.554012
550,1589,p1,selection,77.73796081542969,1787512220.5583544
550,1590,p1,selection,85.77790832519531,1787512220.5622993
550,549,p2,turn,10.88826847076416,1787512220.5744543
550,1588,p2,selection,130.6271209716797,1787512220.578299
550,1589,p2,selection,113.9617919921875,1787512220.5823529
550,1590,p2,selection,115.38629913330078,1787512220.5865197
551,550,p1,turn,10.45644760131836,1787512220.6418657
551,1591,p1,selection,87.54612731933594,1787512220.646146
551,1592,p1,selection,103.12901306152344,1787512220.6504307
551,1593,p1,selection,93.650634765625,1787512220.6551437
551,550,p2,turn,10.376303672790527,1787512220.668343
551,1591,p2,selection,119.03843688964844,1787512220.6723967
551,1592,p2,selection,108.8554458618164,1787512220.676512
551,1593,p2,selection,108.20474243164062,1787512220.6804757
552,551,p1,turn,14.624346733093262,1787512220.7059999
552,1594,p1,selection,100.51020812988281,1787512220.70994
552,1595,p1,selection,105.71167755126953,1787512220.7141306
552,1596,p1,selection,96.28472900390625,1787512220.7185113
552,551,p2,turn,19.64682388305664,1787512220.7312276
552,1594,p2,selection,97.4551010131836,1787512220.7362092
552,1595,p2,selection,126.34666442871094,1787512220.7408066
552,1596,p2,selection,116.97623443603516,1787512220.7455332
553,552,p1,turn,14.34063720703125,1787512220.7744734
553,1597,p1,selection,92.4215087890625,1787512220.77845
553,1598,p1,selection,108.44759368896484,1787512220.7823184
553,1599,p1,selection,106.97453308105469,1787512220.786517
553,552,p2,turn,13.471243858337402,1787512220.7991414
553,1597,p2,selection,112.59074401855469,1787512220.8033266
553,1598,p2,selection,108.35569763183594,1787512220.807491
553,1599,p2,selection,116.05377197265625,1787512220.8113556
554,553,p1,turn,21.046613693237305,1787512220.8339295
554,1600,p1,selection,76.09918212890625,1787512220.8383434
554,1601,p1,selection,123.08351135253906,1787512220.842331
554,1602,p1,selection,108.29914855957031,1787512220.8462646
554,553,p2,turn,15.19268798828125,1787512220.8581004
554,1600,p2,selection,103.32025146484375,1787512220.8622313
554,1601,p2,selection,140.1914520263672,1787512220.8662152
554,1602,p2,selection,125.90410614013672,1787512220.8705454
555,554,p1,turn,7.199713706970215,1787512220.8905268
555,1603,p1,selection,112.6851806640625,1787512220.8944466
555,1604,p1,selection,116.89298248291016,1787512220.8983705
555,1605,p1,selection,104.30449676513672,1787512220.9027429
555,554,p2,turn,15.957499504089355,1787512220.9155302
555,1603,p2,selection,148.4473876953125,1787512220.9198914
555,1604,p2,selection,141.2521209716797,1787512220.9240673
555,1605,p2,selection,122.6640625,1787512220.9283373
556,555,p1,turn,16.090709686279297,1787512220.9662638
556,1606,p1,selection,118.33573913574219,1787512220.9706125
556,1607,p1,selection,111.85923767089844,1787512220.9746919
556,1608,p1,selection,120.87747192382812,1787512220.9785805
556,555,p2,turn,10.598440170288086,1787512220.9912148
556,1606,p2,selection,139.71653747558594,1787512220.995083
556,1607,p2,selection,119.94221496582031,1787512220.9988859
556,1608,p2,selection,108.47914123535156,1787512221.0028706
557,556,p1,turn,8.932680130004883,1787512221.0326712
557,1609,p1,selection,119.68756103515625,1787512221.0367646
557,1610,p1,selection,86.8523178100586,1787512221.040886
557,1611,p1,selection,125.1609878540039,1787512221.044729
557,556,p2,turn,10.534693717956543,1787512221.0570025
557,1609,p2,selection,123.00312805175781,1787512221.0609024
557,1610,p2,selection,150.28443908691406,1787512221.0647686
557,1611,p2,selection,118.75233459472656,1787512221.0691195
558,557,p1,turn,13.270652770996094,1787512221.0912204
558,1612,p1,selection,99.17793273925781,1787512221.0952528
558,1613,p1,selection,103.58657836914062,1787512221.0992715
558,1614,p1,selection,87.97411346435547,1787512221.103302
558,557,p2,turn,19.725688934326172,1787512221.1157684
558,1612,p2,selection,114.70621490478516,1787512221.1202166
558,1613,p2,selection,128.00534057617188,1787512221.1242948
558,1614,p2,selection,122.22078704833984,1787512221.1283412
559,558,p1,turn,12.071666717529297,1787512221.161981
559,1615,p1,selection,139.1534423828125,1787512221.1658113
559,1616,p1,selection,108.98766326904297,1787512221.1699219
559,1617,p1,selection,126.02953338623047,1787512221.1740055
559,558,p2,turn,18.319316864013672,1787512221.1860101
559,1615,p2,selection,133.77259826660156,1787512221.18987
559,1616,p2,selection,118.6853256225586,1787512221.1935961
559,1617,p2,selection,103.69283294677734,1787512221.1975305
560,559,p1,turn,15.106592178344727,1787512221.2192035
560,1618,p1,selection,111.35802459716797,1787512221.223039
560,1619,p1,selection,118.2330551147461,1787512221.2272992
560,1620,p1,selection,114.984130859375,1787512221.2310796
560,559,p2,turn,11.096953392028809,1787512221.2432158
560,1618,p2,selection,118.86027526855469,1787512221.2470384
560,1619,p2,selection,130.51791381835938,1787512221.2509239
560,1620,p2,selection,119.95178985595703,1787512221.2548265
561,560,p1,turn,15.4035005569458,1787512221.300764
561,1621,p1,selection,92.6107177734375,1787512221.3046145
561,1622,p1,selection,114.65327453613281,1787512221.3083
561,1623,p1,selection,111.86658477783203,1787512221.3119643
561,560,p2,turn,10.578941345214844,1787512221.3235307
561,1621,p2,selection,140.03208923339844,1787512221.3272886
561,1622,p2,selection,120.26224517822266,1787512221.330948
561,1623,p2,selection,128.68914794921875,1787512221.334929
562,561,p1,turn,10.925870895385742,1787512221.356433
562,1624,p1,selection,94.66654968261719,1787512221.3601303
562,1625,p1,selection,113.11395263671875,1787512221.3639731
562,1626,p1,selection,107.59756469726562,1787512221.3677301
562,561,p2,turn,15.204398155212402,1787512221.379124
562,1624,p2,selection,146.50454711914062,1787512221.3828752
562,1625,p2,selection,116.93742370605469,1787512221.3867133
562,1626,p2,selection,131.25645446777344,1787512221.3903964
563,562,p1,turn,12.608011245727539,1787512221.4141278
563,1627,p1,selection,115.88946533203125,1787512221.4180026
563,1628,p1,selection,89.193115234375,1787512221.42187
563,1629,p1,selection,98.76580047607422,1787512221.4256058
563,562,p2,turn,15.074394226074219,1787512221.4374042
563,1627,p2,selection,145.05697631835938,1787512221.441188
563,1628,p2,selection,119.42665100097656,1787512221.44494
563,1629,p2,selection,122.2624740600586,1787512221.448654
564,563,p1,turn,10.035820007324219,1787512221.5227184
564,1630,p1,selection,100.8740463256836,1787512221.526493
564,1631,p1,selection,107.28905487060547,1787512221.5302138
564,1632,p1,selection,105.0724868774414,1787512221.533906
564,563,p2,turn,13.400291442871094,1787512221.5454423
564,1630,p2,selection,122.63580322265625,1787512221.5491312
564,1631,p2,selection,122.39268493652344,1787512221.5539427
564,1632,p2,selection,120.2454833984375,1787512221.5591831
565,564,p1,turn,13.669897079467773,1787512221.5801284
565,1633,p1,selection,111.44017791748047,1787512221.5847788
565,1634,p1,selection,108.28430938720703,1787512221.5897615
565,1635,p1,selection,96.14392852783203,1787512221.5944731
565,564,p2,turn,15.587197303771973,1787512221.6088593
565,1633,p2,selection,126.93891143798828,1787512221.6134825
565,1634,p2,selection,115.00157165527344,1787512221.6182606
565,1635,p2,selection,133.22804260253906,1787512221.6231797
566,565,p1,turn,11.852389335632324,1787512221.653142
566,1636,p1,selection,114.41543579101562,1787512221.6579602
566,1637,p1,selection,88.12264251708984,1787512221.6626346
566,1638,p1,selection,110.64501190185547,1787512221.6675336
566,565,p2,turn,15.559894561767578,1787512221.680056
566,1636,p2,selection,121.36097717285156,1787512221.684279
566,1637,p2,selection,113.93387603759766,1787512221.6886413
566,1638,p2,selection,125.16180419921875,1787512221.692699
567,566,p1,turn,12.888406753540039,1787512221.712436
567,1639,p1,selection,113.64848327636719,1787512221.7164428
567,1640,p1,selection,76.74591827392578,1787512221.7205675
567,1641,p1,selection,112.56529235839844,1787512221.7248058
567,566,p2,turn,11.253211975097656,1787512221.7374282
567,1639,p2,selection,133.09161376953125,1787512221.7414932
567,1640,p2,selection,116.20658111572266,1787512221.7453024
567,1641,p2,selection,112.95515441894531,1787512221.7490988
568,567,p1,turn,15.808897018432617,1787512221.794369
568,1642,p1,selection,94.69844055175781,1787512221.798848
568,1643,p1,selection,84.84937286376953,1787512221.8035944
568,1644,p1,selection,95.80823516845703,1787512221.8081222
568,567,p2,turn,18.036584854125977,1787512221.8216507
568,1642,p2,selection,127.55876159667969,1787512221.8254006
568,1643,p2,selection,142.21102905273438,1787512221.8290677
568,1644,p2,selection,118.46316528320312,1787512221.832822
569,568,p1,turn,10.004451751708984,1787512221.872913
569,1645,p1,selection,102.13368225097656,1787512221.8765504
569,1646,p1,selection,112.28897857666016,1787512221.880337
569,1647,p1,selection,107.26309967041016,1787512221.8840587
569,568,p2,turn,8.06546401977539,1787512221.895658
569,1645,p2,selection,129.1742401123047,1787512221.8993802
569,1646,p2,selection,130.87745666503906,1787512221.9032736
569,1647,p2,selection,126.5391845703125,1787512221.9071798
570,569,p1,turn,15.091583251953125,1787512221.9301252
570,1648,p1,selection,122.5009994506836,1787512221.933879
570,1649,p1,selection,100.37933349609375,1787512221.937873
570,1650,p1,selection,93.18798828125,1787512221.941829
570,569,p2,turn,10.75350570678711,1787512221.9533455
570,1648,p2,selection,117.43547058105469,1787512221.9571638
570,1649,p2,selection,124.56884002685547,1787512221.9609601
570,1650,p2,selection,143.36021423339844,1787512221.9648454
571,570,p1,turn,10.147957801818848,1787512221.9818065
571,1651,p1,selection,116.74754333496094,1787512221.9857326
571,1652,p1,selection,125.23217010498047,1787512221.9895759
571,1653,p1,selection,103.37026977539062,1787512221.9932992
571,570,p2,turn,10.028114318847656,1787512222.0048797
571,1651,p2,selection,133.9761199951172,1787512222.0086124
571,1652,p2,selection,141.9808349609375,1787512222.0122461
571,1653,p2,selection,134.43157958984375,1787512222.0159507
572,571,p1,turn,12.246591567993164,1787512222.0330157
572,1654,p1,selection,125.27021026611328,1787512222.036988
572,1655,p1,selection,110.10536193847656,1787512222.0409355
572,1656,p1,selection,107.89656066894531,1787512222.044635
572,571,p2,turn,14.674430847167969,1787512222.0560203
572,1654,p2,selection,163.31814575195312,1787512222.0597553
572,1655,p2,selection,116.18086242675781,1787512222.0634773
572,1656,p2,selection,144.4376220703125,1787512222.0672371
573,572,p1,turn,17.511117935180664,1787512222.0894666
573,1657,p1,selection,134.75035095214844,1787512222.0940127
573,1658,p1,selection,129.46925354003906,1787512222.098496
573,1659,p1,selection,111.91194915771484,1787512222.1025734
573,572,p2,turn,17.264392852783203,1787512222.1140728
573,1657,p2,selection,136.07479858398438,1787512222.1178946
573,1658,p2,selection,159.81503295898438,1787512222.1216774
573,1659,p2,selection,130.1660614013672,1787512222.1253724
574,573,p1,turn,7.593493461608887,1787512222.1605253
574,1660,p1,selection,132.84571838378906,1787512222.1641726
574,1661,p1,selection,130.34152221679688,1787512222.1681147
574,1662,p1,selection,91.393310546875,1787512222.1718068
574,573,p2,turn,11.206287384033203,1787512222.182866
574,1660,p2,selection,132.4440155029297,1787512222.1867447
574,1661,p2,selection,132.60873413085938,1787512222.1903963
574,1662,p2,selection,108.00668334960938,1787512222.1940114
575,574,p1,turn,10.316263198852539,1787512222.2128828
575,1663,p1,selection,106.854736328125,1787512222.216588
575,1664,p1,selection,120.7612075805664,1787512222.2204244
575,1665,p1,selection,113.93006896972656,1787512222.2241147
575,574,p2,turn,10.733809471130371,1787512222.2359023
575,1663,p2,selection,148.21951293945312,1787512222.2397583
575,1664,p2,selection,116.69165802001953,1787512222.2434416
575,1665,p2,selection,152.73269653320312,1787512222.247135
576,575,p1,turn,12.026208877563477,1787512222.271101
576,1666,p1,selection,119.4721908569336,1787512222.2748265
576,1667,p1,selection,106.27661895751953,1787512222.278524
576,1668,p1,selection,95.02330017089844,1787512222.2821898
576,575,p2,turn,18.246482849121094,1787512222.293784
576,1666,p2,selection,125.68111419677734,1787512222.2975
576,1667,p2,selection,119.70057678222656,1787512222.3017344
576,1668,p2,selection,139.482666015625,1787512222.305688
577,576,p1,turn,17.2664794921875,1787512222.3437986
577,1669,p1,selection,101.16336059570312,1787512222.3476107
577,1670,p1,selection,106.12123107910156,1787512222.3516917
577,1671,p1,selection,100.74213409423828,1787512222.3556066
577,576,p2,turn,9.36343002319336,1787512222.3670242
577,1669,p2,selection,147.3477020263672,1787512222.3711088
577,1670,p2,selection,137.40805053710938,1787512222.3749146
577,1671,p2,selection,143.061767578125,1787512222.3785655
578,577,p1,turn,11.526261329650879,1787512222.3943715
578,1672,p1,selection,124.31095886230469,1787512222.3980215
578,1673,p1,selection,93.4006576538086,1787512222.4024308
578,1674,p1,selection,119.5174560546875,1787512222.4064069
578,577,p2,turn,14.92123794555664,1787512222.4194262
578,1672,p2,selection,145.02516174316406,1787512222.4241004
578,1673,p2,selection,134.7702178955078,1787512222.4288914
578,1674,p2,selection,129.41575622558594,1787512222.4331994
579,578,p1,turn,12.829147338867188,1787512222.4756186
579,1675,p1,selection,105.08811950683594,1787512222.4796352
579,1676,p1,selection,131.7287139892578,1787512222.4834993
579,1677,p1,selection,112.19473266601562,1787512222.4879463
579,578,p2,turn,14.287530899047852,1787512222.499692
579,1675,p2,selection,122.69523620605469,1787512222.5047884
579,1676,p2,selection,126.0682144165039,1787512222.5096915
579,1677,p2,selection,114.24636840820312,1787512222.5144384
580,579,p1,turn,8.90933609008789,1787512222.5416896
580,1678,p1,selection,119.37345886230469,1787512222.545677
580,1679,p1,selection,111.29642486572266,1787512222.549729
580,1680,p1,selection,126.76499938964844,1787512222.5546377
580,579,p2,turn,12.702667236328125,1787512222.570882
580,1678,p2,selection,143.96531677246094,1787512222.5758002
580,1679,p2,selection,130.82809448242188,1787512222.5807927
580,1680,p2,selection,125.59231567382812,1787512222.585986
581,580,p1,turn,11.974905967712402,1787512222.6252816
581,1681,p1,selection,121.31023406982422,1787512222.629222
581,1682,p1,selection,101.97753143310547,1787512222.6334743
581,1683,p1,selection,118.86647033691406,1787512222.6385794
581,580,p2,turn,13.045755386352539,1787512222.6529222
581,1681,p2,selection,145.59815979003906,1787512222.6578357
581,1682,p2,selection,135.73130798339844,1787512222.6632273
581,1683,p2,selection,146.16432189941406,1787512222.669019
582,581,p1,turn,17.80995750427246,1787512222.7092922
582,1684,p1,selection,100.92386627197266,1787512222.7153478
582,1685,p1,selection,155.71151733398438,1787512222.720635
582,1686,p1,selection,112.66998291015625,1787512222.7246494
582,581,p2,turn,11.073226928710938,1787512222.7369041
582,1684,p2,selection,136.1221466064453,1787512222.740916
582,1685,p2,selection,132.49111938476562,1787512222.7449248
582,1686,p2,selection,130.9168701171875,1787512222.748919
583,582,p1,turn,9.56655502319336,1787512222.7843149
583,1687,p1,selection,110.57015228271484,1787512222.7885487
583,1688,p1,selection,112.66036987304688,1787512222.7924724
583,1689,p1,selection,129.28897094726562,1787512222.7964745
583,582,p2,turn,12.765877723693848,1787512222.8090184
583,1687,p2,selection,131.12042236328125,1787512222.8130858
583,1688,p2,selection,141.5718994140625,1787512222.817339
583,1689,p2,selection,121.07635498046875,1787512222.8216248
584,583,p1,turn,11.654799461364746,1787512222.8429427
584,1690,p1,selection,109.850830078125,1787512222.8469667
584,1691,p1,selection,112.18894958496094,1787512222.851052
584,1692,p1,selection,115.57202911376953,1787512222.8550816
584,583,p2,turn,9.55329704284668,1787512222.8668892
584,1690,p2,selection,135.07577514648438,1787512222.8713374
584,1691,p2,selection,122.78443908691406,1787512222.875489
584,1692,p2,selection,132.0631561279297,1787512222.8793216
585,584,p1,turn,9.822415351867676,1787512222.9001164
585,1693,p1,selection,112.18051147460938,1787512222.9042394
585,1694,p1,selection,87.74876403808594,1787512222.9081218
585,1695,p1,selection,111.975830078125,1787512222.9120092
585,584,p2,turn,9.720527648925781,1787512222.9243379
585,1693,p2,selection,130.8486328125,1787512222.9282668
585,1694,p2,selection,130.0695037841797,1787512222.9324546
585,1695,p2,selection,138.6472930908203,1787512222.936717
586,585,p1,turn,11.368602752685547,1787512222.9589179
586,1696,p1,selection,89.8440933227539,1787512222.9653165
586,1697,p1,selection,97.68858337402344,1787512222.9710565
586,1698,p1,selection,86.86732482910156,1787512222.9765015
586,585,p2,turn,15.729763984680176,1787512222.9925985
586,1696,p2,selection,149.0836639404297,1787512222.9997149
586,1697,p2,selection,123.76560974121094,1787512223.00549
586,1698,p2,selection,134.82949829101562,1787512223.0112767
587,586,p1,turn,12.792397499084473,1787512223.0493453
587,1699,p1,selection,107.39137268066406,1787512223.0546782
587,1700,p1,selection,131.03768920898438,1787512223.0599468
587,1701,p1,selection,125.01322937011719,1787512223.0653026
587,586,p2,turn,16.58454132080078,1787512223.081606
587,1699,p2,selection,122.68218994140625,1787512223.0946739
587,1700,p2,selection,142.28573608398438,1787512223.114486
587,1701,p2,selection,146.30599975585938,1787512223.1246922
588,587,p1,turn,13.296199798583984,1787512223.1571503
588,1702,p1,selection,108.2447280883789,1787512223.162779
588,1703,p1,selection,109.58183288574219,1787512223.167506
588,1704,p1,selection,106.82232666015625,1787512223.173155
588,587,p2,turn,8.224348068237305,1787512223.1889572
588,1702,p2,selection,141.68167114257812,1787512223.1936662
588,1703,p2,selection,148.0548858642578,1787512223.198378
588,1704,p2,selection,153.72254943847656,1787512223.2029538
589,588,p1,turn,14.410653114318848,1787512223.2225447
589,1705,p1,selection,125.84144592285156,1787512223.2268353
589,1706,p1,selection,118.4578857421875,1787512223.2310958
589,1707,p1,selection,124.41312408447266,1787512223.2355947
589,588,p2,turn,9.470855712890625,1787512223.249547
589,1705,p2,selection,155.3065643310547,1787512223.2539701
589,1706,p2,selection,120.51231384277344,1787512223.2584069
589,1707,p2,selection,160.41741943359375,1787512223.2632174
590,589,p1,turn,11.924857139587402,1787512223.292081
590,1708,p1,selection,127.60765838623047,1787512223.2968478
590,1709,p1,selection,140.37254333496094,1787512223.3019085
590,1710,p1,selection,133.30633544921875,1787512223.306644
590,589,p2,turn,10.477937698364258,1787512223.3203726
590,1708,p2,selection,136.23146057128906,1787512223.324832
590,1709,p2,selection,158.00839233398438,1787512223.329859
590,1710,p2,selection,132.22113037109375,1787512223.3346608
591,590,p1,turn,21.050243377685547,1787512223.3636794
591,1711,p1,selection,114.1779556274414,1787512223.3694487
591,1712,p1,selection,108.52167510986328,1787512223.3751454
591,1713,p1,selection,128.1417236328125,1787512223.3803747
591,590,p2,turn,12.156603813171387,1787512223.39359
591,1711,p2,selection,156.355224609375,1787512223.3987172
591,1712,p2,selection,136.90380859375,1787512223.403424
591,1713,p2,selection,145.57437133789062,1787512223.4077165
592,591,p1,turn,8.682634353637695,1787512223.432031
592,1714,p1,selection,115.344970703125,1787512223.4369047
592,1715,p1,selection,106.25985717773438,1787512223.4424243
592,1716,p1,selection,144.29843139648438,1787512223.4476202
592,591,p2,turn,8.630167007446289,1787512223.4640574
592,1714,p2,selection,177.05943298339844,1787512223.4687088
592,1715,p2,selection,128.22789001464844,1787512223.4728377
592,1716,p2,selection,145.81495666503906,1787512223.4772265
593,592,p1,turn,15.637654304504395,1787512223.5227876
593,1717,p1,selection,98.38082885742188,1787512223.5271065
593,1718,p1,selection,148.14828491210938,1787512223.5311465
593,1719,p1,selection,95.81625366210938,1787512223.536406
593,592,p2,turn,10.348655700683594,1787512223.5521765
593,1717,p2,selection,161.28607177734375,1787512223.5564396
593,1718,p2,selection,139.8656768798828,1787512223.56056
593,1719,p2,selection,152.84292602539062,1787512223.5655098
594,593,p1,turn,14.32442855834961,1787512223.593177
594,1720,p1,selection,129.82107543945312,1787512223.598182
594,1721,p1,selection,102.99967956542969,1787512223.604166
594,1722,p1,selection,104.50431060791016,1787512223.6103208
594,593,p2,turn,10.805364608764648,1787512223.6237965
594,1720,p2,selection,149.06735229492188,1787512223.6280203
594,1721,p2,selection,151.72840881347656,1787512223.631998
594,1722,p2,selection,140.88339233398438,1787512223.6365135
595,594,p1,turn,10.698456764221191,1787512223.685071
595,1723,p1,selection,96.47348022460938,1787512223.691069
595,1724,p1,selection,134.11424255371094,1787512223.6953893
595,1725,p1,selection,113.67173767089844,1787512223.6993716
595,594,p2,turn,9.757661819458008,1787512223.7121933
595,1723,p2,selection,115.82833862304688,1787512223.7171557
595,1724,p2,selection,130.45443725585938,1787512223.7218072
595,1725,p2,selection,140.46986389160156,1787512223.7260134
596,595,p1,turn,18.785104751586914,1787512223.7490563
596,1726,p1,selection,112.94268798828125,1787512223.7533505
596,1727,p1,selection,109.95755004882812,1787512223.7575006
596,1728,p1,selection,129.87271118164062,1787512223.76144
596,595,p2,turn,9.818862915039062,1787512223.7738419
596,1726,p2,selection,138.28292846679688,1787512223.7780235
596,1727,p2,selection,147.18060302734375,1787512223.783235
596,1728,p2,selection,165.34815979003906,1787512223.7885706
597,596,p1,turn,13.90793514251709,1787512223.8455982
597,1729,p1,selection,96.4188003540039,1787512223.8505185
597,1730,p1,selection,129.72213745117188,1787512223.8557303
597,1731,p1,selection,117.12590026855469,1787512223.860529
597,596,p2,turn,10.136161804199219,1787512223.875423
597,1729,p2,selection,138.55453491210938,1787512223.8801305
597,1730,p2,selection,143.41258239746094,1787512223.8849962
597,1731,p2,selection,154.31446838378906,1787512223.8896766
598,597,p1,turn,10.034698486328125,1787512223.909497
598,1732,p1,selection,123.2537841796875,1787512223.9132798
598,1733,p1,selection,118.10242462158203,1787512223.9171982
598,1734,p1,selection,119.50616455078125,1787512223.9212818
598,597,p2,turn,17.287885665893555,1787512223.9329486
598,1732,p2,selection,110.08573913574219,1787512223.937016
598,1733,p2,selection,175.4583740234375,1787512223.9408934
598,1734,p2,selection,144.0242462158203,1787512223.9446397
599,598,p1,turn,13.516524314880371,1787512223.9636452
599,1735,p1,selection,154.43972778320312,1787512223.9676044
599,1736,p1,selection,125.73020935058594,1787512223.9715774
599,1737,p1,selection,108.54206848144531,1787512223.9753444
599,598,p2,turn,15.131999015808105,1787512223.9878592
599,1735,p2,selection,166.75538635253906,1787512223.9917674
599,1736,p2,selection,126.35315704345703,1787512223.9955368
599,1737,p2,selection,120.35796356201172,1787512223.9993496
600,599,p1,turn,17.46748924255371,1787512224.028588
600,1738,p1,selection,118.10643005371094,1787512224.0324585
600,1739,p1,selection,121.81623840332031,1787512224.0372787
600,1740,p1,selection,128.05511474609375,1787512224.0419753
600,599,p2,turn,14.807204246520996,1787512224.05634
600,1738,p2,selection,145.12957763671875,1787512224.0609746
600,1739,p2,selection,147.58839416503906,1787512224.0657506
600,1740,p2,selection,134.49371337890625,1787512224.071386
601,600,p1,turn,17.115161895751953,1787512224.1003032
601,1741,p1,selection,106.18022155761719,1787512224.1059039
601,1742,p1,selection,102.8575439453125,1787512224.1108499
601,1743,p1,selection,131.03421020507812,1787512224.1156135
601,600,p2,turn,12.113236427307129,1787512224.1307707
601,1741,p2,selection,133.3745574951172,1787512224.1356735
601,1742,p2,selection,114.8741455078125,1787512224.1403444
601,1743,p2,selection,125.99224853515625,1787512224.1448903
602,601,p1,turn,11.12460994720459,1787512224.1655052
602,1744,p1,selection,134.81924438476562,1787512224.1697536
602,1745,p1,selection,108.74395751953125,1787512224.1741748
602,1746,p1,selection,109.08953857421875,1787512224.178057
602,601,p2,turn,15.790791511535645,1787512224.190126
602,1744,p2,selection,169.55201721191406,1787512224.194006
602,1745,p2,selection,130.80250549316406,1787512224.1978252
602,1746,p2,selection,154.5023193359375,1787512224.202454
603,602,p1,turn,19.36070442199707,1787512224.2396493
603,1747,p1,selection,112.18937683105469,1787512224.2441158
603,1748,p1,selection,117.07627868652344,1787512224.2485347
603,1749,p1,selection,107.99930572509766,1787512224.2533684
603,602,p2,turn,13.876640319824219,1787512224.267286
603,1747,p2,selection,145.33688354492188,1787512224.2719615
603,1748,p2,selection,129.07647705078125,1787512224.2765198
603,1749,p2,selection,141.6261444091797,1787512224.2809181
604,603,p1,turn,17.082368850708008,1787512224.327458
604,1750,p1,selection,108.03623962402344,1787512224.3313587
604,1751,p1,selection,142.51229858398438,1787512224.3356318
604,1752,p1,selection,131.63804626464844,1787512224.3395157
604,603,p2,turn,12.463196754455566,1787512224.35135
604,1750,p2,selection,117.36624908447266,1787512224.3565261
604,1751,p2,selection,150.39990234375,1787512224.3610353
604,1752,p2,selection,170.17178344726562,1787512224.3654864
605,604,p1,turn,11.775681495666504,1787512224.3897538
605,1753,p1,selection,114.43075561523438,1787512224.3934336
605,1754,p1,selection,145.37332153320312,1787512224.3970883
605,1755,p1,selection,119.89839172363281,1787512224.400961
605,604,p2,turn,15.90269947052002,1787512224.412882
605,1753,p2,selection,139.14395141601562,1787512224.4169996
605,1754,p2,selection,162.07989501953125,1787512224.4212344
605,1755,p2,selection,148.0749053955078,1787512224.425278
606,605,p1,turn,12.401134490966797,1787512224.4588146
606,1756,p1,selection,120.39006042480469,1787512224.4629207
606,1757,p1,selection,134.4320068359375,1787512224.4669337
606,1758,p1,selection,106.40446472167969,1787512224.4711747
606,605,p2,turn,12.657928466796875,1787512224.4831944
606,1756,p2,selection,135.02944946289062,1787512224.4874215
606,1757,p2,selection,132.11871337890625,1787512224.4914286
606,1758,p2,selection,146.29449462890625,1787512224.4952831
607,606,p1,turn,9.979071617126465,1787512224.528374
607,1759,p1,selection,131.26608276367188,1787512224.5342429
607,1760,p1,selection,140.2194061279297,1787512224.5394473
607,1761,p1,selection,87.35935974121094,1787512224.5449405
607,606,p2,turn,10.433119773864746,1787512224.5596776
607,1759,p2,selection,129.12564086914062,1787512224.5638816
607,1760,p2,selection,149.4856414794922,1787512224.5694504
607,1761,p2,selection,142.87771606445312,1787512224.57464
608,607,p1,turn,14.199066162109375,1787512224.6217794
608,1762,p1,selection,137.52679443359375,1787512224.625782
608,1763,p1,selection,122.29471588134766,1787512224.6297061
608,1764,p1,selection,148.57701110839844,1787512224.633787
608,607,p2,turn,17.225852966308594,1787512224.6493022
608,1762,p2,selection,178.49588012695312,1787512224.6536357
608,1763,p2,selection,117.83102416992188,1787512224.6578183
608,1764,p2,selection,143.4160919189453,1787512224.661809
609,608,p1,turn,6.650114059448242,1787512224.6802602
609,1765,p1,selection,138.61756896972656,1787512224.684549
609,1766,p1,selection,146.6269989013672,1787512224.6886363
609,1767,p1,selection,109.3055191040039,1787512224.6927922
609,608,p2,turn,14.47264289855957,1787512224.705055
609,1765,p2,selection,128.09873962402344,1787512224.709086
609,1766,p2,selection,125.31269073486328,1787512224.7131202
609,1767,p2,selection,142.56097412109375,1787512224.7170887
610,609,p1,turn,14.097417831420898,1787512224.7685375
610,1768,p1,selection,116.38639068603516,1787512224.7729378
610,1769,p1,selection,130.88671875,1787512224.7779846
610,1770,p1,selection,141.631591796875,1787512224.7820141
610,609,p2,turn,8.318405151367188,1787512224.7980218
610,1768,p2,selection,151.71759033203125,1787512224.8027544
610,1769,p2,selection,166.70179748535156,1787512224.807644
610,1770,p2,selection,134.92935180664062,1787512224.812508
611,610,p1,turn,9.645109176635742,1787512224.8439627
611,1771,p1,selection,100.22747802734375,1787512224.8486493
611,1772,p1,selection,101.52545166015625,1787512224.8535218
611,1773,p1,selection,132.1549835205078,1787512224.8578234
611,610,p2,turn,13.684992790222168,1787512224.8703814
611,1771,p2,selection,154.6139678955078,1787512224.8742902
611,1772,p2,selection,139.1119842529297,1787512224.8782625
611,1773,p2,selection,152.92974853515625,1787512224.8822014
612,611,p1,turn,16.394163131713867,1787512224.901428
612,1774,p1,selection,149.93690490722656,1787512224.9057052
612,1775,p1,selection,132.7012939453125,1787512224.9098039
612,1776,p1,selection,163.46791076660156,1787512224.9139357
612,611,p2,turn,16.61763572692871,1787512224.9262183
612,1774,p2,selection,171.7514190673828,1787512224.9304152
612,1775,p2,selection,134.71932983398438,1787512224.9353244
612,1776,p2,selection,142.75485229492188,1787512224.939457
613,612,p1,turn,12.94590950012207,1787512224.9724712
613,1777,p1,selection,107.48273468017578,1787512224.976514
613,1778,p1,selection,97.076416015625,1787512224.9805133
613,1779,p1,selection,105.29370880126953,1787512224.9845257
613,612,p2,turn,10.196986198425293,1787512224.9964616
613,1777,p2,selection,150.7862091064453,1787512225.000546
613,1778,p2,selection,131.14747619628906,1787512225.0047274
613,1779,p2,selection,152.55120849609375,1787512225.008533
614,613,p1,turn,12.959402084350586,1787512225.0390618
614,1780,p1,selection,117.47713470458984,1787512225.0455577
614,1781,p1,selection,159.43653869628906,1787512225.0512142
614,1782,p1,selection,167.97808837890625,1787512225.056374
614,613,p2,turn,11.910628318786621,1787512225.0708978
614,1780,p2,selection,136.18528747558594,1787512225.075717
614,1781,p2,selection,177.12637329101562,1787512225.0805218
614,1782,p2,selection,167.33859252929688,1787512225.0852573
615,614,p1,turn,14.1449556350708,1787512225.1105044
615,1783,p1,selection,118.39471435546875,1787512225.1150503
615,1784,p1,selection,94.36663818359375,1787512225.1196387
615,1785,p1,selection,124.22272491455078,1787512225.1240559
615,614,p2,turn,11.602633476257324,1787512225.137027
615,1783,p2,selection,115.31307983398438,1787512225.1410267
615,1784,p2,selection,142.1590576171875,1787512225.1451232
615,1785,p2,selection,134.625244140625,1787512225.1491103
616,615,p1,turn,11.635027885437012,1787512225.1687565
616,1786,p1,selection,102.63008117675781,1787512225.172815
616,1787,p1,selection,110.15306854248047,1787512225.176786
616,1788,p1,selection,128.2281036376953,1787512225.180557
616,615,p2,turn,12.195747375488281,1787512225.1921837
616,1786,p2,selection,172.51522827148438,1787512225.1959155
616,1787,p2,selection,124.82691955566406,1787512225.1996737
616,1788,p2,selection,132.6484375,1787512225.2045043
617,616,p1,turn,9.99228286743164,1787512225.2246914
617,1789,p1,selection,120.41547393798828,1787512225.2285793
617,1790,p1,selection,122.17676544189453,1787512225.2324567
617,1791,p1,selection,130.22775268554688,1787512225.236503
617,616,p2,turn,15.038982391357422,1787512225.2484555
617,1789,p2,selection,156.8758087158203,1787512225.2525837
617,1790,p2,selection,146.1796417236328,1787512225.2565389
617,1791,p2,selection,157.855712890625,1787512225.2603889
618,617,p1,turn,18.334489822387695,1787512225.3113556
618,1792,p1,selection,115.1680908203125,1787512225.315767
618,1793,p1,selection,101.04856872558594,1787512225.3200977
618,1794,p1,selection,154.7691650390625,1787512225.324099
618,617,p2,turn,15.25257682800293,1787512225.3356261
618,1792,p2,selection,158.88873291015625,1787512225.339492
618,1793,p2,selection,116.43350219726562,1787512225.3431563
618,1794,p2,selection,157.12506103515625,1787512225.3468843
619,618,p1,turn,18.429126739501953,1787512225.3644407
619,1795,p1,selection,135.6036834716797,1787512225.3685012
619,1796,p1,selection,134.5227508544922,1787512225.3724039
619,1797,p1,selection,155.93162536621094,1787512225.3760462
619,618,p2,turn,11.122540473937988,1787512225.3872437
619,1795,p2,selection,138.33624267578125,1787512225.3910253
619,1796,p2,selection,142.5033416748047,1787512225.3946662
619,1797,p2,selection,151.04054260253906,1787512225.3983407
620,619,p1,turn,14.890979766845703,1787512225.4304252
620,1798,p1,selection,120.57746124267578,1787512225.4344077
620,1799,p1,selection,151.79129028320312,1787512225.438257
620,1800,p1,selection,122.6430435180664,1787512225.4421535
620,619,p2,turn,12.852802276611328,1787512225.453935
620,1798,p2,selection,118.53253173828125,1787512225.457802
620,1799,p2,selection,158.23919677734375,1787512225.461522
620,1800,p2,selection,137.7916259765625,1787512225.4656925
621,620,p1,turn,14.306013107299805,1787512225.4841828
621,1801,p1,selection,150.91864013671875,1787512225.4880443
621,1802,p1,selection,119.53567504882812,1787512225.491828
621,1803,p1,selection,165.0604248046875,1787512225.4955103
621,620,p2,turn,12.028021812438965,1787512225.507345
621,1801,p2,selection,159.69973754882812,1787512225.5111694
621,1802,p2,selection,138.4465789794922,1787512225.514824
621,1803,p2,selection,148.03643798828125,1787512225.518822
622,621,p1,turn,11.717583656311035,1787512225.5392122
622,1804,p1,selection,119.8731918334961,1787512225.5430572
622,1805,p1,selection,134.39215087890625,1787512225.5467374
622,1806,p1,selection,145.43731689453125,1787512225.5505147
622,621,p2,turn,11.106117248535156,1787512225.5627234
622,1804,p2,selection,145.80201721191406,1787512225.566467
622,1805,p2,selection,167.357177734375,1787512225.5704978
622,1806,p2,selection,154.26617431640625,1787512225.5749297
623,622,p1,turn,13.081300735473633,1787512225.5940871
623,1807,p1,selection,140.8447265625,1787512225.597722
623,1808,p1,selection,137.73715209960938,1787512225.6015427
623,1809,p1,selection,108.9580078125,1787512225.6054008
623,622,p2,turn,11.196261405944824,1787512225.6164787
623,1807,p2,selection,136.4274139404297,1787512225.6238382
623,1808,p2,selection,189.68869018554688,1787512225.6289554
623,1809,p2,selection,126.98483276367188,1787512225.6335783
624,623,p1,turn,12.207902908325195,1787512225.6596875
624,1810,p1,selection,135.15016174316406,1787512225.6641073
624,1811,p1,selection,118.01058959960938,1787512225.6687815
624,1812,p1,selection,154.8238067626953,1787512225.67256
624,623,p2,turn,12.796253204345703,1787512225.6840048
624,1810,p2,selection,148.62289428710938,1787512225.6878843
624,1811,p2,selection,160.446533203125,1787512225.6915972
624,1812,p2,selection,154.54078674316406,1787512225.6952379
625,624,p1,turn,10.228931427001953,1787512225.7133374
625,1813,p1,selection,143.25364685058594,1787512225.7172341
625,1814,p1,selection,130.40638732910156,1787512225.7213082
625,1815,p1,selection,125.51680755615234,1787512225.7251267
625,624,p2,turn,12.71252727508545,1787512225.7366633
625,1813,p2,selection,138.6807861328125,1787512225.740576
625,1814,p2,selection,139.5518798828125,1787512225.7442915
625,1815,p2,selection,144.99539184570312,1787512225.748066
626,625,p1,turn,7.877419471740723,1787512225.7798445
626,1816,p1,selection,154.7356719970703,1787512225.7846415
626,1817,p1,selection,123.54437255859375,1787512225.7894423
626,1818,p1,selection,147.59832763671875,1787512225.794211
626,625,p2,turn,11.13970947265625,1787512225.807261
626,1816,p2,selection,154.53866577148438,1787512225.811114
626,1817,p2,selection,158.72061157226562,1787512225.81494
626,1818,p2,selection,167.5388946533203,1787512225.8194242
627,626,p1,turn,16.63629722595215,1787512225.8474913
627,1819,p1,selection,125.14814758300781,1787512225.852087
627,1820,p1,selection,110.76532745361328,1787512225.8569677
627,1821,p1,selection,149.03204345703125,1787512225.8615913
627,626,p2,turn,12.602783203125,1787512225.876427
627,1819,p2,selection,162.43226623535156,1787512225.8813155
627,1820,p2,selection,131.43296813964844,1787512225.886038
627,1821,p2,selection,174.35243225097656,1787512225.8907776
628,627,p1,turn,12.110132217407227,1787512225.9193842
628,1822,p1,selection,141.4288787841797,1787512225.924263
628,1823,p1,selection,123.09261322021484,1787512225.928982
628,1824,p1,selection,104.5013427734375,1787512225.9337797
628,627,p2,turn,11.48033618927002,1787512225.9456878
628,1822,p2,selection,137.91128540039062,1787512225.9493608
628,1823,p2,selection,138.1712646484375,1787512225.9533353
628,1824,p2,selection,135.41050720214844,1787512225.9570389
629,628,p1,turn,9.253132820129395,1787512225.9767733
629,1825,p1,selection,149.28598022460938,1787512225.9804087
629,1826,p1,selection,134.64895629882812,1787512225.9843793
629,1827,p1,selection,125.34166717529297,1787512225.988154
629,628,p2,turn,11.130739212036133,1787512225.9998336
629,1825,p2,selection,123.93566131591797,1787512226.003861
629,1826,p2,selection,133.26979064941406,1787512226.0075266
629,1827,p2,selection,132.57920837402344,1787512226.011183
630,629,p1,turn,12.793121337890625,1787512226.0332673
630,1828,p1,selection,144.7928924560547,1787512226.0373452
630,1829,p1,selection,138.67626953125,1787512226.0411444
630,1830,p1,selection,158.39364624023438,1787512226.0448012
630,629,p2,turn,9.731761932373047,1787512226.0564766
630,1828,p2,selection,193.7196044921875,1787512226.0603445
630,1829,p2,selection,149.0653076171875,1787512226.064133
630,1830,p2,selection,129.2937774658203,1787512226.068325
631,630,p1,turn,13.354287147521973,1787512226.0981052
631,1831,p1,selection,108.86038208007812,1787512226.1021411
631,1832,p1,selection,149.58804321289062,1787512226.1059096
631,1833,p1,selection,144.1610870361328,1787512226.1095927
631,630,p2,turn,11.798991203308105,1787512226.1211882
631,1831,p2,selection,139.0565948486328,1787512226.1249273
631,1832,p2,selection,169.5397491455078,1787512226.1287322
631,1833,p2,selection,161.80726623535156,1787512226.1333091
632,631,p1,turn,12.464760780334473,1787512226.1637957
632,1834,p1,selection,161.80520629882812,1787512226.167621
632,1835,p1,selection,135.81179809570312,1787512226.171517
632,1836,p1,selection,134.6761474609375,1787512226.1751935
632,631,p2,turn,14.237689971923828,1787512226.1871061
632,1834,p2,selection,161.20021057128906,1787512226.1908786
632,1835,p2,selection,151.54400634765625,1787512226.1945844
632,1836,p2,selection,137.03012084960938,1787512226.1982608
633,632,p1,turn,14.988412857055664,1787512226.2297091
633,1837,p1,selection,152.880615234375,1787512226.2333443
633,1838,p1,selection,117.46040344238281,1787512226.2374802
633,1839,p1,selection,105.92205810546875,1787512226.2412846
633,632,p2,turn,12.56553840637207,1787512226.2530189
633,1837,p2,selection,138.1654510498047,1787512226.256845
633,1838,p2,selection,146.53416442871094,1787512226.2604659
633,1839,p2,selection,161.25311279296875,1787512226.2640998
634,633,p1,turn,12.790759086608887,1787512226.2860796
634,1840,p1,selection,147.1640167236328,1787512226.2899
634,1841,p1,selection,118.83320617675781,1787512226.2935677
634,1842,p1,selection,128.49789428710938,1787512226.2971864
634,633,p2,turn,10.17302131652832,1787512226.3090785
634,1840,p2,selection,124.70832824707031,1787512226.3127272
634,1841,p2,selection,160.10980224609375,1787512226.3163528
634,1842,p2,selection,117.32984924316406,1787512226.3203535
635,634,p1,turn,11.671038627624512,1787512226.3374226
635,1843,p1,selection,142.8423309326172,1787512226.341226
635,1844,p1,selection,125.6162338256836,1787512226.3448658
635,1845,p1,selection,125.09938049316406,1787512226.3485482
635,634,p2,turn,13.529062271118164,1787512226.3603637
635,1843,p2,selection,159.43699645996094,1787512226.3639987
635,1844,p2,selection,140.27023315429688,1787512226.368059
635,1845,p2,selection,157.6419677734375,1787512226.3719108
636,635,p1,turn,15.070509910583496,1787512226.3909755
636,1846,p1,selection,149.53817749023438,1787512226.3948445
636,1847,p1,selection,136.66311645507812,1787512226.3987653
636,1848,p1,selection,103.9854965209961,1787512226.4031572
636,635,p2,turn,12.912074089050293,1787512226.4154348
636,1846,p2,selection,132.6343994140625,1787512226.4203782
636,1847,p2,selection,168.8661651611328,1787512226.424381
636,1848,p2,selection,125.81180572509766,1787512226.428388
637,636,p1,turn,7.281114101409912,1787512226.4492517
637,1849,p1,selection,102.52445983886719,1787512226.453529
637,1850,p1,selection,125.228271484375,1787512226.4579427
637,1851,p1,selection,191.37232971191406,1787512226.4623995
637,636,p2,turn,18.35628318786621,1787512226.4783537
637,1849,p2,selection,143.15179443359375,1787512226.4824302
637,1850,p2,selection,136.2688751220703,1787512226.4870756
637,1851,p2,selection,145.25006103515625,1787512226.4910808
638,637,p1,turn,12.465974807739258,1787512226.5529132
638,1852,p1,selection,122.26565551757812,1787512226.5570023
638,1853,p1,selection,152.94677734375,1787512226.5609355
638,1854,p1,selection,136.7084197998047,1787512226.5653217
638,637,p2,turn,15.435650825500488,1787512226.577739
638,1852,p2,selection,151.1933135986328,1787512226.5821557
638,1853,p2,selection,199.9850311279297,1787512226.5863447
638,1854,p2,selection,172.38121032714844,1787512226.5903153
639,638,p1,turn,12.666901588439941,1787512226.611028
639,1855,p1,selection,137.30003356933594,1787512226.6148267
639,1856,p1,selection,140.4686279296875,1787512226.6188698
639,1857,p1,selection,178.94778442382812,1787512226.622793
639,638,p2,turn,16.0853328704834,1787512226.636643
639,1855,p2,selection,154.1015167236328,1787512226.6413314
639,1856,p2,selection,138.5340118408203,1787512226.648031
639,1857,p2,selection,148.37493896484375,1787512226.6532767
640,639,p1,turn,13.981775283813477,1787512226.7139163
640,1858,p1,selection,116.9542007446289,1787512226.7188754
640,1859,p1,selection,159.3506622314453,1787512226.723901
640,1860,p1,selection,129.2311553955078,1787512226.729609
640,639,p2,turn,16.389867782592773,1787512226.7432933
640,1858,p2,selection,164.3418731689453,1787512226.7485032
640,1859,p2,selection,171.63815307617188,1787512226.7545176
640,1860,p2,selection,165.03280639648438,1787512226.7596173
641,640,p1,turn,10.736340522766113,1787512226.784525
641,1861,p1,selection,137.01409912109375,1787512226.7889194
641,1862,p1,selection,140.43125915527344,1787512226.7929602
641,1863,p1,selection,141.0536346435547,1787512226.7970774
641,640,p2,turn,13.950678825378418,1787512226.8092191
641,1861,p2,selection,151.35389709472656,1787512226.813072
641,1862,p2,selection,136.50111389160156,1787512226.8169482
641,1863,p2,selection,171.61434936523438,1787512226.8213358
642,641,p1,turn,9.51701545715332,1787512226.8415995
642,1864,p1,selection,130.9758758544922,1787512226.8456447
642,1865,p1,selection,157.32186889648438,1787512226.8497303
642,1866,p1,selection,102.2048110961914,1787512226.8541255
642,641,p2,turn,17.740737915039062,1787512226.866354
642,1864,p2,selection,134.49949645996094,1787512226.8713987
642,1865,p2,selection,179.25099182128906,1787512226.8762066
642,1866,p2,selection,139.23257446289062,1787512226.881063
643,642,p1,turn,12.153167724609375,1787512226.9004407
643,1867,p1,selection,148.88890075683594,1787512226.9048107
643,1868,p1,selection,122.8178482055664,1787512226.9088268
643,1869,p1,selection,136.0115509033203,1787512226.9127836
643,642,p2,turn,11.176934242248535,1787512226.9248078
643,1867,p2,selection,163.9599609375,1787512226.9286778
643,1868,p2,selection,179.18907165527344,1787512226.9330986
643,1869,p2,selection,185.10243225097656,1787512226.9382412
644,643,p1,turn,17.162391662597656,1787512226.9585335
644,1870,p1,selection,155.80831909179688,1787512226.962579
644,1871,p1,selection,147.3934783935547,1787512226.9666016
644,1872,p1,selection,125.8759765625,1787512226.9710734
644,643,p2,turn,10.454994201660156,1787512226.983148
644,1870,p2,selection,168.80343627929688,1787512226.9875817
644,1871,p2,selection,161.12611389160156,1787512226.9916837
644,1872,p2,selection,147.3517608642578,1787512226.995743
645,644,p1,turn,9.727046966552734,1787512227.0335028
645,1873,p1,selection,136.45216369628906,1787512227.0379453
645,1874,p1,selection,121.49593353271484,1787512227.041849
645,1875,p1,selection,151.43856811523438,1787512227.0458655
645,644,p2,turn,7.300057411193848,1787512227.059254
645,1873,p2,selection,145.81765747070312,1787512227.063459
645,1874,p2,selection,160.39991760253906,1787512227.0678158
645,1875,p2,selection,135.15550231933594,1787512227.072121
646,645,p1,turn,13.06664752960205,1787512227.0940464
646,1876,p1,selection,137.79774475097656,1787512227.0982094
646,1877,p1,selection,140.32188415527344,1787512227.1026123
646,1878,p1,selection,159.77587890625,1787512227.1068451
646,645,p2,turn,16.981843948364258,1787512227.1192575
646,1876,p2,selection,160.076171875,1787512227.123315
646,1877,p2,selection,201.92269897460938,1787512227.12741
646,1878,p2,selection,119.22350311279297,1787512227.1314905
647,646,p1,turn,11.381990432739258,1787512227.1518743
647,1879,p1,selection,132.91424560546875,1787512227.155905
647,1880,p1,selection,102.09751892089844,1787512227.1597476
647,1881,p1,selection,137.11761474609375,1787512227.1635468
647,646,p2,turn,11.354768753051758,1787512227.175886
647,1879,p2,selection,152.57940673828125,1787512227.1798024
647,1880,p2,selection,152.8720245361328,1787512227.1837666
647,1881,p2,selection,174.28118896484375,1787512227.1879442
648,647,p1,turn,10.016040802001953,1787512227.206567
648,1882,p1,selection,141.09445190429688,1787512227.2102418
648,1883,p1,selection,126.56126403808594,1787512227.2139418
648,1884,p1,selection,143.2783966064453,1787512227.2176323
648,647,p2,turn,13.089365005493164,1787512227.2289798
648,1882,p2,selection,147.373291015625,1787512227.2328682
648,1883,p2,selection,176.87322998046875,1787512227.23682
648,1884,p2,selection,144.51031494140625,1787512227.2406209
649,648,p1,turn,8.412069320678711,1787512227.2627041
649,1885,p1,selection,126.99937438964844,1787512227.266396
649,1886,p1,selection,124.58647155761719,1787512227.2703044
649,1887,p1,selection,119.6181640625,1787512227.274091
649,648,p2,turn,9.263599395751953,1787512227.285723
649,1885,p2,selection,134.84446716308594,1787512227.2894893
649,1886,p2,selection,146.72698974609375,1787512227.2933993
649,1887,p2,selection,168.0859375,1787512227.2972844
650,649,p1,turn,15.492143630981445,1787512227.3163016
650,1888,p1,selection,141.21539306640625,1787512227.3202245
650,1889,p1,selection,150.13739013671875,1787512227.324063
650,1890,p1,selection,116.80162811279297,1787512227.3277924
650,649,p2,turn,10.347620010375977,1787512227.3394544
650,1888,p2,selection,157.680419921875,1787512227.3431706
650,1889,p2,selection,136.22634887695312,1787512227.3468714
650,1890,p2,selection,140.30392456054688,1787512227.3509302
651,650,p1,turn,16.026607513427734,1787512227.3833442
651,1891,p1,selection,121.16232299804688,1787512227.387936
651,1892,p1,selection,133.2801513671875,1787512227.3918006
651,1893,p1,selection,171.32142639160156,1787512227.3955152
651,650,p2,turn,9.849908828735352,1787512227.4071639
651,1891,p2,selection,173.885986328125,1787512227.4108229
651,1892,p2,selection,153.63681030273438,1787512227.414478
651,1893,p2,selection,177.75843811035156,1787512227.4185417
652,651,p1,turn,14.746907234191895,1787512227.440729
652,1894,p1,selection,137.83831787109375,1787512227.4443762
652,1895,p1,selection,125.43087005615234,1787512227.4480243
652,1896,p1,selection,147.99322509765625,1787512227.4520586
652,651,p2,turn,14.047892570495605,1787512227.4635406
652,1894,p2,selection,134.60647583007812,1787512227.4673815
652,1895,p2,selection,132.72689819335938,1787512227.4712663
652,1896,p2,selection,175.67478942871094,1787512227.4749167
653,652,p1,turn,12.437637329101562,1787512227.4920642
653,1897,p1,selection,110.78253936767578,1787512227.4957466
653,1898,p1,selection,112.98130798339844,1787512227.4994755
653,1899,p1,selection,112.55973815917969,1787512227.503389
653,652,p2,turn,14.179849624633789,1787512227.5146744
653,1897,p2,selection,129.93679809570312,1787512227.518823
653,1898,p2,selection,135.12550354003906,1787512227.5225604
653,1899,p2,selection,171.94241333007812,1787512227.5263712
654,653,p1,turn,10.275938034057617,1787512227.5453804
654,1900,p1,selection,119.49406433105469,1787512227.5499866
654,1901,p1,selection,139.3846435546875,1787512227.5540035
654,1902,p1,selection,151.06573486328125,1787512227.5577216
654,653,p2,turn,11.744601249694824,1787512227.569606
654,1900,p2,selection,137.8144989013672,1787512227.5735962
654,1901,p2,selection,187.95436096191406,1787512227.5772574
654,1902,p2,selection,143.20628356933594,1787512227.5812418
655,654,p1,turn,6.659875869750977,1787512227.6133456
655,1903,p1,selection,154.08555603027344,1787512227.617116
655,1904,p1,selection,172.6104736328125,1787512227.6210766
655,1905,p1,selection,118.5390853881836,1787512227.6247652
655,654,p2,turn,20.589874267578125,1787512227.6366243
655,1903,p2,selection,175.10604858398438,1787512227.6404214
655,1904,p2,selection,157.792724609375,1787512227.6441314
655,1905,p2,selection,124.92323303222656,1787512227.6477854
656,655,p1,turn,12.042304992675781,1787512227.7031698
656,1906,p1,selection,168.0266571044922,1787512227.707113
656,1907,p1,selection,127.09313201904297,1787512227.7107818
656,1908,p1,selection,191.09532165527344,1787512227.7143507
656,655,p2,turn,12.919471740722656,1787512227.7258224
656,1906,p2,selection,173.0904541015625,1787512227.7294734
656,1907,p2,selection,132.36758422851562,1787512227.7330937
656,1908,p2,selection,162.25918579101562,1787512227.7371323
657,656,p1,turn,13.243840217590332,1787512227.7565663
657,1909,p1,selection,158.45909118652344,1787512227.7602007
657,1910,p1,selection,154.09288024902344,1787512227.7638319
657,1911,p1,selection,113.08251190185547,1787512227.7676995
657,656,p2,turn,9.485759735107422,1787512227.7791486
657,1909,p2,selection,133.10592651367188,1787512227.7828977
657,1910,p2,selection,126.28317260742188,1787512227.787138
657,1911,p2,selection,132.68812561035156,1787512227.7909172
658,657,p1,turn,11.432450294494629,1787512227.819628
658,1912,p1,selection,141.2647705078125,1787512227.8235073
658,1913,p1,selection,168.6922607421875,1787512227.8272498
658,1914,p1,selection,151.356689453125,1787512227.8311243
658,657,p2,turn,15.900493621826172,1787512227.843552
658,1912,p2,selection,125.62582397460938,1787512227.8474872
658,1913,p2,selection,120.083251953125,1787512227.8518298
658,1914,p2,selection,120.99665832519531,1787512227.8559449
659,658,p1,turn,13.72323989868164,1787512227.8768663
659,1915,p1,selection,125.80583953857422,1787512227.8821604
659,1916,p1,selection,146.3008270263672,1787512227.886603
659,1917,p1,selection,120.43193054199219,1787512227.8905783
659,658,p2,turn,12.95461654663086,1787512227.9033682
659,1915,p2,selection,173.0788116455078,1787512227.907449
659,1916,p2,selection,143.46937561035156,1787512227.9112785
659,1917,p2,selection,123.52973175048828,1787512227.9151478
660,659,p1,turn,17.41824722290039,1787512227.9485614
660,1918,p1,selection,137.05335998535156,1787512227.9527407
660,1919,p1,selection,135.79718017578125,1787512227.956897
660,1920,p1,selection,139.27197265625,1787512227.9607134
660,659,p2,turn,15.964101791381836,1787512227.9733126
660,1918,p2,selection,183.35899353027344,1787512227.9771435
660,1919,p2,selection,161.06512451171875,1787512227.981117
660,1920,p2,selection,153.87127685546875,1787512227.9855018
661,660,p1,turn,13.74177360534668,1787512228.0128012
661,1921,p1,selection,145.64346313476562,1787512228.0176618
661,1922,p1,selection,115.7944564819336,1787512228.0224364
661,1923,p1,selection,158.4175567626953,1787512228.0274732
661,660,p2,turn,9.659143447875977,1787512228.0395987
661,1921,p2,selection,121.20396423339844,1787512228.0432472
661,1922,p2,selection,168.52772521972656,1787512228.046849
661,1923,p2,selection,153.8160400390625,1787512228.050783
662,661,p1,turn,14.44816780090332,1787512228.0773325
662,1924,p1,selection,138.39675903320312,1787512228.081207
662,1925,p1,selection,116.99148559570312,1787512228.0854714
662,1926,p1,selection,157.0446014404297,1787512228.0893328
662,661,p2,turn,10.313276290893555,1787512228.1017141
662,1924,p2,selection,177.69139099121094,1787512228.1056025
662,1925,p2,selection,133.57981872558594,1787512228.1093404
662,1926,p2,selection,134.47866821289062,1787512228.1130369
663,662,p1,turn,15.809877395629883,1787512228.14156
663,1927,p1,selection,148.3773651123047,1787512228.1452155
663,1928,p1,selection,149.94427490234375,1787512228.1488395
663,1929,p1,selection,156.9513397216797,1787512228.1527343
663,662,p2,turn,12.027507781982422,1787512228.1642554
663,1927,p2,selection,165.6326446533203,1787512228.1683598
663,1928,p2,selection,139.39111328125,1787512228.1722877
663,1929,p2,selection,210.3240509033203,1787512228.1760077
664,663,p1,turn,12.884700775146484,1787512228.1985378
664,1930,p1,selection,147.0165557861328,1787512228.2025182
664,1931,p1,selection,120.024658203125,1787512228.2062879
664,1932,p1,selection,167.04507446289062,1787512228.2099597
664,663,p2,turn,11.038887977600098,1787512228.2215197
664,1930,p2,selection,135.62350463867188,1787512228.2252004
664,1931,p2,selection,119.30785369873047,1787512228.2288203
664,1932,p2,selection,189.5799102783203,1787512228.23244
665,664,p1,turn,14.905373573303223,1787512228.2488859
665,1933,p1,selection,162.22706604003906,1787512228.2526672
665,1934,p1,selection,127.4503173828125,1787512228.2564847
665,1935,p1,selection,118.73167419433594,1787512228.2601268
665,664,p2,turn,8.668400764465332,1787512228.271915
665,1933,p2,selection,135.84823608398438,1787512228.2756007
665,1934,p2,selection,159.4781494140625,1787512228.2792377
665,1935,p2,selection,165.11184692382812,1787512228.2838578
666,665,p1,turn,11.517027854919434,1787512228.3096454
666,1936,p1,selection,152.0918426513672,1787512228.3133116
666,1937,p1,selection,137.5596923828125,1787512228.3170319
666,1938,p1,selection,112.5633544921875,1787512228.321003
666,665,p2,turn,13.728309631347656,1787512228.3325605
666,1936,p2,selection,161.24195861816406,1787512228.3365607
666,1937,p2,selection,163.34185791015625,1787512228.340314
666,1938,p2,selection,135.14491271972656,1787512228.343988
667,666,p1,turn,14.12733268737793,1787512228.3618867
667,1939,p1,selection,139.5628662109375,1787512228.365569
667,1940,p1,selection,200.77273559570312,1787512228.3695738
667,1941,p1,selection,148.86170959472656,1787512228.3733969
667,666,p2,turn,9.602344512939453,1787512228.3855422
667,1939,p2,selection,120.337890625,1787512228.3893769
667,1940,p2,selection,128.67221069335938,1787512228.3932827
667,1941,p2,selection,121.3048095703125,1787512228.3970819
668,667,p1,turn,11.68547248840332,1787512228.4182987
668,1942,p1,selection,148.0973663330078,1787512228.4225082
668,1943,p1,selection,124.33158874511719,1787512228.4265246
668,1944,p1,selection,129.7344512939453,1787512228.4304993
668,667,p2,turn,9.497856140136719,1787512228.4430656
668,1942,p2,selection,120.2015380859375,1787512228.4469545
668,1943,p2,selection,139.80897521972656,1787512228.451268
668,1944,p2,selection,150.45559692382812,1787512228.4563084
669,668,p1,turn,7.162303924560547,1787512228.4775403
669,1945,p1,selection,152.66970825195312,1787512228.4815583
669,1946,p1,selection,152.89862060546875,1787512228.4859748
669,1947,p1,selection,132.29920959472656,1787512228.4902093
669,668,p2,turn,12.649925231933594,1787512228.502829
669,1945,p2,selection,166.02130126953125,1787512228.5068831
669,1946,p2,selection,101.5871810913086,1787512228.5108354
669,1947,p2,selection,162.10877990722656,1787512228.5149057
670,669,p1,turn,13.218820571899414,1787512228.5413313
670,1948,p1,selection,158.87876892089844,1787512228.5453258
670,1949,p1,selection,165.36288452148438,1787512228.5493195
670,1950,p1,selection,171.45628356933594,1787512228.5540779
670,669,p2,turn,10.336686134338379,1787512228.5662215
670,1948,p2,selection,153.99087524414062,1787512228.5705316
670,1949,p2,selection,158.1109619140625,1787512228.5746696
670,1950,p2,selection,149.6377410888672,1787512228.5796978
671,670,p1,turn,15.012577056884766,1787512228.609049
671,1951,p1,selection,152.88125610351562,1787512228.6131597
671,1952,p1,selection,140.4200439453125,1787512228.6171803
671,1953,p1,selection,133.69766235351562,1787512228.6213832
671,670,p2,turn,15.445096015930176,1787512228.6338394
671,1951,p2,selection,138.81463623046875,1787512228.6381075
671,1952,p2,selection,133.08802795410156,1787512228.6421666
671,1953,p2,selection,157.10183715820312,1787512228.6460028
672,671,p1,turn,16.083280563354492,1787512228.6656942
672,1954,p1,selection,173.42620849609375,1787512228.670076
672,1955,p1,selection,145.25527954101562,1787512228.6768277
672,1956,p1,selection,140.4000701904297,1787512228.6818216
672,671,p2,turn,14.210848808288574,1787512228.6993222
672,1954,p2,selection,164.71263122558594,1787512228.7038085
672,1955,p2,selection,180.99755859375,1787512228.7078836
672,1956,p2,selection,155.63125610351562,1787512228.7117481
673,672,p1,turn,6.7393999099731445,1787512228.737171
673,1957,p1,selection,156.58352661132812,1787512228.741185
673,1958,p1,selection,148.20237731933594,1787512228.745215
673,1959,p1,selection,148.73260498046875,1787512228.7489953
673,672,p2,turn,13.230645179748535,1787512228.7608364
673,1957,p2,selection,175.12261962890625,1787512228.7646728
673,1958,p2,selection,126.7343521118164,1787512228.7688568
673,1959,p2,selection,181.87347412109375,1787512228.7727022
674,673,p1,turn,11.402176856994629,1787512228.7919176
674,1960,p1,selection,154.4446258544922,1787512228.795777
674,1961,p1,selection,141.94166564941406,1787512228.799907
674,1962,p1,selection,151.1632537841797,1787512228.8051794
674,673,p2,turn,19.465410232543945,1787512228.8193269
674,1960,p2,selection,180.05880737304688,1787512228.8234556
674,1961,p2,selection,148.65386962890625,1787512228.8278382
674,1962,p2,selection,193.38314819335938,1787512228.832275
675,674,p1,turn,12.714398384094238,1787512228.8563888
675,1963,p1,selection,161.75701904296875,1787512228.8608594
675,1964,p1,selection,115.37943267822266,1787512228.864832
675,1965,p1,selection,140.4007110595703,1787512228.870226
675,674,p2,turn,14.971695899963379,1787512228.883783
675,1963,p2,selection,177.49945068359375,1787512228.887905
675,1964,p2,selection,168.17063903808594,1787512228.8917453
675,1965,p2,selection,134.5015869140625,1787512228.8957114
676,675,p1,turn,10.348660469055176,1787512228.9199483
676,1966,p1,selection,168.62498474121094,1787512228.9238148
676,1967,p1,selection,141.2112274169922,1787512228.9277332
676,1968,p1,selection,119.83779907226562,1787512228.931665
676,675,p2,turn,11.733993530273438,1787512228.943503
676,1966,p2,selection,177.17286682128906,1787512228.9472694
676,1967,p2,selection,172.91725158691406,1787512228.9511905
676,1968,p2,selection,130.6842498779297,1787512228.9550261
677,676,p1,turn,9.487847328186035,1787512228.9781919
677,1969,p1,selection,151.37901306152344,1787512228.9828272
677,1970,p1,selection,182.1016387939453,1787512228.9869285
677,1971,p1,selection,117.337890625,1787512228.990995
677,676,p2,turn,12.044380187988281,1787512229.0033019
677,1969,p2,selection,166.1885223388672,1787512229.007353
677,1970,p2,selection,115.12740325927734,1787512229.0111187
677,1971,p2,selection,175.87652587890625,1787512229.0150206
678,677,p1,turn,9.600327491760254,1787512229.0522938
678,1972,p1,selection,147.8990020751953,1787512229.0562422
678,1973,p1,selection,139.24476623535156,1787512229.0600092
678,1974,p1,selection,127.44615936279297,1787512229.0641837
678,677,p2,turn,11.357412338256836,1787512229.0779457
678,1972,p2,selection,148.04595947265625,1787512229.0818262
678,1973,p2,selection,200.6772918701172,1787512229.0858383
678,1974,p2,selection,137.72882080078125,1787512229.089919
679,678,p1,turn,9.565469741821289,1787512229.120495
679,1975,p1,selection,179.15159606933594,1787512229.1244812
679,1976,p1,selection,142.3213348388672,1787512229.1285033
679,1977,p1,selection,169.61961364746094,1787512229.1327033
679,678,p2,turn,18.816051483154297,1787512229.145118
679,1975,p2,selection,137.36676025390625,1787512229.1491182
679,1976,p2,selection,204.40682983398438,1787512229.1532812
679,1977,p2,selection,136.92718505859375,1787512229.157439
680,679,p1,turn,10.44292163848877,1787512229.1823533
680,1978,p1,selection,117.9031982421875,1787512229.1863139
680,1979,p1,selection,144.48390197753906,1787512229.190258
680,1980,p1,selection,137.51771545410156,1787512229.1940694
680,679,p2,turn,14.944622993469238,1787512229.2054472
680,1978,p2,selection,115.19477844238281,1787512229.2091477
680,1979,p2,selection,158.23095703125,1787512229.2128625
680,1980,p2,selection,153.78407287597656,1787512229.216533
681,680,p1,turn,17.466703414916992,1787512229.2425227
681,1981,p1,selection,138.27114868164062,1787512229.247147
681,1982,p1,selection,112.789306640625,1787512229.2519157
681,1983,p1,selection,133.2373046875,1787512229.2565258
681,680,p2,turn,14.722405433654785,1787512229.2710927
681,1981,p2,selection,194.8245391845703,1787512229.2755804
681,1982,p2,selection,107.28500366210938,1787512229.2799745
681,1983,p2,selection,163.21559143066406,1787512229.2855613
682,681,p1,turn,11.709465026855469,1787512229.3392696
682,1984,p1,selection,150.22030639648438,1787512229.344761
682,1985,p1,selection,138.0778045654297,1787512229.3515868
682,1986,p1,selection,157.3548583984375,1787512229.3565855
682,681,p2,turn,11.360821723937988,1787512229.3689125
682,1984,p2,selection,141.7204132080078,1787512229.3729165
682,1985,p2,selection,135.7453155517578,1787512229.3767433
682,1986,p2,selection,189.2242431640625,1787512229.3805175
683,682,p1,turn,12.504996299743652,1787512229.4041157
683,1987,p1,selection,120.15283203125,1787512229.4079762
683,1988,p1,selection,150.9833526611328,1787512229.4116263
683,1989,p1,selection,123.42008209228516,1787512229.4152904
683,682,p2,turn,12.803535461425781,1787512229.4270291
683,1987,p2,selection,164.7508087158203,1787512229.430672
683,1988,p2,selection,179.5642547607422,1787512229.43468
683,1989,p2,selection,145.89231872558594,1787512229.438492
684,683,p1,turn,8.174232482910156,1787512229.455892
684,1990,p1,selection,152.43177795410156,1787512229.4596417
684,1991,p1,selection,114.1858901977539,1787512229.4632924
684,1992,p1,selection,152.6939239501953,1787512229.4670238
684,683,p2,turn,13.96281623840332,1787512229.4792802
684,1990,p2,selection,131.21022033691406,1787512229.482963
684,1991,p2,selection,169.45555114746094,1787512229.4870343
684,1992,p2,selection,139.59519958496094,1787512229.4908938
685,684,p1,turn,9.918965339660645,1787512229.5220141
685,1993,p1,selection,172.09332275390625,1787512229.525873
685,1994,p1,selection,153.12205505371094,1787512229.5295203
685,1995,p1,selection,134.94029235839844,1787512229.5334282
685,684,p2,turn,13.113842010498047,1787512229.546274
685,1993,p2,selection,170.434326171875,1787512229.5499341
685,1994,p2,selection,162.5076904296875,1787512229.5540347
685,1995,p2,selection,160.2705078125,1787512229.5578299
686,685,p1,turn,11.146110534667969,1787512229.5826623
686,1996,p1,selection,149.55581665039062,1787512229.586772
686,1997,p1,selection,178.38426208496094,1787512229.5905902
686,1998,p1,selection,162.0036163330078,1787512229.5942903
686,685,p2,turn,10.714051246643066,1787512229.6077785
686,1996,p2,selection,178.71829223632812,1787512229.6122575
686,1997,p2,selection,122.72862243652344,1787512229.6167436
686,1998,p2,selection,196.53103637695312,1787512229.6214807
687,686,p1,turn,13.846211433410645,1787512229.6456923
687,1999,p1,selection,171.85121154785156,1787512229.6494231
687,2000,p1,selection,176.0314178466797,1787512229.6534612
687,2001,p1,selection,139.0534210205078,1787512229.6572795
687,686,p2,turn,12.726079940795898,1787512229.669118
687,1999,p2,selection,161.70233154296875,1787512229.67293
687,2000,p2,selection,139.40133666992188,1787512229.6768024
687,2001,p2,selection,166.07562255859375,1787512229.6805427
688,687,p1,turn,14.939453125,1787512229.7103262
688,2002,p1,selection,136.947021484375,1787512229.7141051
688,2003,p1,selection,130.15086364746094,1787512229.7182007
688,2004,p1,selection,143.74623107910156,1787512229.7220743
688,687,p2,turn,14.668294906616211,1787512229.7337747
688,2002,p2,selection,136.11529541015625,1787512229.7377093
688,2003,p2,selection,190.360107421875,1787512229.7414236
688,2004,p2,selection,166.1997528076172,1787512229.7451077
689,688,p1,turn,14.721237182617188,1787512229.7637568
689,2005,p1,selection,171.404541015625,1787512229.767614
689,2006,p1,selection,159.02493286132812,1787512229.7714655
689,2007,p1,selection,166.88491821289062,1787512229.7751136
689,688,p2,turn,11.916419982910156,1787512229.786326
689,2005,p2,selection,166.91171264648438,1787512229.7900662
689,2006,p2,selection,156.5181884765625,1787512229.793732
689,2007,p2,selection,163.56494140625,1787512229.7974138
690,689,p1,turn,18.610502243041992,1787512229.8741624
690,2008,p1,selection,158.0155792236328,1787512229.8782172
690,2009,p1,selection,155.63279724121094,1787512229.8828342
690,2010,p1,selection,116.93942260742188,1787512229.8875353
690,689,p2,turn,9.944106101989746,1787512229.9033248
690,2008,p2,selection,129.48985290527344,1787512229.908106
690,2009,p2,selection,178.27212524414062,1787512229.9129474
690,2010,p2,selection,146.96717834472656,1787512229.9175587
691,690,p1,turn,10.684686660766602,1787512229.9695592
691,2011,p1,selection,161.3870849609375,1787512229.975754
691,2012,p1,selection,130.699951171875,1787512229.9809265
691,2013,p1,selection,160.10171508789062,1787512229.9862103
691,690,p2,turn,16.48824691772461,1787512230.0020647
691,2011,p2,selection,185.2786865234375,1787512230.007349
691,2012,p2,selection,180.9788055419922,1787512230.0113025
691,2013,p2,selection,158.6572265625,1787512230.0153332
692,691,p1,turn,9.721471786499023,1787512230.0424526
692,2014,p1,selection,153.93125915527344,1787512230.0472543
692,2015,p1,selection,150.55987548828125,1787512230.0524535
692,2016,p1,selection,173.3448486328125,1787512230.0573757
692,691,p2,turn,10.255817413330078,1787512230.0700552
692,2014,p2,selection,170.64889526367188,1787512230.074195
692,2015,p2,selection,180.69061279296875,1787512230.078165
692,2016,p2,selection,161.355224609375,1787512230.0820436
693,692,p1,turn,17.700382232666016,1787512230.1025455
693,2017,p1,selection,179.0437469482422,1787512230.107316
693,2018,p1,selection,102.7472152709961,1787512230.1120646
693,2019,p1,selection,141.4748077392578,1787512230.1167755
693,692,p2,turn,8.773336410522461,1787512230.1316078
693,2017,p2,selection,174.67369079589844,1787512230.1362514
693,2018,p2,selection,178.69561767578125,1787512230.1401865
693,2019,p2,selection,162.9598846435547,1787512230.1440153
694,693,p1,turn,11.999604225158691,1787512230.1723204
694,2020,p1,selection,155.70895385742188,1787512230.177261
694,2021,p1,selection,138.55184936523438,1787512230.1822066
694,2022,p1,selection,164.41810607910156,1787512230.1870353
694,693,p2,turn,11.86515998840332,1787512230.2028806
694,2020,p2,selection,147.98158264160156,1787512230.207121
694,2021,p2,selection,125.65794372558594,1787512230.211537
694,2022,p2,selection,142.28651428222656,1787512230.215837
695,694,p1,turn,13.373875617980957,1787512230.267684
695,2023,p1,selection,154.47708129882812,1787512230.2718835
695,2024,p1,selection,149.21377563476562,1787512230.2766771
695,2025,p1,selection,160.12893676757812,1787512230.281432
695,694,p2,turn,11.384177207946777,1787512230.2958875
695,2023,p2,selection,159.44944763183594,1787512230.3010268
695,2024,p2,selection,185.11509704589844,1787512230.3061812
695,2025,p2,selection,169.65380859375,1787512230.3111138
696,695,p1,turn,10.90555191040039,1787512230.343868
696,2026,p1,selection,120.3978042602539,1787512230.348469
696,2027,p1,selection,149.00450134277344,1787512230.3532414
696,2028,p1,selection,158.0240936279297,1787512230.357999
696,695,p2,turn,10.387943267822266,1787512230.3725255
696,2026,p2,selection,182.97581481933594,1787512230.3771305
696,2027,p2,selection,123.24372863769531,1787512230.381703
696,2028,p2,selection,148.18215942382812,1787512230.3865173
697,696,p1,turn,9.566329956054688,1787512230.4207082
697,2029,p1,selection,143.2323760986328,1787512230.4251485
697,2030,p1,selection,161.6826171875,1787512230.4297028
697,2031,p1,selection,178.15394592285156,1787512230.4350643
697,696,p2,turn,12.486066818237305,1787512230.4508429
697,2029,p2,selection,175.1271514892578,1787512230.4553213
697,2030,p2,selection,162.2069091796875,1787512230.4595208
697,2031,p2,selection,168.0711212158203,1787512230.4637334
698,697,p1,turn,9.39307689666748,1787512230.4890099
698,2032,p1,selection,125.23920440673828,1787512230.4929433
698,2033,p1,selection,128.90054321289062,1787512230.49683
698,2034,p1,selection,145.23587036132812,1787512230.5010278
698,697,p2,turn,9.529365539550781,1787512230.5133302
698,2032,p2,selection,164.66873168945312,1787512230.5174654
698,2033,p2,selection,184.0313720703125,1787512230.5216691
698,2034,p2,selection,147.2330780029297,1787512230.5256965
699,698,p1,turn,10.725510597229004,1787512230.5447185
699,2035,p1,selection,138.7752685546875,1787512230.5491529
699,2036,p1,selection,204.60733032226562,1787512230.5545135
699,2037,p1,selection,177.58401489257812,1787512230.5597193
699,698,p2,turn,11.805198669433594,1787512230.5768006
699,2035,p2,selection,130.26454162597656,1787512230.5818849
699,2036,p2,selection,159.8842010498047,1787512230.5869477
699,2037,p2,selection,170.4042205810547,1787512230.592582
700,699,p1,turn,12.691936492919922,1787512230.6207867
700,2038,p1,selection,131.92556762695312,1787512230.6261995
700,2039,p1,selection,128.6330108642578,1787512230.631126
700,2040,p1,selection,111.67176818847656,1787512230.6363854
700,699,p2,turn,10.252738952636719,1787512230.65183
700,2038,p2,selection,133.25814819335938,1787512230.656687
700,2039,p2,selection,156.0157012939453,1787512230.6622643
700,2040,p2,selection,198.81600952148438,1787512230.6662161
701,700,p1,turn,11.571784019470215,1787512230.6978598
701,2041,p1,selection,137.64633178710938,1787512230.7037923
701,2042,p1,selection,127.26819610595703,1787512230.7079504
701,2043,p1,selection,98.2544174194336,1787512230.7119803
701,700,p2,turn,10.948444366455078,1787512230.7287033
701,2041,p2,selection,165.37034606933594,1787512230.7334201
701,2042,p2,selection,160.8948516845703,1787512230.7378259
701,2043,p2,selection,198.77874755859375,1787512230.7419364
702,701,p1,turn,14.407254219055176,1787512230.772964
702,2044,p1,selection,135.5470733642578,1787512230.7778556
702,2045,p1,selection,190.35504150390625,1787512230.7827117
702,2046,p1,selection,139.07640075683594,1787512230.7878616
702,701,p2,turn,12.45321273803711,1787512230.803415
702,2044,p2,selection,140.13525390625,1787512230.8075013
702,2045,p2,selection,174.54881286621094,1787512230.811634
702,2046,p2,selection,150.7883758544922,1787512230.8158736
703,702,p1,turn,12.176116943359375,1787512230.8465083
703,2047,p1,selection,146.34100341796875,1787512230.8508575
703,2048,p1,selection,141.88711547851562,1787512230.855425
703,2049,p1,selection,173.2373046875,1787512230.8599875
703,702,p2,turn,11.822118759155273,1787512230.8731542
703,2047,p2,selection,178.1461944580078,1787512230.8778656
703,2048,p2,selection,166.3043212890625,1787512230.8830578
703,2049,p2,selection,177.69219970703125,1787512230.8874738
704,703,p1,turn,20.940948486328125,1787512230.9144568
704,2050,p1,selection,105.49356842041016,1787512230.919039
704,2051,p1,selection,119.82269287109375,1787512230.9238746
704,2052,p1,selection,141.07838439941406,1787512230.928336
704,703,p2,turn,16.841920852661133,1787512230.9419525
704,2050,p2,selection,134.162353515625,1787512230.9460516
704,2051,p2,selection,205.15472412109375,1787512230.9500854
704,2052,p2,selection,165.33091735839844,1787512230.9544594
705,704,p1,turn,11.134167671203613,1787512230.994319
705,2053,p1,selection,180.68727111816406,1787512231.000156
705,2054,p1,selection,168.54022216796875,1787512231.0048041
705,2055,p1,selection,153.72232055664062,1787512231.0089505
705,704,p2,turn,9.831686019897461,1787512231.021766
705,2053,p2,selection,173.1470947265625,1787512231.0257692
705,2054,p2,selection,205.97735595703125,1787512231.029903
705,2055,p2,selection,179.58499145507812,1787512231.0341024
706,705,p1,turn,14.392900466918945,1787512231.0763981
706,2056,p1,selection,140.21694946289062,1787512231.0814443
706,2057,p1,selection,143.89004516601562,1787512231.0865846
706,2058,p1,selection,174.3479461669922,1787512231.0928652
706,705,p2,turn,12.316938400268555,1787512231.1083972
706,2056,p2,selection,163.6739501953125,1787512231.113029
706,2057,p2,selection,150.63363647460938,1787512231.1181657
706,2058,p2,selection,170.63473510742188,1787512231.1223843
707,706,p1,turn,8.865260124206543,1787512231.139827
707,2059,p1,selection,151.9580078125,1787512231.1438017
707,2060,p1,selection,176.84664916992188,1787512231.1477597
707,2061,p1,selection,159.1087188720703,1787512231.1521559
707,706,p2,turn,15.680968284606934,1787512231.1650293
707,2059,p2,selection,184.4436798095703,1787512231.169608
707,2060,p2,selection,186.31214904785156,1787512231.1737406
707,2061,p2,selection,119.6142349243164,1787512231.1776164
708,707,p1,turn,11.88093090057373,1787512231.1996028
708,2062,p1,selection,157.55746459960938,1787512231.2043195
708,2063,p1,selection,150.523681640625,1787512231.208058
708,2064,p1,selection,173.33082580566406,1787512231.2117925
708,707,p2,turn,17.55588722229004,1787512231.2233603
708,2062,p2,selection,154.4212646484375,1787512231.2270818
708,2063,p2,selection,177.0922088623047,1787512231.2307668
708,2064,p2,selection,163.90167236328125,1787512231.2348306
709,708,p1,turn,13.285782814025879,1787512231.2632391
709,2065,p1,selection,113.37763977050781,1787512231.2670786
709,2066,p1,selection,115.1577377319336,1787512231.2711136
709,2067,p1,selection,133.25900268554688,1787512231.2748756
709,708,p2,turn,16.241405487060547,1787512231.2869785
709,2065,p2,selection,154.8114776611328,1787512231.2916768
709,2066,p2,selection,159.5706787109375,1787512231.2960622
709,2067,p2,selection,140.35263061523438,1787512231.300514
710,709,p1,turn,11.12812614440918,1787512231.3755524
710,2068,p1,selection,119.2994613647461,1787512231.3793123
710,2069,p1,selection,120.0457763671875,1787512231.3829713
710,2070,p1,selection,137.2125244140625,1787512231.3869267
710,709,p2,turn,16.589746475219727,1787512231.3995109
710,2068,p2,selection,189.10227966308594,1787512231.405119
710,2069,p2,selection,215.11758422851562,1787512231.4103181
710,2070,p2,selection,163.64683532714844,1787512231.4147847
711,710,p1,turn,10.337967872619629,1787512231.454646
711,2071,p1,selection,145.11492919921875,1787512231.4584727
711,2072,p1,selection,138.38304138183594,1787512231.4621587
711,2073,p1,selection,165.9907684326172,1787512231.4658556
711,710,p2,turn,9.476655960083008,1787512231.477272
711,2071,p2,selection,190.38555908203125,1787512231.4809515
711,2072,p2,selection,155.30442810058594,1787512231.4849846
711,2073,p2,selection,133.9066162109375,1787512231.488975
712,711,p1,turn,11.038068771362305,1787512231.5060468
712,2074,p1,selection,166.4763946533203,1787512231.509707
712,2075,p1,selection,148.4220428466797,1787512231.51334
712,2076,p1,selection,152.5098419189453,1787512231.5172162
712,711,p2,turn,13.198802947998047,1787512231.5287457
712,2074,p2,selection,157.40562438964844,1787512231.5325487
712,2075,p2,selection,155.30433654785156,1787512231.5365198
712,2076,p2,selection,139.4424591064453,1787512231.5403533
713,712,p1,turn,10.422110557556152,1787512231.566829
713,2077,p1,selection,158.39932250976562,1787512231.5708818
713,2078,p1,selection,167.17552185058594,1787512231.5746322
713,2079,p1,selection,123.6181869506836,1787512231.5783312
713,712,p2,turn,17.12918472290039,1787512231.5902445
713,2077,p2,selection,143.00714111328125,1787512231.593984
713,2078,p2,selection,155.4931640625,1787512231.5976942
713,2079,p2,selection,157.5731964111328,1787512231.601768
714,713,p1,turn,17.799148559570312,1787512231.6341646
714,2080,p1,selection,154.5288848876953,1787512231.6391053
714,2081,p1,selection,183.07550048828125,1787512231.6436563
714,2082,p1,selection,146.8730010986328,1787512231.64834
714,713,p2,turn,11.604732513427734,1787512231.6620312
714,2080,p2,selection,178.96066284179688,1787512231.666516
714,2081,p2,selection,155.9423828125,1787512231.6711934
714,2082,p2,selection,188.11305236816406,1787512231.675594
715,714,p1,turn,13.62369155883789,1787512231.7030346
715,2083,p1,selection,176.19564819335938,1787512231.7076266
715,2084,p1,selection,141.64817810058594,1787512231.7120104
715,2085,p1,selection,210.00563049316406,1787512231.7175379
715,714,p2,turn,14.834298133850098,1787512231.7289498
715,2083,p2,selection,182.4656982421875,1787512231.7325656
715,2084,p2,selection,192.70318603515625,1787512231.7382336
715,2085,p2,selection,175.00625610351562,1787512231.7430322
716,715,p1,turn,10.466225624084473,1787512231.779707
716,2086,p1,selection,176.06405639648438,1787512231.7835515
716,2087,p1,selection,181.24822998046875,1787512231.7875547
716,2088,p1,selection,134.90663146972656,1787512231.7912889
716,715,p2,turn,12.630180358886719,1787512231.8031297
716,2086,p2,selection,161.60723876953125,1787512231.8068519
716,2087,p2,selection,158.2118682861328,1787512231.8104725
716,2088,p2,selection,183.50852966308594,1787512231.814094
717,716,p1,turn,9.002768516540527,1787512231.834618
717,2089,p1,selection,134.525146484375,1787512231.8383646
717,2090,p1,selection,134.96592712402344,1787512231.8420289
717,2091,p1,selection,155.29078674316406,1787512231.8460126
717,716,p2,turn,12.987190246582031,1787512231.8601155
717,2089,p2,selection,162.53311157226562,1787512231.8647661
717,2090,p2,selection,180.4208526611328,1787512231.8695798
717,2091,p2,selection,127.99956512451172,1787512231.8743083
718,717,p1,turn,16.3502197265625,1787512231.9197648
718,2092,p1,selection,131.26611328125,1787512231.9240527
718,2093,p1,selection,164.25596618652344,1787512231.9277673
718,2094,p1,selection,164.4933319091797,1787512231.931467
718,717,p2,turn,21.116355895996094,1787512231.942822
718,2092,p2,selection,156.2128448486328,1787512231.946584
718,2093,p2,selection,125.75392150878906,1787512231.9510312
718,2094,p2,selection,124.83026885986328,1787512231.954991
719,718,p1,turn,10.966842651367188,1787512231.976672
719,2095,p1,selection,121.13800048828125,1787512231.9804957
719,2096,p1,selection,126.14907836914062,1787512231.9847097
719,2097,p1,selection,207.93634033203125,1787512231.98862
719,718,p2,turn,11.555030822753906,1787512232.0010533
719,2095,p2,selection,180.5753631591797,1787512232.0049684
719,2096,p2,selection,157.52398681640625,1787512232.0088186
719,2097,p2,selection,180.057861328125,1787512232.012644
720,719,p1,turn,11.677075386047363,1787512232.035965
720,2098,p1,selection,142.5144500732422,1787512232.0400372
720,2099,p1,selection,146.9549102783203,1787512232.0438814
720,2100,p1,selection,148.4031219482422,1787512232.0479941
720,719,p2,turn,12.513324737548828,1787512232.060379
720,2098,p2,selection,162.9556427001953,1787512232.0655062
720,2099,p2,selection,153.61004638671875,1787512232.0706773
720,2100,p2,selection,131.55715942382812,1787512232.0757709
721,720,p1,turn,14.202049255371094,1787512232.117946
721,2101,p1,selection,164.07861328125,1787512232.1231644
721,2102,p1,selection,181.55050659179688,1787512232.1282396
721,2103,p1,selection,159.4989471435547,1787512232.1329355
721,720,p2,turn,12.26015853881836,1787512232.148729
721,2101,p2,selection,138.60487365722656,1787512232.153813
721,2102,p2,selection,146.14764404296875,1787512232.159212
721,2103,p2,selection,151.0363311767578,1787512232.164132
722,721,p1,turn,10.529415130615234,1787512232.192566
722,2104,p1,selection,134.4066619873047,1787512232.1962554
722,2105,p1,selection,119.72854614257812,1787512232.1999154
722,2106,p1,selection,192.59228515625,1787512232.2038805
722,721,p2,turn,10.54758071899414,1787512232.2151809
722,2104,p2,selection,156.00341796875,1787512232.2190382
722,2105,p2,selection,198.08282470703125,1787512232.222777
722,2106,p2,selection,179.56112670898438,1787512232.2263732
723,722,p1,turn,9.481502532958984,1787512232.24387
723,2107,p1,selection,192.5173797607422,1787512232.2475138
723,2108,p1,selection,163.2053985595703,1787512232.2515736
723,2109,p1,selection,166.7890625,1787512232.2553525
723,722,p2,turn,11.331673622131348,1787512232.2667477
723,2107,p2,selection,205.8159942626953,1787512232.270795
723,2108,p2,selection,160.78077697753906,1787512232.2744682
723,2109,p2,selection,135.5512237548828,1787512232.278109
724,723,p1,turn,13.905195236206055,1787512232.2969782
724,2110,p1,selection,185.4981231689453,1787512232.3009074
724,2111,p1,selection,163.87705993652344,1787512232.304754
724,2112,p1,selection,176.4337158203125,1787512232.308511
724,723,p2,turn,10.61863899230957,1787512232.3205035
724,2110,p2,selection,188.38772583007812,1787512232.324314
724,2111,p2,selection,176.665283203125,1787512232.3279562
724,2112,p2,selection,160.1584930419922,1787512232.3316805
725,724,p1,turn,11.888408660888672,1787512232.353313
725,2113,p1,selection,213.62220764160156,1787512232.3570964
725,2114,p1,selection,177.2667236328125,1787512232.3608007
725,2115,p1,selection,139.74659729003906,1787512232.364487
725,724,p2,turn,8.721030235290527,1787512232.376368
725,2113,p2,selection,139.2488555908203,1787512232.3800304
725,2114,p2,selection,217.08685302734375,1787512232.3837464
725,2115,p2,selection,198.275390625,1787512232.3877773
726,725,p1,turn,8.131054878234863,1787512232.4136982
726,2116,p1,selection,164.96934509277344,1787512232.4177985
726,2117,p1,selection,187.85391235351562,1787512232.4219952
726,2118,p1,selection,165.5657196044922,1787512232.426042
726,725,p2,turn,13.563567161560059,1787512232.4385438
726,2116,p2,selection,170.23374938964844,1787512232.4423962
726,2117,p2,selection,151.234619140625,1787512232.4461942
726,2118,p2,selection,166.8158721923828,1787512232.4500544
727,726,p1,turn,12.635356903076172,1787512232.4790428
727,2119,p1,selection,140.0809783935547,1787512232.4828498
727,2120,p1,selection,200.57479858398438,1787512232.487175
727,2121,p1,selection,136.62449645996094,1787512232.4913254
727,726,p2,turn,12.489089965820312,1787512232.5037053
727,2119,p2,selection,165.21356201171875,1787512232.5077453
727,2120,p2,selection,175.19573974609375,1787512232.5115266
727,2121,p2,selection,130.13052368164062,1787512232.5154166
728,727,p1,turn,12.823278427124023,1787512232.5352182
728,2122,p1,selection,156.678955078125,1787512232.5393348
728,2123,p1,selection,196.2456817626953,1787512232.543241
728,2124,p1,selection,131.35472106933594,1787512232.547065
728,727,p2,turn,9.22775650024414,1787512232.5594058
728,2122,p2,selection,158.2680206298828,1787512232.563255
728,2123,p2,selection,146.2723388671875,1787512232.567324
728,2124,p2,selection,118.43113708496094,1787512232.5716681
729,728,p1,turn,10.680669784545898,1787512232.5995927
729,2125,p1,selection,163.65765380859375,1787512232.603589
729,2126,p1,selection,118.53284454345703,1787512232.6075287
729,2127,p1,selection,122.1778564453125,1787512232.6113741
729,728,p2,turn,12.753203392028809,1787512232.6233354
729,2125,p2,selection,148.38780212402344,1787512232.6274083
729,2126,p2,selection,177.75413513183594,1787512232.6314373
729,2127,p2,selection,144.35638427734375,1787512232.636093
730,729,p1,turn,11.914511680603027,1787512232.6547894
730,2128,p1,selection,144.5732879638672,1787512232.6587057
730,2129,p1,selection,122.73182678222656,1787512232.6625583
730,2130,p1,selection,140.93197631835938,1787512232.6664171
730,729,p2,turn,11.422494888305664,1787512232.6787658
730,2128,p2,selection,182.07345581054688,1787512232.6826785
730,2129,p2,selection,150.99644470214844,1787512232.6868615
730,2130,p2,selection,144.42532348632812,1787512232.6908274
731,730,p1,turn,13.51750659942627,1787512232.7120519
731,2131,p1,selection,180.80674743652344,1787512232.7157915
731,2132,p1,selection,168.42630004882812,1787512232.7200627
731,2133,p1,selection,232.03395080566406,1787512232.7240484
731,730,p2,turn,12.718533515930176,1787512232.736249
731,2131,p2,selection,145.69790649414062,1787512232.7403662
731,2132,p2,selection,206.06332397460938,1787512232.7441845
731,2133,p2,selection,168.8143310546875,1787512232.7480433
732,731,p1,turn,10.941597938537598,1787512232.7708423
732,2134,p1,selection,158.55300903320312,1787512232.774704
732,2135,p1,selection,161.0124053955078,1787512232.7785642
732,2136,p1,selection,147.78224182128906,1787512232.7823853
732,731,p2,turn,11.70922565460205,1787512232.794551
732,2134,p2,selection,149.21966552734375,1787512232.7983341
732,2135,p2,selection,181.74127197265625,1787512232.8023224
732,2136,p2,selection,191.42822265625,1787512232.8063107
733,732,p1,turn,14.533565521240234,1787512232.8286476
733,2137,p1,selection,163.1397705078125,1787512232.832448
733,2138,p1,selection,163.5360107421875,1787512232.8364298
733,2139,p1,selection,149.1032257080078,1787512232.840426
733,732,p2,turn,13.30489444732666,1787512232.852675
733,2137,p2,selection,170.121337890625,1787512232.856626
733,2138,p2,selection,157.1063232421875,1787512232.8605685
733,2139,p2,selection,140.00982666015625,1787512232.864476
734,733,p1,turn,14.764698028564453,1787512232.8847232
734,2140,p1,selection,111.57527160644531,1787512232.8886669
734,2141,p1,selection,157.85154724121094,1787512232.8925502
734,2142,p1,selection,151.48912048339844,1787512232.8963904
734,733,p2,turn,9.797934532165527,1787512232.9080932
734,2140,p2,selection,188.67279052734375,1787512232.9118805
734,2141,p2,selection,153.32083129882812,1787512232.9156296
734,2142,p2,selection,162.87501525878906,1787512232.9196982
735,734,p1,turn,16.037555694580078,1787512232.945295
735,2143,p1,selection,156.39820861816406,1787512232.949838
735,2144,p1,selection,161.29417419433594,1787512232.954799
735,2145,p1,selection,154.47610473632812,1787512232.9593773
735,734,p2,turn,15.09591293334961,1787512232.9737694
735,2143,p2,selection,158.2415771484375,1787512232.97833
735,2144,p2,selection,121.81624603271484,1787512232.9829001
735,2145,p2,selection,173.19314575195312,1787512232.9877343
736,735,p1,turn,11.163694381713867,1787512233.0185597
736,2146,p1,selection,114.76988983154297,1787512233.0228596
736,2147,p1,selection,156.56997680664062,1787512233.0268755
736,2148,p1,selection,190.5281982421875,1787512233.0309083
736,735,p2,turn,13.550102233886719,1787512233.043445
736,2146,p2,selection,138.6714324951172,1787512233.0474744
736,2147,p2,selection,150.5713653564453,1787512233.0518436
736,2148,p2,selection,137.0318603515625,1787512233.055957
737,736,p1,turn,9.947806358337402,1787512233.0906785
737,2149,p1,selection,187.21826171875,1787512233.0945134
737,2150,p1,selection,123.16354370117188,1787512233.0987444
737,2151,p1,selection,127.23116302490234,1787512233.1029606
737,736,p2,turn,11.292449951171875,1787512233.1154683
737,2149,p2,selection,184.0932159423828,1787512233.1195421
737,2150,p2,selection,105.12310791015625,1787512233.1239464
737,2151,p2,selection,166.5513916015625,1787512233.1280584
738,737,p1,turn,9.259535789489746,1787512233.14695
738,2152,p1,selection,170.4758758544922,1787512233.1510923
738,2153,p1,selection,167.71009826660156,1787512233.1552844
738,2154,p1,selection,153.81680297851562,1787512233.1591947
738,737,p2,turn,11.026235580444336,1787512233.1709764
738,2152,p2,selection,173.17176818847656,1787512233.1748843
738,2153,p2,selection,161.55763244628906,1787512233.178721
738,2154,p2,selection,156.9057159423828,1787512233.1825566
739,738,p1,turn,9.676329612731934,1787512233.2178154
739,2155,p1,selection,187.38104248046875,1787512233.2220411
739,2156,p1,selection,129.62396240234375,1787512233.2259889
739,2157,p1,selection,152.613525390625,1787512233.2296147
739,738,p2,turn,8.5654935836792,1787512233.2409804
739,2155,p2,selection,182.0203857421875,1787512233.2446716
739,2156,p2,selection,180.6383514404297,1787512233.248258
739,2157,p2,selection,175.14218139648438,1787512233.2524247
740,739,p1,turn,11.115005493164062,1787512233.2708888
740,2158,p1,selection,152.6204071044922,1787512233.274615
740,2159,p1,selection,184.54693603515625,1787512233.278295
740,2160,p1,selection,223.10040283203125,1787512233.281911
740,739,p2,turn,10.9403657913208,1787512233.2932758
740,2158,p2,selection,180.65562438964844,1787512233.296918
740,2159,p2,selection,141.90350341796875,1787512233.300716
740,2160,p2,selection,186.3372802734375,1787512233.3046145
741,740,p1,turn,24.3269100189209,1787512233.3253372
741,2161,p1,selection,220.7713623046875,1787512233.3290334
741,2162,p1,selection,142.40480041503906,1787512233.332753
741,2163,p1,selection,121.56196594238281,1787512233.3366718
741,740,p2,turn,10.992359161376953,1787512233.3480468
741,2161,p2,selection,221.34030151367188,1787512233.3520393
741,2162,p2,selection,163.45797729492188,1787512233.3557963
741,2163,p2,selection,181.42343139648438,1787512233.3594153
742,741,p1,turn,11.615791320800781,1787512233.3893273
742,2164,p1,selection,146.73532104492188,1787512233.3930187
742,2165,p1,selection,128.46095275878906,1787512233.3967605
742,2166,p1,selection,181.55316162109375,1787512233.400462
742,741,p2,turn,15.602744102478027,1787512233.4118316
742,2164,p2,selection,147.7481231689453,1787512233.4154902
742,2165,p2,selection,185.16384887695312,1787512233.419412
742,2166,p2,selection,185.5995330810547,1787512233.4232183
743,742,p1,turn,14.512832641601562,1787512233.450656
743,2167,p1,selection,180.63711547851562,1787512233.454518
743,2168,p1,selection,180.97178649902344,1787512233.4582455
743,2169,p1,selection,153.33741760253906,1787512233.4618847
743,742,p2,turn,12.220046043395996,1787512233.4739332
743,2167,p2,selection,217.239990234375,1787512233.4779341
743,2168,p2,selection,181.45599365234375,1787512233.4815648
743,2169,p2,selection,155.74075317382812,1787512233.4855614
744,743,p1,turn,17.194210052490234,1787512233.5075758
744,2170,p1,selection,201.60452270507812,1787512233.5112185
744,2171,p1,selection,198.34434509277344,1787512233.5148613
744,2172,p1,selection,152.12399291992188,1787512233.518865
744,743,p2,turn,11.834029197692871,1787512233.530357
744,2170,p2,selection,219.51153564453125,1787512233.5342243
744,2171,p2,selection,143.09805297851562,1787512233.5380387
744,2172,p2,selection,137.6925506591797,1787512233.5417428
745,744,p1,turn,9.677532196044922,1787512233.6143713
745,2173,p1,selection,159.09674072265625,1787512233.6184466
745,2174,p1,selection,134.58474731445312,1787512233.6222448
745,2175,p1,selection,133.91610717773438,1787512233.6258996
745,744,p2,turn,13.405838012695312,1787512233.6376119
745,2173,p2,selection,181.8015594482422,1787512233.641354
745,2174,p2,selection,124.43876647949219,1787512233.6449993
745,2175,p2,selection,153.94296264648438,1787512233.6490908
746,745,p1,turn,14.039825439453125,1787512233.6666782
746,2176,p1,selection,192.2932586669922,1787512233.6709735
746,2177,p1,selection,123.35913848876953,1787512233.6749687
746,2178,p1,selection,118.22297668457031,1787512233.6796386
746,745,p2,turn,13.548871040344238,1787512233.691489
746,2176,p2,selection,207.21844482421875,1787512233.695401
746,2177,p2,selection,136.76119995117188,1787512233.6991742
746,2178,p2,selection,154.24099731445312,1787512233.7032108
747,746,p1,turn,14.839632987976074,1787512233.740091
747,2179,p1,selection,151.16436767578125,1787512233.7441866
747,2180,p1,selection,126.63452911376953,1787512233.7480335
747,2181,p1,selection,156.35557556152344,1787512233.7532141
747,746,p2,turn,9.229022979736328,1787512233.7670863
747,2179,p2,selection,151.3704071044922,1787512233.7712164
747,2180,p2,selection,163.3182373046875,1787512233.7749772
747,2181,p2,selection,213.97950744628906,1787512233.7787108
748,747,p1,turn,9.482794761657715,1787512233.797735
748,2182,p1,selection,175.32882690429688,1787512233.8016527
748,2183,p1,selection,176.85928344726562,1787512233.805494
748,2184,p1,selection,143.9742889404297,1787512233.8091671
748,747,p2,turn,10.613912582397461,1787512233.8206236
748,2182,p2,selection,204.43594360351562,1787512233.8244486
748,2183,p2,selection,183.0914764404297,1787512233.828156
748,2184,p2,selection,158.52313232421875,1787512233.8318586
749,748,p1,turn,10.927894592285156,1787512233.8528516
749,2185,p1,selection,151.45542907714844,1787512233.8566425
749,2186,p1,selection,196.83746337890625,1787512233.8602715
749,2187,p1,selection,180.22593688964844,1787512233.8640509
749,748,p2,turn,11.43239688873291,1787512233.8758008
749,2185,p2,selection,154.76385498046875,1787512233.8795295
749,2186,p2,selection,189.96665954589844,1787512233.8832173
749,2187,p2,selection,166.67657470703125,1787512233.8871214
750,749,p1,turn,13.71019172668457,1787512233.959578
750,2188,p1,selection,138.67105102539062,1787512233.9632401
750,2189,p1,selection,123.56649780273438,1787512233.9669433
750,2190,p1,selection,128.98326110839844,1787512233.9708633
750,749,p2,turn,12.237591743469238,1787512233.9820569
750,2188,p2,selection,169.1017303466797,1787512233.9858985
750,2189,p2,selection,135.37876892089844,1787512233.9897227
750,2190,p2,selection,174.5426025390625,1787512233.9934237
751,750,p1,turn,11.721389770507812,1787512234.0192041
751,2191,p1,selection,141.70074462890625,1787512234.024
751,2192,p1,selection,173.930419921875,1787512234.028517
751,2193,p1,selection,153.73770141601562,1787512234.0328982
751,750,p2,turn,9.399863243103027,1787512234.0466058
751,2191,p2,selection,154.0139617919922,1787512234.0505989
751,2192,p2,selection,171.69314575195312,1787512234.0547125
751,2193,p2,selection,189.0091094970703,1787512234.0585976
752,751,p1,turn,12.063708305358887,1787512234.081235
752,2194,p1,selection,135.35374450683594,1787512234.0854943
752,2195,p1,selection,150.06056213378906,1787512234.089615
752,2196,p1,selection,145.80198669433594,1787512234.0934281
752,751,p2,turn,11.839552879333496,1787512234.1059682
752,2194,p2,selection,117.78157806396484,1787512234.1098392
752,2195,p2,selection,154.23526000976562,1787512234.1136444
752,2196,p2,selection,140.95248413085938,1787512234.1181684
753,752,p1,turn,10.763483047485352,1787512234.1427088
753,2197,p1,selection,188.03268432617188,1787512234.1465847
753,2198,p1,selection,153.9092254638672,1787512234.1506317
753,2199,p1,selection,134.74632263183594,1787512234.15481
753,752,p2,turn,12.50070571899414,1787512234.1671486
753,2197,p2,selection,153.91290283203125,1787512234.1715999
753,2198,p2,selection,164.3247833251953,1787512234.1755142
753,2199,p2,selection,219.4361572265625,1787512234.1793437
754,753,p1,turn,18.335660934448242,1787512234.1983051
754,2200,p1,selection,166.0460205078125,1787512234.2026799
754,2201,p1,selection,139.36257934570312,1787512234.2066793
754,2202,p1,selection,139.2607879638672,1787512234.2105534
754,753,p2,turn,17.862390518188477,1787512234.2228155
754,2200,p2,selection,161.2256622314453,1787512234.2268245
754,2201,p2,selection,135.99240112304688,1787512234.23062
754,2202,p2,selection,209.35140991210938,1787512234.2347405
755,754,p1,turn,12.245442390441895,1787512234.2549486
755,2203,p1,selection,140.7998046875,1787512234.2587113
755,2204,p1,selection,179.46522521972656,1787512234.26246
755,2205,p1,selection,127.58464050292969,1787512234.2660983
755,754,p2,turn,11.433608055114746,1787512234.27756
755,2203,p2,selection,165.59243774414062,1787512234.2820437
755,2204,p2,selection,174.63279724121094,1787512234.2858973
755,2205,p2,selection,172.149658203125,1787512234.2897637
756,755,p1,turn,15.366097450256348,1787512234.3131127
756,2206,p1,selection,174.8169708251953,1787512234.3168805
756,2207,p1,selection,160.40826416015625,1787512234.320942
756,2208,p1,selection,176.31930541992188,1787512234.3246453
756,755,p2,turn,14.881765365600586,1787512234.3361413
756,2206,p2,selection,175.7999725341797,1787512234.3399315
756,2207,p2,selection,170.7834930419922,1787512234.343546
756,2208,p2,selection,165.40740966796875,1787512234.3472114
757,756,p1,turn,11.017261505126953,1787512234.3713982
757,2209,p1,selection,164.8364715576172,1787512234.3751302
757,2210,p1,selection,179.27796936035156,1787512234.3789499
757,2211,p1,selection,194.50238037109375,1787512234.3827233
757,756,p2,turn,9.119314193725586,1787512234.3946273
757,2209,p2,selection,156.3993682861328,1787512234.398521
757,2210,p2,selection,187.63697814941406,1787512234.4025228
757,2211,p2,selection,150.21054077148438,1787512234.4065256
758,757,p1,turn,12.73222541809082,1787512234.426714
758,2212,p1,selection,144.2221221923828,1787512234.4307399
758,2213,p1,selection,181.84190368652344,1787512234.4351475
758,2214,p1,selection,161.88427734375,1787512234.4401965
758,757,p2,turn,16.409345626831055,1787512234.4570777
758,2212,p2,selection,153.30023193359375,1787512234.4621012
758,2213,p2,selection,186.61727905273438,1787512234.4668772
758,2214,p2,selection,173.66395568847656,1787512234.4713452
759,758,p1,turn,14.358322143554688,1787512234.493926
759,2215,p1,selection,153.20199584960938,1787512234.4985914
759,2216,p1,selection,163.99740600585938,1787512234.5032897
759,2217,p1,selection,152.5274658203125,1787512234.5079966
759,758,p2,turn,12.209090232849121,1787512234.5221236
759,2215,p2,selection,156.98370361328125,1787512234.526813
759,2216,p2,selection,149.2006378173828,1787512234.5309172
759,2217,p2,selection,171.67645263671875,1787512234.5352337
760,759,p1,turn,14.431473731994629,1787512234.5691268
760,2218,p1,selection,130.06809997558594,1787512234.5733447
760,2219,p1,selection,118.87622833251953,1787512234.5774353
760,2220,p1,selection,121.76165771484375,1787512234.5812953
760,759,p2,turn,9.52103328704834,1787512234.5934062
760,2218,p2,selection,184.41505432128906,1787512234.5971997
760,2219,p2,selection,187.84568786621094,1787512234.6012082
760,2220,p2,selection,177.7339630126953,1787512234.6051934
761,760,p1,turn,17.154939651489258,1787512234.6253471
761,2221,p1,selection,150.2266387939453,1787512234.629131
761,2222,p1,selection,162.94581604003906,1787512234.6330037
761,2223,p1,selection,109.40188598632812,1787512234.6370327
761,760,p2,turn,11.062414169311523,1787512234.6489058
761,2221,p2,selection,142.83151245117188,1787512234.6533377
761,2222,p2,selection,165.1182403564453,1787512234.6582487
761,2223,p2,selection,161.21298217773438,1787512234.6628509
762,761,p1,turn,12.996330261230469,1787512234.6846247
762,2224,p1,selection,155.11904907226562,1787512234.6894033
762,2225,p1,selection,142.11485290527344,1787512234.6940107
762,2226,p1,selection,128.34364318847656,1787512234.6985855
762,761,p2,turn,11.804621696472168,1787512234.7126584
762,2224,p2,selection,182.20762634277344,1787512234.7172813
762,2225,p2,selection,183.65701293945312,1787512234.7220547
762,2226,p2,selection,177.11932373046875,1787512234.7266579
763,762,p1,turn,14.293126106262207,1787512234.7496138
763,2227,p1,selection,182.96835327148438,1787512234.7544482
763,2228,p1,selection,135.51539611816406,1787512234.759038
763,2229,p1,selection,190.511474609375,1787512234.7635388
763,762,p2,turn,16.008440017700195,1787512234.7778811
763,2227,p2,selection,175.7928009033203,1787512234.783062
763,2228,p2,selection,147.45761108398438,1787512234.7875257
763,2229,p2,selection,171.75856018066406,1787512234.7917643
764,763,p1,turn,11.50597095489502,1787512234.8095458
764,2230,p1,selection,114.60533905029297,1787512234.8139443
764,2231,p1,selection,119.79431915283203,1787512234.8189948
764,2232,p1,selection,134.73446655273438,1787512234.825155
764,763,p2,turn,8.204926490783691,1787512234.8400896
764,2230,p2,selection,136.29257202148438,1787512234.8447978
764,2231,p2,selection,188.9267578125,1787512234.8494666
764,2232,p2,selection,182.6149139404297,1787512234.854729
765,764,p1,turn,15.100242614746094,1787512234.8950696
765,2233,p1,selection,202.36614990234375,1787512234.8990707
765,2234,p1,selection,166.00416564941406,1787512234.9033132
765,2235,p1,selection,148.34713745117188,1787512234.9073787
765,764,p2,turn,12.568693161010742,1787512234.9192863
765,2233,p2,selection,152.00527954101562,1787512234.923277
765,2234,p2,selection,176.5506134033203,1787512234.9270844
765,2235,p2,selection,176.03128051757812,1787512234.9309464
766,765,p1,turn,10.987390518188477,1787512234.9578006
766,2236,p1,selection,173.14706420898438,1787512234.961841
766,2237,p1,selection,137.1214599609375,1787512234.9667275
766,2238,p1,selection,165.86024475097656,1787512234.9720957
766,765,p2,turn,9.301520347595215,1787512234.9849174
766,2236,p2,selection,219.40853881835938,1787512234.9891984
766,2237,p2,selection,164.53111267089844,1787512234.993259
766,2238,p2,selection,199.1966552734375,1787512234.9974656
767,766,p1,turn,11.406051635742188,1787512235.0203152
767,2239,p1,selection,129.92332458496094,1787512235.024239
767,2240,p1,selection,192.29737854003906,1787512235.0281367
767,2241,p1,selection,122.78950500488281,1787512235.0321758
767,766,p2,turn,9.01748275756836,1787512235.044885
767,2239,p2,selection,132.54893493652344,1787512235.048893
767,2240,p2,selection,153.1811065673828,1787512235.0529287
767,2241,p2,selection,178.0223388671875,1787512235.0571477
768,767,p1,turn,10.736662864685059,1787512235.074861
768,2242,p1,selection,133.0261993408203,1787512235.0786877
768,2243,p1,selection,144.12057495117188,1787512235.08263
768,2244,p1,selection,185.403076171875,1787512235.0867393
768,767,p2,turn,8.13232707977295,1787512235.0984645
768,2242,p2,selection,170.3098602294922,1787512235.1027644
768,2243,p2,selection,204.94619750976562,1787512235.1068096
768,2244,p2,selection,172.0167999267578,1787512235.110603
769,768,p1,turn,10.945967674255371,1787512235.1296604
769,2245,p1,selection,171.161376953125,1787512235.133542
769,2246,p1,selection,117.09982299804688,1787512235.1379333
769,2247,p1,selection,199.71922302246094,1787512235.1425085
769,768,p2,turn,12.200526237487793,1787512235.1549718
769,2245,p2,selection,108.14020538330078,1787512235.1587377
769,2246,p2,selection,185.7551727294922,1787512235.1626728
769,2247,p2,selection,177.4218292236328,1787512235.166527
770,769,p1,turn,10.099452018737793,1787512235.193843
770,2248,p1,selection,138.36282348632812,1787512235.1975603
770,2249,p1,selection,146.3206787109375,1787512235.2014759
770,2250,p1,selection,133.31031799316406,1787512235.2055602
770,769,p2,turn,14.131162643432617,1787512235.2168283
770,2248,p2,selection,204.883056640625,1787512235.220925
770,2249,p2,selection,118.95496368408203,1787512235.224823
770,2250,p2,selection,150.4222412109375,1787512235.2290027
771,770,p1,turn,10.653020858764648,1787512235.252591
771,2251,p1,selection,181.75958251953125,1787512235.256512
771,2252,p1,selection,140.4839630126953,1787512235.260215
771,2253,p1,selection,148.49964904785156,1787512235.2638662
771,770,p2,turn,10.696675300598145,1787512235.275121
771,2251,p2,selection,170.67880249023438,1787512235.2788231
771,2252,p2,selection,166.72250366210938,1787512235.2825167
771,2253,p2,selection,196.36532592773438,1787512235.2863412
772,771,p1,turn,15.090519905090332,1787512235.3043103
772,2254,p1,selection,127.17921447753906,1787512235.3080502
772,2255,p1,selection,153.7233428955078,1787512235.311753
772,2256,p1,selection,149.8674774169922,1787512235.3154132
772,771,p2,turn,10.662945747375488,1787512235.3268435
772,2254,p2,selection,158.63177490234375,1787512235.3305595
772,2255,p2,selection,157.2865447998047,1787512235.334465
772,2256,p2,selection,162.5992889404297,1787512235.338259
773,772,p1,turn,10.972479820251465,1787512235.3588533
773,2257,p1,selection,112.98387908935547,1787512235.3625739
773,2258,p1,selection,141.00650024414062,1787512235.3662982
773,2259,p1,selection,120.57062530517578,1787512235.3701725
773,772,p2,turn,11.644675254821777,1787512235.3813198
773,2257,p2,selection,139.87083435058594,1787512235.3853009
773,2258,p2,selection,195.40338134765625,1787512235.389048
773,2259,p2,selection,188.6871337890625,1787512235.3927443
774,773,p1,turn,16.38931655883789,1787512235.4388864
774,2260,p1,selection,139.52349853515625,1787512235.4426782
774,2261,p1,selection,167.18777465820312,1787512235.4463463
774,2262,p1,selection,160.12075805664062,1787512235.4500055
774,773,p2,turn,10.48511028289795,1787512235.4612296
774,2260,p2,selection,173.55697631835938,1787512235.4649553
774,2261,p2,selection,178.33432006835938,1787512235.468949
774,2262,p2,selection,145.44320678710938,1787512235.472756
775,774,p1,turn,15.804168701171875,1787512235.5123298
775,2263,p1,selection,157.08181762695312,1787512235.516755
775,2264,p1,selection,186.71121215820312,1787512235.5218525
775,2265,p1,selection,148.15829467773438,1787512235.525459
775,774,p2,turn,15.21489143371582,1787512235.5371444
775,2263,p2,selection,120.26493835449219,1787512235.5409532
775,2264,p2,selection,188.7542266845703,1787512235.5445826
775,2265,p2,selection,171.9000244140625,1787512235.5485647
776,775,p1,turn,11.900973320007324,1787512235.592083
776,2266,p1,selection,150.7833251953125,1787512235.5967116
776,2267,p1,selection,156.42059326171875,1787512235.6011684
776,2268,p1,selection,163.13221740722656,1787512235.605752
776,775,p2,turn,10.957956314086914,1787512235.6177242
776,2266,p2,selection,170.81959533691406,1787512235.6215348
776,2267,p2,selection,156.2634735107422,1787512235.6252785
776,2268,p2,selection,190.78579711914062,1787512235.6289678
777,776,p1,turn,8.732542991638184,1787512235.6462872
777,2269,p1,selection,135.71127319335938,1787512235.6500702
777,2270,p1,selection,170.3459930419922,1787512235.6542103
777,2271,p1,selection,177.01583862304688,1787512235.6579595
777,776,p2,turn,8.133564949035645,1787512235.6697838
777,2269,p2,selection,142.52688598632812,1787512235.6735353
777,2270,p2,selection,169.67703247070312,1787512235.6772087
777,2271,p2,selection,213.8431396484375,1787512235.6809013
778,777,p1,turn,12.107377052307129,1787512235.706531
778,2272,p1,selection,156.58932495117188,1787512235.7109914
778,2273,p1,selection,128.47047424316406,1787512235.7153728
778,2274,p1,selection,151.04452514648438,1787512235.719902
778,777,p2,turn,12.346414566040039,1787512235.7350156
778,2272,p2,selection,130.59715270996094,1787512235.738843
778,2273,p2,selection,153.3316650390625,1787512235.7424765
778,2274,p2,selection,150.63563537597656,1787512235.7461097
779,778,p1,turn,11.495290756225586,1787512235.768028
779,2275,p1,selection,156.2102508544922,1787512235.7719471
779,2276,p1,selection,160.10708618164062,1787512235.7755835
779,2277,p1,selection,217.70606994628906,1787512235.779249
779,778,p2,turn,12.55346393585205,1787512235.7913322
779,2275,p2,selection,225.30914306640625,1787512235.7957513
779,2276,p2,selection,160.77536010742188,1787512235.8001719
779,2277,p2,selection,196.405029296875,1787512235.8048177
780,779,p1,turn,11.089946746826172,1787512235.8328655
780,2278,p1,selection,158.92286682128906,1787512235.8375638
780,2279,p1,selection,176.0879669189453,1787512235.8423808
780,2280,p1,selection,138.70082092285156,1787512235.8460102
780,779,p2,turn,12.752708435058594,1787512235.8590112
780,2278,p2,selection,147.4844512939453,1787512235.8626444
780,2279,p2,selection,207.10757446289062,1787512235.8666425
780,2280,p2,selection,171.86866760253906,1787512235.8708181
781,780,p1,turn,11.99374771118164,1787512235.8909657
781,2281,p1,selection,121.9908447265625,1787512235.8953176
781,2282,p1,selection,135.10165405273438,1787512235.8992455
781,2283,p1,selection,171.95668029785156,1787512235.9032013
781,780,p2,turn,9.863362312316895,1787512235.9147558
781,2281,p2,selection,157.33062744140625,1787512235.9187837
781,2282,p2,selection,163.01173400878906,1787512235.922576
781,2283,p2,selection,140.17201232910156,1787512235.926259
782,781,p1,turn,10.781669616699219,1787512235.9551806
782,2284,p1,selection,134.27047729492188,1787512235.9588194
782,2285,p1,selection,169.61476135253906,1787512235.9624233
782,2286,p1,selection,153.604736328125,1787512235.9661238
782,781,p2,turn,10.471997261047363,1787512235.9774384
782,2284,p2,selection,165.36590576171875,1787512235.9812238
782,2285,p2,selection,204.82672119140625,1787512235.985248
782,2286,p2,selection,134.98146057128906,1787512235.989033
783,782,p1,turn,11.611014366149902,1787512236.0125558
783,2287,p1,selection,121.660400390625,1787512236.0161815
783,2288,p1,selection,175.10287475585938,1787512236.0201228
783,2289,p1,selection,162.12770080566406,1787512236.0238745
783,782,p2,turn,11.09408950805664,1787512236.0356903
783,2287,p2,selection,144.63563537597656,1787512236.039445
783,2288,p2,selection,158.0573272705078,1787512236.043274
783,2289,p2,selection,184.10223388671875,1787512236.0473099
784,783,p1,turn,15.935922622680664,1787512236.0690017
784,2290,p1,selection,147.0294189453125,1787512236.072879
784,2291,p1,selection,163.80905151367188,1787512236.0766547
784,2292,p1,selection,137.60169982910156,1787512236.0803223
784,783,p2,turn,9.920971870422363,1787512236.092056
784,2290,p2,selection,145.94561767578125,1787512236.09576
784,2291,p2,selection,176.6602325439453,1787512236.0994544
784,2292,p2,selection,159.7796630859375,1787512236.1033368
785,784,p1,turn,8.248857498168945,1787512236.1291695
785,2293,p1,selection,166.39508056640625,1787512236.1339283
785,2294,p1,selection,122.5712661743164,1787512236.138871
785,2295,p1,selection,143.4179229736328,1787512236.1436403
785,784,p2,turn,14.722868919372559,1787512236.1568432
785,2293,p2,selection,196.43930053710938,1787512236.1608176
785,2294,p2,selection,149.61289978027344,1787512236.164755
785,2295,p2,selection,177.06207275390625,1787512236.169076
786,785,p1,turn,11.023947715759277,1787512236.1893346
786,2296,p1,selection,159.6437225341797,1787512236.1932936
786,2297,p1,selection,211.05186462402344,1787512236.197132
786,2298,p1,selection,164.10781860351562,1787512236.2012603
786,785,p2,turn,11.781634330749512,1787512236.213148
786,2296,p2,selection,187.54635620117188,1787512236.2170856
786,2297,p2,selection,166.38014221191406,1787512236.2213168
786,2298,p2,selection,192.6217041015625,1787512236.225242
787,786,p1,turn,10.711591720581055,1787512236.2550516
787,2299,p1,selection,122.75589752197266,1787512236.258955
787,2300,p1,selection,132.35475158691406,1787512236.263142
787,2301,p1,selection,144.3889617919922,1787512236.2672992
787,786,p2,turn,10.357704162597656,1787512236.2794101
787,2299,p2,selection,169.63784790039062,1787512236.283308
787,2300,p2,selection,161.55828857421875,1787512236.2878692
787,2301,p2,selection,113.37605285644531,1787512236.2916975
788,787,p1,turn,15.109813690185547,1787512236.3208656
788,2302,p1,selection,176.09979248046875,1787512236.3256152
788,2303,p1,selection,148.5807647705078,1787512236.3300724
788,2304,p1,selection,125.49427032470703,1787512236.334009
788,787,p2,turn,10.628473281860352,1787512236.3458622
788,2302,p2,selection,166.31622314453125,1787512236.3495667
788,2303,p2,selection,188.06478881835938,1787512236.3534253
788,2304,p2,selection,164.64617919921875,1787512236.3571906
789,788,p1,turn,17.94073486328125,1787512236.377843
789,2305,p1,selection,148.7377471923828,1787512236.381515
789,2306,p1,selection,147.9541473388672,1787512236.385599
789,2307,p1,selection,171.17254638671875,1787512236.3893847
789,788,p2,turn,9.585416793823242,1787512236.401794
789,2305,p2,selection,163.85516357421875,1787512236.4064887
789,2306,p2,selection,168.88409423828125,1787512236.4112303
789,2307,p2,selection,176.99087524414062,1787512236.415989
790,789,p1,turn,16.7142391204834,1787512236.473271
790,2308,p1,selection,171.7292022705078,1787512236.4770079
790,2309,p1,selection,176.47149658203125,1787512236.4807482
790,2310,p1,selection,158.0342559814453,1787512236.4850156
790,789,p2,turn,13.783050537109375,1787512236.4969265
790,2308,p2,selection,156.5150604248047,1787512236.5011177
790,2309,p2,selection,208.2213897705078,1787512236.5051062
790,2310,p2,selection,197.17880249023438,1787512236.5097628
791,790,p1,turn,8.401651382446289,1787512236.5296288
791,2311,p1,selection,158.7291717529297,1787512236.5337174
791,2312,p1,selection,146.19825744628906,1787512236.5380476
791,2313,p1,selection,148.6269073486328,1787512236.5418367
791,790,p2,turn,12.142733573913574,1787512236.5536656
791,2311,p2,selection,180.2720184326172,1787512236.5576525
791,2312,p2,selection,165.89833068847656,1787512236.5613868
791,2313,p2,selection,143.347412109375,1787512236.565187
792,791,p1,turn,13.798151969909668,1787512236.5880785
792,2314,p1,selection,142.7179718017578,1787512236.5922248
792,2315,p1,selection,163.9999542236328,1787512236.5961833
792,2316,p1,selection,136.57752990722656,1787512236.6002307
792,791,p2,turn,11.785691261291504,1787512236.6126559
792,2314,p2,selection,219.88034057617188,1787512236.6167061
792,2315,p2,selection,184.20523071289062,1787512236.6208646
792,2316,p2,selection,168.9525146484375,1787512236.6249406
793,792,p1,turn,12.847417831420898,1787512236.6503875
793,2317,p1,selection,167.3636932373047,1787512236.6546512
793,2318,p1,selection,136.76817321777344,1787512236.6584716
793,2319,p1,selection,138.2283172607422,1787512236.662494
793,792,p2,turn,14.602163314819336,1787512236.6748333
793,2317,p2,selection,201.86915588378906,1787512236.678774
793,2318,p2,selection,213.79940795898438,1787512236.6825354
793,2319,p2,selection,159.17849731445312,1787512236.6867313
794,793,p1,turn,12.674509048461914,1787512236.7143996
794,2320,p1,selection,124.12287139892578,1787512236.7186117
794,2321,p1,selection,153.7284698486328,1787512236.7227337
794,2322,p1,selection,145.42977905273438,1787512236.726693
794,793,p2,turn,8.863018035888672,1787512236.738875
794,2320,p2,selection,148.37286376953125,1787512236.7428384
794,2321,p2,selection,176.8194122314453,1787512236.7466652
794,2322,p2,selection,201.06190490722656,1787512236.7508078
795,794,p1,turn,8.90218734741211,1787512236.7750943
795,2323,p1,selection,143.32150268554688,1787512236.7788777
795,2324,p1,selection,190.2897491455078,1787512236.782829
795,2325,p1,selection,138.28994750976562,1787512236.7871265
795,794,p2,turn,9.739535331726074,1787512236.8099642
795,2323,p2,selection,195.70779418945312,1787512236.8230708
795,2324,p2,selection,165.44564819335938,1787512236.8392653
795,2325,p2,selection,206.49021911621094,1787512236.8454213
796,795,p1,turn,10.547340393066406,1787512236.8759804
796,2326,p1,selection,130.68482971191406,1787512236.881146
796,2327,p1,selection,164.61721801757812,1787512236.8867226
796,2328,p1,selection,180.31610107421875,1787512236.8926725
796,795,p2,turn,7.944345474243164,1787512236.9077137
796,2326,p2,selection,160.06594848632812,1787512236.9122016
796,2327,p2,selection,158.5789031982422,1787512236.9177887
796,2328,p2,selection,182.87820434570312,1787512236.923071
797,796,p1,turn,13.67600154876709,1787512236.9517167
797,2329,p1,selection,150.47994995117188,1787512236.9570434
797,2330,p1,selection,147.08746337890625,1787512236.962505
797,2331,p1,selection,196.41831970214844,1787512236.96756
797,796,p2,turn,11.71933650970459,1787512236.9830308
797,2329,p2,selection,148.63565063476562,1787512236.9880693
797,2330,p2,selection,155.2166290283203,1787512236.9928703
797,2331,p2,selection,158.48016357421875,1787512236.9977558
798,797,p1,turn,8.499242782592773,1787512237.0216403
798,2332,p1,selection,156.90228271484375,1787512237.0265465
798,2333,p1,selection,176.05003356933594,1787512237.0306416
798,2334,p1,selection,206.45120239257812,1787512237.0348775
798,797,p2,turn,9.105344772338867,1787512237.0476851
798,2332,p2,selection,157.3135223388672,1787512237.05216
798,2333,p2,selection,202.90386962890625,1787512237.056346
798,2334,p2,selection,147.95913696289062,1787512237.0618176
799,798,p1,turn,9.214761734008789,1787512237.1020725
799,2335,p1,selection,121.12890625,1787512237.1080368
799,2336,p1,selection,148.7174835205078,1787512237.1131358
799,2337,p1,selection,144.56900024414062,1787512237.1184957
799,798,p2,turn,9.634560585021973,1787512237.1349843
799,2335,p2,selection,155.1832275390625,1787512237.1407113
799,2336,p2,selection,138.46986389160156,1787512237.1450918
799,2337,p2,selection,147.46144104003906,1787512237.1500645
800,799,p1,turn,9.912124633789062,1787512237.1783407
800,2338,p1,selection,165.63357543945312,1787512237.1838126
800,2339,p1,selection,130.44320678710938,1787512237.1903217
800,2340,p1,selection,156.00381469726562,1787512237.1961238
800,799,p2,turn,15.629707336425781,1787512237.213042
800,2338,p2,selection,166.3618621826172,1787512237.218059
800,2339,p2,selection,163.23422241210938,1787512237.2230039
800,2340,p2,selection,147.40057373046875,1787512237.2278259
801,800,p1,turn,14.23636245727539,1787512237.2833636
801,2341,p1,selection,157.92440795898438,1787512237.2886093
801,2342,p1,selection,162.11489868164062,1787512237.2940311
801,2343,p1,selection,170.9666290283203,1787512237.2991009
801,800,p2,turn,12.138559341430664,1787512237.316111
801,2341,p2,selection,132.4061737060547,1787512237.3211248
801,2342,p2,selection,159.01731872558594,1787512237.3258762
801,2343,p2,selection,167.1153106689453,1787512237.3305619
802,801,p1,turn,16.14470672607422,1787512237.3598888
802,2344,p1,selection,137.00241088867188,1787512237.3637283
802,2345,p1,selection,199.25027465820312,1787512237.3683763
802,2346,p1,selection,152.32122802734375,1787512237.3723626
802,801,p2,turn,14.42953109741211,1787512237.3845863
802,2344,p2,selection,149.2270965576172,1787512237.388556
802,2345,p2,selection,134.43357849121094,1787512237.3923736
802,2346,p2,selection,170.6912384033203,1787512237.3962345
803,802,p1,turn,14.880730628967285,1787512237.4235406
803,2347,p1,selection,188.95069885253906,1787512237.4273705
803,2348,p1,selection,178.7965850830078,1787512237.432033
803,2349,p1,selection,141.4223175048828,1787512237.4368796
803,802,p2,turn,12.978694915771484,1787512237.4514174
803,2347,p2,selection,131.59400939941406,1787512237.4561222
803,2348,p2,selection,134.38833618164062,1787512237.460895
803,2349,p2,selection,158.4947052001953,1787512237.465643
804,803,p1,turn,14.218437194824219,1787512237.4884403
804,2350,p1,selection,160.5583038330078,1787512237.4933183
804,2351,p1,selection,135.33316040039062,1787512237.4973526
804,2352,p1,selection,166.86305236816406,1787512237.5016015
804,803,p2,turn,13.839771270751953,1787512237.5138175
804,2350,p2,selection,161.08360290527344,1787512237.5187392
804,2351,p2,selection,154.94094848632812,1787512237.5232098
804,2352,p2,selection,165.13893127441406,1787512237.527472
805,804,p1,turn,10.6402587890625,1787512237.5466769
805,2353,p1,selection,161.20144653320312,1787512237.5508409
805,2354,p1,selection,143.91172790527344,1787512237.5548935
805,2355,p1,selection,200.3809814453125,1787512237.5587273
805,804,p2,turn,10.621975898742676,1787512237.5710874
805,2353,p2,selection,134.81495666503906,1787512237.575001
805,2354,p2,selection,141.0883026123047,1787512237.578815
805,2355,p2,selection,146.74423217773438,1787512237.5827672
806,805,p1,turn,12.727289199829102,1787512237.603233
806,2356,p1,selection,146.3310546875,1787512237.6071696
806,2357,p1,selection,137.12635803222656,1787512237.6110067
806,2358,p1,selection,172.6011199951172,1787512237.614813
806,805,p2,turn,10.633016586303711,1787512237.627003
806,2356,p2,selection,187.90365600585938,1787512237.6308317
806,2357,p2,selection,163.6902313232422,1787512237.6353996
806,2358,p2,selection,177.87158203125,1787512237.6400993
807,806,p1,turn,17.6116943359375,1787512237.6648645
807,2359,p1,selection,164.88975524902344,1787512237.6690207
807,2360,p1,selection,202.10690307617188,1787512237.6730945
807,2361,p1,selection,150.77468872070312,1787512237.6769073
807,806,p2,turn,16.661521911621094,1787512237.6901739
807,2359,p2,selection,158.36032104492188,1787512237.6940613
807,2360,p2,selection,161.30078125,1787512237.6979523
807,2361,p2,selection,172.2809295654297,1787512237.7022326
808,807,p1,turn,13.383296012878418,1787512237.736784
808,2362,p1,selection,130.78988647460938,1787512237.7415197
808,2363,p1,selection,184.03187561035156,1787512237.7461147
808,2364,p1,selection,145.43626403808594,1787512237.750717
808,807,p2,turn,20.031238555908203,1787512237.7651374
808,2362,p2,selection,193.58279418945312,1787512237.7698655
808,2363,p2,selection,186.44833374023438,1787512237.7745783
808,2364,p2,selection,195.3466796875,1787512237.7792082
809,808,p1,turn,12.544326782226562,1787512237.803797
809,2365,p1,selection,144.84713745117188,1787512237.8085222
809,2366,p1,selection,120.29956817626953,1787512237.813219
809,2367,p1,selection,150.13787841796875,1787512237.818048
809,808,p2,turn,14.120548248291016,1787512237.8325663
809,2365,p2,selection,154.77911376953125,1787512237.8373988
809,2366,p2,selection,161.26605224609375,1787512237.8423307
809,2367,p2,selection,142.4302978515625,1787512237.847919
810,809,p1,turn,14.245686531066895,1787512237.8765724
810,2368,p1,selection,195.41384887695312,1787512237.8804357
810,2369,p1,selection,128.50233459472656,1787512237.8862624
810,2370,p1,selection,150.95562744140625,1787512237.8914967
810,809,p2,turn,10.927693367004395,1787512237.906308
810,2368,p2,selection,173.0717315673828,1787512237.9108963
810,2369,p2,selection,167.2370147705078,1787512237.915486
810,2370,p2,selection,183.22373962402344,1787512237.920248
811,810,p1,turn,13.166757583618164,1787512237.9510396
811,2371,p1,selection,159.0607147216797,1787512237.9549468
811,2372,p1,selection,135.6608428955078,1787512237.958709
811,2373,p1,selection,264.9007568359375,1787512237.9624395
811,810,p2,turn,12.338591575622559,1787512237.9743977
811,2371,p2,selection,151.3009796142578,1787512237.9784553
811,2372,p2,selection,177.3852996826172,1787512237.982165
811,2373,p2,selection,168.60400390625,1787512237.9874816
812,811,p1,turn,8.563478469848633,1787512238.021787
812,2374,p1,selection,197.851806640625,1787512238.026679
812,2375,p1,selection,155.97650146484375,1787512238.0308924
812,2376,p1,selection,170.6370849609375,1787512238.0347228
812,811,p2,turn,13.43878173828125,1787512238.0459998
812,2374,p2,selection,176.95750427246094,1787512238.0497391
812,2375,p2,selection,170.05880737304688,1787512238.053697
812,2376,p2,selection,146.67088317871094,1787512238.0575879
813,812,p1,turn,9.533775329589844,1787512238.0832388
813,2377,p1,selection,174.92520141601562,1787512238.087165
813,2378,p1,selection,170.82904052734375,1787512238.0909557
813,2379,p1,selection,198.77334594726562,1787512238.094541
813,812,p2,turn,12.326555252075195,1787512238.1085687
813,2377,p2,selection,131.09646606445312,1787512238.113072
813,2378,p2,selection,157.8114776611328,1787512238.1176155
813,2379,p2,selection,169.3382568359375,1787512238.1222196
814,813,p1,turn,9.519139289855957,1787512238.1447873
814,2380,p1,selection,100.54739379882812,1787512238.148551
814,2381,p1,selection,152.52796936035156,1787512238.1525257
814,2382,p1,selection,161.27842712402344,1787512238.1562672
814,813,p2,turn,15.437850952148438,1787512238.1677048
814,2380,p2,selection,118.10963439941406,1787512238.1714752
814,2381,p2,selection,156.80551147460938,1787512238.175081
814,2382,p2,selection,191.94467163085938,1787512238.178697
815,814,p1,turn,12.368012428283691,1787512238.204533
815,2383,p1,selection,176.9331512451172,1787512238.208309
815,2384,p1,selection,156.9262237548828,1787512238.2121522
815,2385,p1,selection,136.0126495361328,1787512238.2159576
815,814,p2,turn,10.375706672668457,1787512238.2271736
815,2383,p2,selection,152.06268310546875,1787512238.2310624
815,2384,p2,selection,243.677734375,1787512238.2352715
815,2385,p2,selection,172.3222198486328,1787512238.2392404
816,815,p1,turn,14.983451843261719,1787512238.2691762
816,2386,p1,selection,127.03900146484375,1787512238.2731826
816,2387,p1,selection,200.23849487304688,1787512238.2772758
816,2388,p1,selection,147.95431518554688,1787512238.2811015
816,815,p2,turn,10.843988418579102,1787512238.2933936
816,2386,p2,selection,172.71791076660156,1787512238.2973838
816,2387,p2,selection,195.58460998535156,1787512238.3026164
816,2388,p2,selection,145.3105926513672,1787512238.3077266
817,816,p1,turn,13.918171882629395,1787512238.3301814
817,2389,p1,selection,145.92422485351562,1787512238.3352144
817,2390,p1,selection,193.7959442138672,1787512238.339396
817,2391,p1,selection,129.3004913330078,1787512238.343388
817,816,p2,turn,10.839343070983887,1787512238.3561518
817,2389,p2,selection,173.0166015625,1787512238.3601282
817,2390,p2,selection,150.1915283203125,1787512238.3640614
817,2391,p2,selection,149.6083984375,1787512238.3686569
818,817,p1,turn,14.912775039672852,1787512238.4031723
818,2392,p1,selection,153.10765075683594,1787512238.4072983
818,2393,p1,selection,142.54275512695312,1787512238.411379
818,2394,p1,selection,146.63499450683594,1787512238.4153597
818,817,p2,turn,9.863646507263184,1787512238.4273345
818,2392,p2,selection,179.59202575683594,1787512238.431222
818,2393,p2,selection,137.55503845214844,1787512238.435301
818,2394,p2,selection,203.3780059814453,1787512238.4395819
819,818,p1,turn,12.821050643920898,1787512238.4690485
819,2395,p1,selection,140.88807678222656,1787512238.4729748
819,2396,p1,selection,142.60482788085938,1787512238.476786
819,2397,p1,selection,168.44491577148438,1787512238.4805408
819,818,p2,turn,9.167482376098633,1787512238.4942064
819,2395,p2,selection,161.94674682617188,1787512238.4980252
819,2396,p2,selection,108.47151184082031,1787512238.5020258
819,2397,p2,selection,163.86756896972656,1787512238.5059507
820,819,p1,turn,10.950897216796875,1787512238.5397391
820,2398,p1,selection,158.56802368164062,1787512238.543638
820,2399,p1,selection,150.66925048828125,1787512238.547589
820,2400,p1,selection,166.74368286132812,1787512238.5519495
820,819,p2,turn,8.66003131866455,1787512238.5636854
820,2398,p2,selection,206.20558166503906,1787512238.568342
820,2399,p2,selection,154.9836883544922,1787512238.5724077
820,2400,p2,selection,157.97898864746094,1787512238.577893
821,820,p1,turn,13.888568878173828,1787512238.6025872
821,2401,p1,selection,118.30516052246094,1787512238.6066124
821,2402,p1,selection,134.853271484375,1787512238.6118336
821,2403,p1,selection,139.39950561523438,1787512238.6161141
821,820,p2,turn,9.79707145690918,1787512238.6296706
821,2401,p2,selection,175.06256103515625,1787512238.6342814
821,2402,p2,selection,118.25765991210938,1787512238.6392815
821,2403,p2,selection,179.98336791992188,1787512238.643118
822,821,p1,turn,10.573551177978516,1787512238.7209978
822,2404,p1,selection,106.34497833251953,1787512238.7248154
822,2405,p1,selection,152.1443634033203,1787512238.7286284
822,2406,p1,selection,149.15811157226562,1787512238.732517
822,821,p2,turn,8.88663101196289,1787512238.7447608
822,2404,p2,selection,177.88990783691406,1787512238.7485275
822,2405,p2,selection,182.83511352539062,1787512238.7527025
822,2406,p2,selection,198.62071228027344,1787512238.7566812
823,822,p1,turn,9.063628196716309,1787512238.8086019
823,2407,p1,selection,203.72677612304688,1787512238.8125517
823,2408,p1,selection,155.49517822265625,1787512238.8164756
823,2409,p1,selection,113.55168914794922,1787512238.8209205
823,822,p2,turn,12.85933780670166,1787512238.8328955
823,2407,p2,selection,148.0052490234375,1787512238.8372009
823,2408,p2,selection,203.4549102783203,1787512238.841206
823,2409,p2,selection,162.38638305664062,1787512238.8450124
824,823,p1,turn,11.71851634979248,1787512238.8693857
824,2410,p1,selection,224.603759765625,1787512238.8737907
824,2411,p1,selection,183.557861328125,1787512238.87786
824,2412,p1,selection,174.9135284423828,1787512238.8818035
824,823,p2,turn,12.721809387207031,1787512238.894006
824,2410,p2,selection,155.38839721679688,1787512238.8978217
824,2411,p2,selection,201.91769409179688,1787512238.9022813
824,2412,p2,selection,171.00787353515625,1787512238.9066136
825,824,p1,turn,13.055154800415039,1787512238.9286313
825,2413,p1,selection,119.19953918457031,1787512238.932715
825,2414,p1,selection,139.6692657470703,1787512238.9373462
825,2415,p1,selection,172.42544555664062,1787512238.9422727
825,824,p2,turn,8.635055541992188,1787512238.95545
825,2413,p2,selection,181.69140625,1787512238.9598227
825,2414,p2,selection,191.29391479492188,1787512238.964132
825,2415,p2,selection,113.33776092529297,1787512238.9687767
826,825,p1,turn,12.279670715332031,1787512239.0386019
826,2416,p1,selection,104.83721923828125,1787512239.0436904
826,2417,p1,selection,213.36483764648438,1787512239.0488214
826,2418,p1,selection,201.18087768554688,1787512239.053978
826,825,p2,turn,11.79721450805664,1787512239.0689015
826,2416,p2,selection,143.42626953125,1787512239.0729907
826,2417,p2,selection,157.4004364013672,1787512239.076998
826,2418,p2,selection,130.59487915039062,1787512239.080864
827,826,p1,turn,10.953193664550781,1787512239.1006765
827,2419,p1,selection,177.85427856445312,1787512239.1047764
827,2420,p1,selection,146.24325561523438,1787512239.1085906
827,2421,p1,selection,171.37298583984375,1787512239.1124341
827,826,p2,turn,9.77438735961914,1787512239.1240494
827,2419,p2,selection,144.9421844482422,1787512239.1278703
827,2420,p2,selection,168.45742797851562,1787512239.1316864
827,2421,p2,selection,133.59864807128906,1787512239.1357746
828,827,p1,turn,15.710772514343262,1787512239.1564615
828,2422,p1,selection,176.34573364257812,1787512239.1602814
828,2423,p1,selection,121.32595825195312,1787512239.164021
828,2424,p1,selection,139.2554168701172,1787512239.1680999
828,827,p2,turn,11.081306457519531,1787512239.17975
828,2422,p2,selection,170.9266357421875,1787512239.1839328
828,2423,p2,selection,198.22286987304688,1787512239.1879737
828,2424,p2,selection,189.3592529296875,1787512239.1917067
829,828,p1,turn,11.653932571411133,1787512239.2095668
829,2425,p1,selection,173.51004028320312,1787512239.2132645
829,2426,p1,selection,145.5836181640625,1787512239.217184
829,2427,p1,selection,182.7173614501953,1787512239.2211044
829,828,p2,turn,14.324024200439453,1787512239.2323675
829,2425,p2,selection,150.35748291015625,1787512239.2363203
829,2426,p2,selection,144.8274383544922,1787512239.240135
829,2427,p2,selection,181.73269653320312,1787512239.2437618
830,829,p1,turn,8.885818481445312,1787512239.2623258
830,2428,p1,selection,170.74415588378906,1787512239.266
830,2429,p1,selection,158.54339599609375,1787512239.269739
830,2430,p1,selection,171.07420349121094,1787512239.2736156
830,829,p2,turn,10.592023849487305,1787512239.2847676
830,2428,p2,selection,191.27359008789062,1787512239.2886302
830,2429,p2,selection,160.193359375,1787512239.2922635
830,2430,p2,selection,177.74459838867188,1787512239.2958622
831,830,p1,turn,11.759233474731445,1787512239.3180902
831,2431,p1,selection,131.09710693359375,1787512239.3222134
831,2432,p1,selection,180.31143188476562,1787512239.3265574
831,2433,p1,selection,148.5599365234375,1787512239.3312364
831,830,p2,turn,10.101604461669922,1787512239.3457236
831,2431,p2,selection,171.3124237060547,1787512239.3501904
831,2432,p2,selection,163.82130432128906,1787512239.354877
831,2433,p2,selection,172.60214233398438,1787512239.3593063
832,831,p1,turn,10.641169548034668,1787512239.3833299
832,2434,p1,selection,132.10134887695312,1787512239.3873672
832,2435,p1,selection,162.9275665283203,1787512239.391011
832,2436,p1,selection,179.0582733154297,1787512239.3946252
832,831,p2,turn,14.046882629394531,1787512239.4058683
832,2434,p2,selection,160.90936279296875,1787512239.4095438
832,2435,p2,selection,158.5749969482422,1787512239.4131682
832,2436,p2,selection,105.54138946533203,1787512239.4167695
833,832,p1,turn,8.840035438537598,1787512239.432839
833,2437,p1,selection,169.37295532226562,1787512239.436747
833,2438,p1,selection,196.26502990722656,1787512239.4403403
833,2439,p1,selection,142.93455505371094,1787512239.4439988
833,832,p2,turn,13.128883361816406,1787512239.4553576
833,2437,p2,selection,184.88673400878906,1787512239.4590766
833,2438,p2,selection,168.06875610351562,1787512239.4627056
833,2439,p2,selection,158.57757568359375,1787512239.466349
834,833,p1,turn,10.978248596191406,1787512239.5186937
834,2440,p1,selection,130.92807006835938,1787512239.5225317
834,2441,p1,selection,151.318603515625,1787512239.5261993
834,2442,p1,selection,144.29356384277344,1787512239.5298834
834,833,p2,turn,12.595508575439453,1787512239.5412138
834,2440,p2,selection,147.99160766601562,1787512239.544874
834,2441,p2,selection,177.85426330566406,1787512239.5484974
834,2442,p2,selection,152.85003662109375,1787512239.5523026
835,834,p1,turn,10.034496307373047,1787512239.5746112
835,2443,p1,selection,152.22384643554688,1787512239.57824
835,2444,p1,selection,146.3890838623047,1787512239.583423
835,2445,p1,selection,146.78207397460938,1787512239.587713
835,834,p2,turn,12.123125076293945,1787512239.5996387
835,2443,p2,selection,178.88064575195312,1787512239.6037161
835,2444,p2,selection,183.63043212890625,1787512239.6075037
835,2445,p2,selection,213.12472534179688,1787512239.6111383
836,835,p1,turn,10.282050132751465,1787512239.6342258
836,2446,p1,selection,142.70608520507812,1787512239.638133
836,2447,p1,selection,134.54095458984375,1787512239.6418462
836,2448,p1,selection,152.64361572265625,1787512239.645504
836,835,p2,turn,10.12114143371582,1787512239.6569033
836,2446,p2,selection,172.95333862304688,1787512239.6605754
836,2447,p2,selection,179.73934936523438,1787512239.6642306
836,2448,p2,selection,196.2626953125,1787512239.6683319
837,836,p1,turn,10.281096458435059,1787512239.6858318
837,2449,p1,selection,153.78672790527344,1787512239.6896865
837,2450,p1,selection,181.91748046875,1787512239.6935675
837,2451,p1,selection,147.5231475830078,1787512239.6972003
837,836,p2,turn,8.57666015625,1787512239.7087986
837,2449,p2,selection,115.19871520996094,1787512239.712479
837,2450,p2,selection,149.27166748046875,1787512239.7163715
837,2451,p2,selection,128.73101806640625,1787512239.7203639
838,837,p1,turn,10.494699478149414,1787512239.7452052
838,2452,p1,selection,156.35226440429688,1787512239.7489805
838,2453,p1,selection,163.42050170898438,1787512239.7529476
838,2454,p1,selection,188.8543243408203,1787512239.7567344
838,837,p2,turn,13.091686248779297,1787512239.7682564
838,2452,p2,selection,148.44256591796875,1787512239.7720685
838,2453,p2,selection,164.7353057861328,1787512239.7757325
838,2454,p2,selection,173.66070556640625,1787512239.7793605
839,838,p1,turn,13.751425743103027,1787512239.809962
839,2455,p1,selection,178.2605438232422,1787512239.8136156
839,2456,p1,selection,175.61074829101562,1787512239.8175194
839,2457,p1,selection,189.13047790527344,1787512239.8213732
839,838,p2,turn,11.87185287475586,1787512239.8324335
839,2455,p2,selection,138.65805053710938,1787512239.836382
839,2456,p2,selection,183.14114379882812,1787512239.8401952
839,2457,p2,selection,128.1139373779297,1787512239.8438559
840,839,p1,turn,8.233383178710938,1787512239.8776352
840,2458,p1,selection,198.2178955078125,1787512239.8813431
840,2459,p1,selection,198.934326171875,1787512239.8856554
840,2460,p1,selection,208.35678100585938,1787512239.889525
840,839,p2,turn,12.336569786071777,1787512239.9012973
840,2458,p2,selection,190.79470825195312,1787512239.9050999
840,2459,p2,selection,182.76171875,1787512239.9087448
840,2460,p2,selection,155.624755859375,1787512239.9123907
841,840,p1,turn,14.898396492004395,1787512239.9391358
841,2461,p1,selection,184.45657348632812,1787512239.9428396
841,2462,p1,selection,170.90640258789062,1787512239.9464855
841,2463,p1,selection,156.0511016845703,1787512239.9502153
841,840,p2,turn,12.102712631225586,1787512239.9614842
841,2461,p2,selection,128.50994873046875,1787512239.9651783
841,2462,p2,selection,165.7952117919922,1787512239.9691865
841,2463,p2,selection,117.94313049316406,1787512239.972974
842,841,p1,turn,15.205083847045898,1787512240.0002477
842,2464,p1,selection,132.95068359375,1787512240.0042539
842,2465,p1,selection,158.84071350097656,1787512240.0079515
842,2466,p1,selection,147.06964111328125,1787512240.0116427
842,841,p2,turn,8.70781421661377,1787512240.0230122
842,2464,p2,selection,129.26565551757812,1787512240.0266936
842,2465,p2,selection,148.9713592529297,1787512240.0303705
842,2466,p2,selection,205.58697509765625,1787512240.03447
843,842,p1,turn,10.38558292388916,1787512240.0612123
843,2467,p1,selection,188.59820556640625,1787512240.064954
843,2468,p1,selection,208.12777709960938,1787512240.0689328
843,2469,p1,selection,176.8231964111328,1787512240.0727422
843,842,p2,turn,14.947860717773438,1787512240.0853236
843,2467,p2,selection,179.32545471191406,1787512240.0892835
843,2468,p2,selection,184.4401397705078,1787512240.093006
843,2469,p2,selection,156.98194885253906,1787512240.0967844
844,843,p1,turn,12.099691390991211,1787512240.1153939
844,2470,p1,selection,172.16685485839844,1787512240.119388
844,2471,p1,selection,126.10398864746094,1787512240.1232283
844,2472,p1,selection,144.45263671875,1787512240.1268883
844,843,p2,turn,14.68897819519043,1787512240.1387255
844,2470,p2,selection,158.3604736328125,1787512240.1424174
844,2471,p2,selection,149.0338134765625,1787512240.1460705
844,2472,p2,selection,162.40618896484375,1787512240.149696
845,844,p1,turn,9.03270149230957,1787512240.170639
845,2473,p1,selection,145.42201232910156,1787512240.1744213
845,2474,p1,selection,153.380126953125,1787512240.1780689
845,2475,p1,selection,168.41586303710938,1787512240.1817265
845,844,p2,turn,14.365198135375977,1787512240.1932788
845,2473,p2,selection,169.23414611816406,1787512240.1969907
845,2474,p2,selection,162.19131469726562,1787512240.2009554
845,2475,p2,selection,187.29281616210938,1787512240.2047086
846,845,p1,turn,13.597064971923828,1787512240.2291443
846,2476,p1,selection,163.3813018798828,1787512240.2330277
846,2477,p1,selection,148.16354370117188,1787512240.2370403
846,2478,p1,selection,129.9651641845703,1787512240.240758
846,845,p2,turn,10.224684715270996,1787512240.2526484
846,2476,p2,selection,114.99810791015625,1787512240.256447
846,2477,p2,selection,170.92030334472656,1787512240.2601688
846,2478,p2,selection,155.34222412109375,1787512240.2639306
847,846,p1,turn,11.809493064880371,1787512240.3283818
847,2479,p1,selection,103.77812194824219,1787512240.3321915
847,2480,p1,selection,136.86737060546875,1787512240.3361795
847,2481,p1,selection,209.3594207763672,1787512240.3401153
847,846,p2,turn,9.78443431854248,1787512240.3530793
847,2479,p2,selection,151.7601776123047,1787512240.3570192
847,2480,p2,selection,164.12384033203125,1787512240.3608792
847,2481,p2,selection,142.90594482421875,1787512240.3646655
848,847,p1,turn,10.825546264648438,1787512240.3857172
848,2482,p1,selection,95.7732162475586,1787512240.3900812
848,2483,p1,selection,136.17819213867188,1787512240.3951006
848,2484,p1,selection,188.81004333496094,1787512240.399296
848,847,p2,turn,14.887301445007324,1787512240.4150493
848,2482,p2,selection,151.0275115966797,1787512240.419706
848,2483,p2,selection,117.20703125,1787512240.424551
848,2484,p2,selection,151.10977172851562,1787512240.4285843
849,848,p1,turn,9.931410789489746,1787512240.4520075
849,2485,p1,selection,150.75047302246094,1787512240.4564145
849,2486,p1,selection,185.31361389160156,1787512240.4604273
849,2487,p1,selection,152.23245239257812,1787512240.4646285
849,848,p2,turn,12.347955703735352,1787512240.477652
849,2485,p2,selection,206.8509979248047,1787512240.481722
849,2486,p2,selection,196.01260375976562,1787512240.4861012
849,2487,p2,selection,187.21493530273438,1787512240.490235
850,849,p1,turn,9.380537986755371,1787512240.5206032
850,2488,p1,selection,199.19163513183594,1787512240.524554
850,2489,p1,selection,148.90805053710938,1787512240.5284667
850,2490,p1,selection,184.3797149658203,1787512240.5324142
850,849,p2,turn,7.284853458404541,1787512240.544459
850,2488,p2,selection,186.66720581054688,1787512240.5483198
850,2489,p2,selection,145.2522430419922,1787512240.5525234
850,2490,p2,selection,231.48876953125,1787512240.556635
851,850,p1,turn,13.331562042236328,1787512240.5883658
851,2491,p1,selection,152.98008728027344,1787512240.592666
851,2492,p1,selection,182.2099151611328,1787512240.596675
851,2493,p1,selection,188.00198364257812,1787512240.60144
851,850,p2,turn,10.15716552734375,1787512240.6158903
851,2491,p2,selection,175.9330596923828,1787512240.6207843
851,2492,p2,selection,142.31585693359375,1787512240.6257899
851,2493,p2,selection,167.37469482421875,1787512240.6306567
852,851,p1,turn,14.089345932006836,1787512240.6647737
852,2494,p1,selection,181.27523803710938,1787512240.669834
852,2495,p1,selection,157.94140625,1787512240.6746936
852,2496,p1,selection,201.78955078125,1787512240.6795356
852,851,p2,turn,12.431529998779297,1787512240.6920295
852,2494,p2,selection,163.56182861328125,1787512240.6961436
852,2495,p2,selection,138.99990844726562,1787512240.7008293
852,2496,p2,selection,149.3511962890625,1787512240.7065215
853,852,p1,turn,9.950682640075684,1787512240.7318208
853,2497,p1,selection,187.4752655029297,1787512240.7360415
853,2498,p1,selection,128.3557891845703,1787512240.7400925
853,2499,p1,selection,150.83010864257812,1787512240.744146
853,852,p2,turn,7.787168979644775,1787512240.7562647
853,2497,p2,selection,220.5537567138672,1787512240.7603724
853,2498,p2,selection,181.9992218017578,1787512240.764374
853,2499,p2,selection,186.75892639160156,1787512240.7687883
854,853,p1,turn,15.189141273498535,1787512240.7971017
854,2500,p1,selection,170.58180236816406,1787512240.8016517
854,2501,p1,selection,125.28489685058594,1787512240.8058875
854,2502,p1,selection,178.49069213867188,1787512240.8100212
854,853,p2,turn,10.131916999816895,1787512240.8221176
854,2500,p2,selection,157.84873962402344,1787512240.826225
854,2501,p2,selection,131.7215576171875,1787512240.8300884
854,2502,p2,selection,181.5511474609375,1787512240.8341954
855,854,p1,turn,12.851299285888672,1787512240.8627622
855,2503,p1,selection,200.36026000976562,1787512240.8667111
855,2504,p1,selection,160.82029724121094,1787512240.8711562
855,2505,p1,selection,156.10711669921875,1787512240.8751264
855,854,p2,turn,9.882899284362793,1787512240.8872788
855,2503,p2,selection,137.5966339111328,1787512240.891574
855,2504,p2,selection,197.27261352539062,1787512240.8955774
855,2505,p2,selection,173.97349548339844,1787512240.8993251
856,855,p1,turn,11.867559432983398,1787512240.9194453
856,2506,p1,selection,174.40025329589844,1787512240.9235778
856,2507,p1,selection,169.01426696777344,1787512240.9274566
856,2508,p1,selection,170.22848510742188,1787512240.9315166
856,855,p2,turn,12.916027069091797,1787512240.9439416
856,2506,p2,selection,117.3037338256836,1787512240.9480526
856,2507,p2,selection,140.63255310058594,1787512240.9522636
856,2508,p2,selection,176.73614501953125,1787512240.9564545
857,856,p1,turn,16.568500518798828,1787512240.987957
857,2509,p1,selection,97.34115600585938,1787512240.9926932
857,2510,p1,selection,202.1815185546875,1787512240.9974797
857,2511,p1,selection,174.98191833496094,1787512241.0023634
857,856,p2,turn,11.622389793395996,1787512241.0185862
857,2509,p2,selection,168.4878692626953,1787512241.022635
857,2510,p2,selection,142.5218963623047,1787512241.02645
857,2511,p2,selection,222.9963836669922,1787512241.03026
858,857,p1,turn,8.047056198120117,1787512241.065607
858,2512,p1,selection,138.49609375,1787512241.0696268
858,2513,p1,selection,170.81507873535156,1787512241.0736508
858,2514,p1,selection,183.70217895507812,1787512241.0775692
858,857,p2,turn,13.336743354797363,1787512241.0891492
858,2512,p2,selection,146.4544219970703,1787512241.0932355
858,2513,p2,selection,162.09381103515625,1787512241.0971353
858,2514,p2,selection,145.05935668945312,1787512241.101174
859,858,p1,turn,14.002408027648926,1787512241.130325
859,2515,p1,selection,182.0741729736328,1787512241.1344373
859,2516,p1,selection,145.31723022460938,1787512241.1385016
859,2517,p1,selection,166.23550415039062,1787512241.142403
859,858,p2,turn,12.940302848815918,1787512241.1547945
859,2515,p2,selection,176.76243591308594,1787512241.1585674
859,2516,p2,selection,173.12777709960938,1787512241.1624973
859,2517,p2,selection,155.00360107421875,1787512241.166306
860,859,p1,turn,10.755667686462402,1787512241.1924539
860,2518,p1,selection,170.8268280029297,1787512241.1969442
860,2519,p1,selection,124.77134704589844,1787512241.2015347
860,2520,p1,selection,165.47276306152344,1787512241.2061343
860,859,p2,turn,11.211841583251953,1787512241.2174647
860,2518,p2,selection,146.11668395996094,1787512241.221833
860,2519,p2,selection,174.2097930908203,1787512241.2262478
860,2520,p2,selection,188.29022216796875,1787512241.2306132
861,860,p1,turn,12.674257278442383,1787512241.2517712
861,2521,p1,selection,134.4746856689453,1787512241.2563124
861,2522,p1,selection,147.81736755371094,1787512241.2606757
861,2523,p1,selection,168.17208862304688,1787512241.2650044
861,860,p2,turn,9.023347854614258,1787512241.2789786
861,2521,p2,selection,179.22462463378906,1787512241.2833943
861,2522,p2,selection,190.64508056640625,1787512241.2879703
861,2523,p2,selection,146.94989013671875,1787512241.291671
862,861,p1,turn,11.3773832321167,1787512241.338738
862,2524,p1,selection,183.00230407714844,1787512241.3424227
862,2525,p1,selection,155.95501708984375,1787512241.3460207
862,2526,p1,selection,177.42953491210938,1787512241.3498218
862,861,p2,turn,11.150629043579102,1787512241.3617778
862,2524,p2,selection,199.61434936523438,1787512241.3657937
862,2525,p2,selection,154.1669921875,1787512241.3701265
862,2526,p2,selection,190.34825134277344,1787512241.3741877
863,862,p1,turn,13.545995712280273,1787512241.396671
863,2527,p1,selection,128.5814208984375,1787512241.4011362
863,2528,p1,selection,126.87696838378906,1787512241.4056578
863,2529,p1,selection,207.09068298339844,1787512241.4104156
863,862,p2,turn,12.605415344238281,1787512241.4222126
863,2527,p2,selection,175.8658447265625,1787512241.4264927
863,2528,p2,selection,179.93307495117188,1787512241.4311368
863,2529,p2,selection,157.5387420654297,1787512241.435855
864,863,p1,turn,10.062965393066406,1787512241.4605558
864,2530,p1,selection,150.48541259765625,1787512241.4644864
864,2531,p1,selection,192.92367553710938,1787512241.4683962
864,2532,p1,selection,100.9107666015625,1787512241.4722295
864,863,p2,turn,12.641881942749023,1787512241.483593
864,2530,p2,selection,163.8723907470703,1787512241.4875882
864,2531,p2,selection,209.5375518798828,1787512241.4914572
864,2532,p2,selection,132.5126495361328,1787512241.4951856
865,864,p1,turn,10.247472763061523,1787512241.5120022
865,2533,p1,selection,168.67608642578125,1787512241.5157743
865,2534,p1,selection,141.56594848632812,1787512241.5196908
865,2535,p1,selection,138.33859252929688,1787512241.5235639
865,864,p2,turn,11.302167892456055,1787512241.5351865
865,2533,p2,selection,177.72784423828125,1787512241.5390768
865,2534,p2,selection,141.7030792236328,1787512241.5428164
865,2535,p2,selection,195.33779907226562,1787512241.5465028
866,865,p1,turn,7.713089466094971,1787512241.5683792
866,2536,p1,selection,177.9652099609375,1787512241.5721984
866,2537,p1,selection,227.9859619140625,1787512241.575884
866,2538,p1,selection,155.0662384033203,1787512241.5796301
866,865,p2,turn,10.03851318359375,1787512241.5913267
866,2536,p2,selection,206.4068603515625,1787512241.5950155
866,2537,p2,selection,168.55389404296875,1787512241.59872
866,2538,p2,selection,135.90768432617188,1787512241.6026344
867,866,p1,turn,13.469902038574219,1787512241.6276982
867,2539,p1,selection,92.3752212524414,1787512241.6314816
867,2540,p1,selection,188.64306640625,1787512241.6354117
867,2541,p1,selection,166.82781982421875,1787512241.6393068
867,866,p2,turn,13.322857856750488,1787512241.6507292
867,2539,p2,selection,137.7421875,1787512241.6545513
867,2540,p2,selection,167.2301025390625,1787512241.6582696
867,2541,p2,selection,168.34326171875,1787512241.6620173
868,867,p1,turn,10.849324226379395,1787512241.6781452
868,2542,p1,selection,174.16238403320312,1787512241.6818812
868,2543,p1,selection,202.52786254882812,1787512241.6857753
868,2544,p1,selection,161.5173797607422,1787512241.6896455
868,867,p2,turn,12.800955772399902,1787512241.702143
868,2542,p2,selection,163.58200073242188,1787512241.7059615
868,2543,p2,selection,113.88246154785156,1787512241.7100103
868,2544,p2,selection,139.9112091064453,1787512241.713892
869,868,p1,turn,9.942061424255371,1787512241.7397702
869,2545,p1,selection,210.96237182617188,1787512241.743565
869,2546,p1,selection,153.87437438964844,1787512241.7471557
869,2547,p1,selection,143.12777709960938,1787512241.751177
869,868,p2,turn,8.321479797363281,1787512241.762345
869,2545,p2,selection,174.2896728515625,1787512241.7660067
869,2546,p2,selection,159.3197784423828,1787512241.770006
869,2547,p2,selection,150.29592895507812,1787512241.773806
870,869,p1,turn,12.517244338989258,1787512241.7955084
870,2548,p1,selection,171.96351623535156,1787512241.7992065
870,2549,p1,selection,220.83056640625,1787512241.803151
870,2550,p1,selection,137.2317657470703,1787512241.807166
870,869,p2,turn,11.558860778808594,1787512241.8188565
870,2548,p2,selection,109.9298095703125,1787512241.8227494
870,2549,p2,selection,141.17308044433594,1787512241.8264875
870,2550,p2,selection,157.44808959960938,1787512241.8304677
871,870,p1,turn,15.721365928649902,1787512241.8493443
871,2551,p1,selection,138.33555603027344,1787512241.8534045
871,2552,p1,selection,206.4282989501953,1787512241.857181
871,2553,p1,selection,197.3236541748047,1787512241.8610291
871,870,p2,turn,11.159820556640625,1787512241.8728561
871,2551,p2,selection,220.15823364257812,1787512241.8765585
871,2552,p2,selection,133.96041870117188,1787512241.8802485
871,2553,p2,selection,212.01242065429688,1787512241.8841605
872,871,p1,turn,13.606204986572266,1787512241.9225783
872,2554,p1,selection,152.3000946044922,1787512241.9263377
872,2555,p1,selection,165.15646362304688,1787512241.9300513
872,2556,p1,selection,147.11422729492188,1787512241.9339645
872,871,p2,turn,9.096864700317383,1787512241.9463038
872,2554,p2,selection,189.2223358154297,1787512241.950097
872,2555,p2,selection,223.05105590820312,1787512241.9542704
872,2556,p2,selection,160.50502014160156,1787512241.9582605
873,872,p1,turn,10.661245346069336,1787512242.0299096
873,2557,p1,selection,146.03160095214844,1787512242.0337648
873,2558,p1,selection,161.20651245117188,1787512242.0377429
873,2559,p1,selection,183.20481872558594,1787512242.041488
873,872,p2,turn,7.7352495193481445,1787512242.0529747
873,2557,p2,selection,144.53785705566406,1787512242.0568504
873,2558,p2,selection,113.02173614501953,1787512242.060522
873,2559,p2,selection,123.36678314208984,1787512242.06417
874,873,p1,turn,15.18485164642334,1787512242.0822666
874,2560,p1,selection,200.59780883789062,1787512242.0862064
874,2561,p1,selection,191.78028869628906,1787512242.0899713
874,2562,p1,selection,209.66567993164062,1787512242.0936003
874,873,p2,turn,8.856953620910645,1787512242.1057603
874,2560,p2,selection,150.27662658691406,1787512242.1094368
874,2561,p2,selection,210.98545837402344,1787512242.1131353
874,2562,p2,selection,205.1256103515625,1787512242.1168644
875,874,p1,turn,9.413581848144531,1787512242.1626074
875,2563,p1,selection,188.95565795898438,1787512242.1662967
875,2564,p1,selection,149.94459533691406,1787512242.1702743
875,2565,p1,selection,118.27965545654297,1787512242.1740327
875,874,p2,turn,13.259845733642578,1787512242.1858494
875,2563,p2,selection,178.58956909179688,1787512242.1896136
875,2564,p2,selection,171.3854522705078,1787512242.193333
875,2565,p2,selection,185.67684936523438,1787512242.196914
876,875,p1,turn,8.82885456085205,1787512242.2172062
876,2566,p1,selection,142.24705505371094,1787512242.2211523
876,2567,p1,selection,168.9911346435547,1787512242.2250478
876,2568,p1,selection,172.64462280273438,1787512242.2287104
876,875,p2,turn,15.13486385345459,1787512242.240391
876,2566,p2,selection,127.80419921875,1787512242.2440617
876,2567,p2,selection,144.753662109375,1787512242.2476928
876,2568,p2,selection,224.03512573242188,1787512242.2518368
877,876,p1,turn,10.696499824523926,1787512242.2759616
877,2569,p1,selection,207.26702880859375,1787512242.2796283
877,2570,p1,selection,225.54537963867188,1787512242.2832663
877,2571,p1,selection,182.67471313476562,1787512242.2872143
877,876,p2,turn,8.097976684570312,1787512242.298454
877,2569,p2,selection,166.56472778320312,1787512242.3022068
877,2570,p2,selection,149.8645477294922,1787512242.3060164
877,2571,p2,selection,156.032958984375,1787512242.3096256
878,877,p1,turn,15.978799819946289,1787512242.3324807
878,2572,p1,selection,202.7740020751953,1787512242.3362696
878,2573,p1,selection,146.4974365234375,1787512242.340035
878,2574,p1,selection,116.41767883300781,1787512242.343701
878,877,p2,turn,11.005326271057129,1787512242.3552496
878,2572,p2,selection,165.50648498535156,1787512242.3589976
878,2573,p2,selection,150.67108154296875,1787512242.3626323
878,2574,p2,selection,129.32562255859375,1787512242.3664057
879,878,p1,turn,12.784621238708496,1787512242.397325
879,2575,p1,selection,113.84182739257812,1787512242.4024029
879,2576,p1,selection,114.27003479003906,1787512242.407199
879,2577,p1,selection,175.16934204101562,1787512242.411863
879,878,p2,turn,10.885608673095703,1787512242.4270365
879,2575,p2,selection,153.95626831054688,1787512242.4319267
879,2576,p2,selection,145.55130004882812,1787512242.4368796
879,2577,p2,selection,169.62417602539062,1787512242.4418867
880,879,p1,turn,13.01802921295166,1787512242.4636376
880,2578,p1,selection,177.28404235839844,1787512242.467906
880,2579,p1,selection,170.52578735351562,1787512242.4719815
880,2580,p1,selection,172.59274291992188,1787512242.4759555
880,879,p2,turn,10.685820579528809,1787512242.489262
880,2578,p2,selection,203.37135314941406,1787512242.4941173
880,2579,p2,selection,175.43356323242188,1787512242.4991975
880,2580,p2,selection,203.73965454101562,1787512242.5042782
881,880,p1,turn,15.680675506591797,1787512242.541002
881,2581,p1,selection,158.8021697998047,1787512242.545056
881,2582,p1,selection,195.59999084472656,1787512242.5492237
881,2583,p1,selection,106.97828674316406,1787512242.5536356
881,880,p2,turn,15.709242820739746,1787512242.566377
881,2581,p2,selection,147.5341033935547,1787512242.5709796
881,2582,p2,selection,165.6796875,1787512242.5752177
881,2583,p2,selection,118.42196655273438,1787512242.5794542
882,881,p1,turn,13.341110229492188,1787512242.6095927
882,2584,p1,selection,144.74656677246094,1787512242.6136093
882,2585,p1,selection,159.47329711914062,1787512242.6178415
882,2586,p1,selection,118.70796966552734,1787512242.6217792
882,881,p2,turn,10.09543228149414,1787512242.63437
882,2584,p2,selection,170.44607543945312,1787512242.6384046
882,2585,p2,selection,165.58445739746094,1787512242.6422458
882,2586,p2,selection,209.2825927734375,1787512242.646152
883,882,p1,turn,12.24012279510498,1787512242.6633174
883,2587,p1,selection,147.2598419189453,1787512242.667175
883,2588,p1,selection,167.59622192382812,1787512242.6713088
883,2589,p1,selection,190.68463134765625,1787512242.675213
883,882,p2,turn,12.090658187866211,1787512242.6874511
883,2587,p2,selection,163.07644653320312,1787512242.691542
883,2588,p2,selection,128.81768798828125,1787512242.6953719
883,2589,p2,selection,163.36334228515625,1787512242.6991413
884,883,p1,turn,10.138628959655762,1787512242.725376
884,2590,p1,selection,190.994873046875,1787512242.7300403
884,2591,p1,selection,233.02578735351562,1787512242.734802
884,2592,p1,selection,151.30238342285156,1787512242.7396257
884,883,p2,turn,14.05534839630127,1787512242.752284
884,2590,p2,selection,182.68359375,1787512242.7569377
884,2591,p2,selection,177.29867553710938,1787512242.761572
884,2592,p2,selection,147.68186950683594,1787512242.7663517
885,884,p1,turn,10.905485153198242,1787512242.7940972
885,2593,p1,selection,142.2420196533203,1787512242.7978957
885,2594,p1,selection,145.0509033203125,1787512242.8019917
885,2595,p1,selection,219.0430450439453,1787512242.8059387
885,884,p2,turn,10.069750785827637,1787512242.817794
885,2593,p2,selection,159.7898406982422,1787512242.821804
885,2594,p2,selection,162.87771606445312,1787512242.8256128
885,2595,p2,selection,161.96636962890625,1787512242.8294263
886,885,p1,turn,7.770163536071777,1787512242.8527195
886,2596,p1,selection,126.13156127929688,1787512242.8568134
886,2597,p1,selection,153.73626708984375,1787512242.8606374
886,2598,p1,selection,225.986328125,1787512242.8644712
886,885,p2,turn,12.717727661132812,1787512242.877166
886,2596,p2,selection,152.60733032226562,1787512242.8810303
886,2597,p2,selection,157.85398864746094,1787512242.88514
886,2598,p2,selection,107.6725082397461,1787512242.8901913
887,886,p1,turn,11.41292953491211,1787512242.9278188
887,2599,p1,selection,133.93902587890625,1787512242.9326892
887,2600,p1,selection,129.55162048339844,1787512242.9379332
887,2601,p1,selection,129.87991333007812,1787512242.9427435
887,886,p2,turn,10.093722343444824,1787512242.9558988
887,2599,p2,selection,183.77249145507812,1787512242.9599624
887,2600,p2,selection,131.73245239257812,1787512242.963964
887,2601,p2,selection,162.5572052001953,1787512242.968058
888,887,p1,turn,10.786565780639648,1787512242.9942358
888,2602,p1,selection,209.3798828125,1787512242.9991698
888,2603,p1,selection,172.64759826660156,1787512243.0041037
888,2604,p1,selection,178.80174255371094,1787512243.0088358
888,887,p2,turn,13.39603328704834,1787512243.0211546
888,2602,p2,selection,186.1132354736328,1787512243.0252042
888,2603,p2,selection,186.1311798095703,1787512243.0291457
888,2604,p2,selection,152.54061889648438,1787512243.033099
889,888,p1,turn,13.255142211914062,1787512243.0589306
889,2605,p1,selection,128.29734802246094,1787512243.0636625
889,2606,p1,selection,154.1048126220703,1787512243.0686343
889,2607,p1,selection,190.72145080566406,1787512243.0733485
889,888,p2,turn,12.441704750061035,1787512243.0884502
889,2605,p2,selection,175.70364379882812,1787512243.0931063
889,2606,p2,selection,203.11215209960938,1787512243.0982769
889,2607,p2,selection,162.42999267578125,1787512243.1026623
890,889,p1,turn,12.91759967803955,1787512243.1267278
890,2608,p1,selection,162.43264770507812,1787512243.1305208
890,2609,p1,selection,167.97796630859375,1787512243.1349266
890,2610,p1,selection,159.2639617919922,1787512243.1391072
890,889,p2,turn,12.613815307617188,1787512243.1514754
890,2608,p2,selection,140.42739868164062,1787512243.155635
890,2609,p2,selection,169.9781494140625,1787512243.1595018
890,2610,p2,selection,209.25796508789062,1787512243.1633043
891,890,p1,turn,9.754446983337402,1787512243.2064373
891,2611,p1,selection,106.97054290771484,1787512243.2108884
891,2612,p1,selection,174.84963989257812,1787512243.2154188
891,2613,p1,selection,170.7253875732422,1787512243.2199373
891,890,p2,turn,10.075654983520508,1787512243.233355
891,2611,p2,selection,155.0908203125,1787512243.237453
891,2612,p2,selection,137.54965209960938,1787512243.2410753
891,2613,p2,selection,115.873046875,1787512243.2447186
892,891,p1,turn,8.996521949768066,1787512243.2803378
892,2614,p1,selection,129.9477996826172,1787512243.284236
892,2615,p1,selection,126.24700164794922,1787512243.2880585
892,2616,p1,selection,174.62435913085938,1787512243.2917538
892,891,p2,turn,13.87588882446289,1787512243.3039162
892,2614,p2,selection,131.07565307617188,1787512243.3076713
892,2615,p2,selection,175.79953002929688,1787512243.311607
892,2616,p2,selection,138.45018005371094,1787512243.3153424
893,892,p1,turn,12.155939102172852,1787512243.3397083
893,2617,p1,selection,216.09288024902344,1787512243.3435557
893,2618,p1,selection,169.52264404296875,1787512243.3472402
893,2619,p1,selection,141.7706756591797,1787512243.3512876
893,892,p2,turn,10.119119644165039,1787512243.3620536
893,2617,p2,selection,195.52407836914062,1787512243.3657496
893,2618,p2,selection,224.3426971435547,1787512243.3697054
893,2619,p2,selection,142.1226806640625,1787512243.3735564
894,893,p1,turn,8.33521842956543,1787512243.4025471
894,2620,p1,selection,167.3319549560547,1787512243.406839
894,2621,p1,selection,181.73841857910156,1787512243.4106965
894,2622,p1,selection,206.07965087890625,1787512243.414553
894,893,p2,turn,7.352420330047607,1787512243.4263077
894,2620,p2,selection,211.4288787841797,1787512243.4300487
894,2621,p2,selection,146.1957244873047,1787512243.4340045
894,2622,p2,selection,125.46456909179688,1787512243.4379246
895,894,p1,turn,15.178970336914062,1787512243.462833
895,2623,p1,selection,146.6964111328125,1787512243.4665353
895,2624,p1,selection,172.5522003173828,1787512243.470532
895,2625,p1,selection,173.9596405029297,1787512243.4742806
895,894,p2,turn,8.963275909423828,1787512243.4853952
895,2623,p2,selection,161.8075714111328,1787512243.4891446
895,2624,p2,selection,168.50833129882812,1787512243.4927719
895,2625,p2,selection,183.71871948242188,1787512243.4963956
896,895,p1,turn,10.59126091003418,1787512243.5255704
896,2626,p1,selection,180.22079467773438,1787512243.529277
896,2627,p1,selection,186.40667724609375,1787512243.5330453
896,2628,p1,selection,150.2793731689453,1787512243.5372577
896,895,p2,turn,9.97020435333252,1787512243.5486586
896,2626,p2,selection,155.6277618408203,1787512243.5525072
896,2627,p2,selection,133.2187957763672,1787512243.5563164
896,2628,p2,selection,181.7872772216797,1787512243.559965
897,896,p1,turn,9.884437561035156,1787512243.6136513
897,2629,p1,selection,164.66883850097656,1787512243.6214156
897,2630,p1,selection,173.872802734375,1787512243.6258974
897,2631,p1,selection,131.3653564453125,1787512243.6303341
897,896,p2,turn,8.138508796691895,1787512243.648427
897,2629,p2,selection,192.09336853027344,1787512243.655373
897,2630,p2,selection,183.8040771484375,1787512243.6615844
897,2631,p2,selection,137.7090301513672,1787512243.673218
898,897,p1,turn,10.787823677062988,1787512243.704843
898,2632,p1,selection,180.74441528320312,1787512243.7093942
898,2633,p1,selection,152.89768981933594,1787512243.713887
898,2634,p1,selection,140.15408325195312,1787512243.7191892
898,897,p2,turn,13.588092803955078,1787512243.7356515
898,2632,p2,selection,181.20005798339844,1787512243.7408605
898,2633,p2,selection,169.1927947998047,1787512243.7456088
898,2634,p2,selection,157.88723754882812,1787512243.7496436
899,898,p1,turn,11.196893692016602,1787512243.773297
899,2635,p1,selection,165.05624389648438,1787512243.7771683
899,2636,p1,selection,145.9216766357422,1787512243.7814336
899,2637,p1,selection,138.46258544921875,1787512243.7858949
899,898,p2,turn,14.725671768188477,1787512243.8003995
899,2635,p2,selection,164.48793029785156,1787512243.8051057
899,2636,p2,selection,183.05323791503906,1787512243.8090672
899,2637,p2,selection,189.69386291503906,1787512243.812922
900,899,p1,turn,11.048587799072266,1787512243.835218
900,2638,p1,selection,166.71710205078125,1787512243.839387
900,2639,p1,selection,159.15174865722656,1787512243.843562
900,2640,p1,selection,172.83505249023438,1787512243.847593
900,899,p2,turn,11.680503845214844,1787512243.8631184
900,2638,p2,selection,185.74205017089844,1787512243.8684077
900,2639,p2,selection,102.93000793457031,1787512243.8726845
900,2640,p2,selection,163.49179077148438,1787512243.8766022
901,900,p1,turn,13.67658519744873,1787512243.8995104
901,2641,p1,selection,222.4779052734375,1787512243.9043317
901,2642,p1,selection,172.07537841796875,1787512243.9084961
901,2643,p1,selection,179.89247131347656,1787512243.9127488
901,900,p2,turn,13.712136268615723,1787512243.9252055
901,2641,p2,selection,186.66046142578125,1787512243.9291496
901,2642,p2,selection,184.66998291015625,1787512243.9330902
901,2643,p2,selection,157.197265625,1787512243.9373271
902,901,p1,turn,11.798072814941406,1787512243.9789999
902,2644,p1,selection,189.25738525390625,1787512243.982898
902,2645,p1,selection,143.43490600585938,1787512243.9884846
902,2646,p1,selection,189.17698669433594,1787512243.9924357
902,901,p2,turn,10.774519920349121,1787512244.0072207
902,2644,p2,selection,201.41775512695312,1787512244.0119605
902,2645,p2,selection,211.3151092529297,1787512244.0175712
902,2646,p2,selection,135.6506805419922,1787512244.0217397
903,902,p1,turn,11.3336820602417,1787512244.041308
903,2647,p1,selection,217.24313354492188,1787512244.0452914
903,2648,p1,selection,167.8504638671875,1787512244.0500436
903,2649,p1,selection,189.90994262695312,1787512244.0552523
903,902,p2,turn,7.456722736358643,1787512244.0719802
903,2647,p2,selection,169.35345458984375,1787512244.077223
903,2648,p2,selection,157.03125,1787512244.0831206
903,2649,p2,selection,204.7652587890625,1787512244.0883613
904,903,p1,turn,12.116421699523926,1787512244.108443
904,2650,p1,selection,183.73046875,1787512244.1126018
904,2651,p1,selection,113.51249694824219,1787512244.1164172
904,2652,p1,selection,187.93923950195312,1787512244.1204991
904,903,p2,turn,10.818402290344238,1787512244.1324077
904,2650,p2,selection,220.9256134033203,1787512244.1367385
904,2651,p2,selection,216.39308166503906,1787512244.1406765
904,2652,p2,selection,185.01991271972656,1787512244.144637
905,904,p1,turn,13.662105560302734,1787512244.1678188
905,2653,p1,selection,186.5462188720703,1787512244.1718273
905,2654,p1,selection,139.20556640625,1787512244.1756985
905,2655,p1,selection,157.50379943847656,1787512244.1796198
905,904,p2,turn,14.00358772277832,1787512244.1928318
905,2653,p2,selection,184.41665649414062,1787512244.1965878
905,2654,p2,selection,160.26409912109375,1787512244.2006357
905,2655,p2,selection,151.23056030273438,1787512244.2045038
906,905,p1,turn,16.82245445251465,1787512244.2231061
906,2656,p1,selection,258.76116943359375,1787512244.226942
906,2657,p1,selection,176.4333953857422,1787512244.2306862
906,2658,p1,selection,174.99864196777344,1787512244.2350686
906,905,p2,turn,15.33947467803955,1787512244.246664
906,2656,p2,selection,204.76324462890625,1787512244.2507148
906,2657,p2,selection,158.79124450683594,1787512244.254774
906,2658,p2,selection,155.8668975830078,1787512244.2585933
907,906,p1,turn,14.061631202697754,1787512244.2807937
907,2659,p1,selection,163.52383422851562,1787512244.284839
907,2660,p1,selection,212.3376922607422,1787512244.2887518
907,2661,p1,selection,189.0386505126953,1787512244.2927516
907,906,p2,turn,6.757008075714111,1787512244.3049867
907,2659,p2,selection,189.7399139404297,1787512244.3087919
907,2660,p2,selection,147.31727600097656,1787512244.3127744
907,2661,p2,selection,230.33349609375,1787512244.316721
908,907,p1,turn,10.773663520812988,1787512244.3396075
908,2662,p1,selection,180.99154663085938,1787512244.3445592
908,2663,p1,selection,173.40977478027344,1787512244.3487496
908,2664,p1,selection,141.59375,1787512244.3528721
908,907,p2,turn,12.947370529174805,1787512244.3649151
908,2662,p2,selection,130.74896240234375,1787512244.3692636
908,2663,p2,selection,148.97811889648438,1787512244.373262
908,2664,p2,selection,142.44973754882812,1787512244.3770719
909,908,p1,turn,12.21347713470459,1787512244.4011164
909,2665,p1,selection,130.68807983398438,1787512244.4052713
909,2666,p1,selection,130.0264129638672,1787512244.4092033
909,2667,p1,selection,194.56683349609375,1787512244.4132006
909,908,p2,turn,5.956905364990234,1787512244.4264376
909,2665,p2,selection,212.7399139404297,1787512244.4306588
909,2666,p2,selection,132.1284637451172,1787512244.4351275
909,2667,p2,selection,179.13232421875,1787512244.4393783
910,909,p1,turn,12.529106140136719,1787512244.462642
910,2668,p1,selection,115.0711898803711,1787512244.4671836
910,2669,p1,selection,165.40280151367188,1787512244.471827
910,2670,p1,selection,217.3426513671875,1787512244.4760573
910,909,p2,turn,10.363113403320312,1787512244.4907067
910,2668,p2,selection,188.7356414794922,1787512244.495132
910,2669,p2,selection,122.52412414550781,1787512244.499253
910,2670,p2,selection,145.61309814453125,1787512244.5035305
911,910,p1,turn,11.168800354003906,1787512244.5247116
911,2671,p1,selection,145.25160217285156,1787512244.529014
911,2672,p1,selection,213.10255432128906,1787512244.5334733
911,2673,p1,selection,127.84058380126953,1787512244.539028
911,910,p2,turn,10.742549896240234,1787512244.5541577
911,2671,p2,selection,170.98214721679688,1787512244.5593045
911,2672,p2,selection,145.83787536621094,1787512244.5643413
911,2673,p2,selection,153.89100646972656,1787512244.569405
912,911,p1,turn,18.03592872619629,1787512244.5988204
912,2674,p1,selection,188.74981689453125,1787512244.6042333
912,2675,p1,selection,159.36813354492188,1787512244.6095705
912,2676,p1,selection,171.76007080078125,1787512244.6149318
912,911,p2,turn,11.918580055236816,1787512244.631213
912,2674,p2,selection,173.9009552001953,1787512244.6375053
912,2675,p2,selection,134.92718505859375,1787512244.643289
912,2676,p2,selection,196.78773498535156,1787512244.6477644
913,912,p1,turn,10.80489444732666,1787512244.6777036
913,2677,p1,selection,198.2480926513672,1787512244.6828253
913,2678,p1,selection,167.68545532226562,1787512244.6888788
913,2679,p1,selection,133.6957244873047,1787512244.6941552
913,912,p2,turn,7.850463390350342,1787512244.7084959
913,2677,p2,selection,216.7945098876953,1787512244.7141314
913,2678,p2,selection,180.65333557128906,1787512244.7191727
913,2679,p2,selection,136.6563720703125,1787512244.7242916
914,913,p1,turn,13.969862937927246,1787512244.7562613
914,2680,p1,selection,135.48773193359375,1787512244.7616549
914,2681,p1,selection,176.684326171875,1787512244.7672744
914,2682,p1,selection,142.24082946777344,1787512244.7728398
914,913,p2,turn,8.410395622253418,1787512244.788808
914,2680,p2,selection,101.78929138183594,1787512244.794303
914,2681,p2,selection,126.59127044677734,1787512244.7982278
914,2682,p2,selection,152.1148681640625,1787512244.8026774
915,914,p1,turn,8.895925521850586,1787512244.8485155
915,2683,p1,selection,138.79986572265625,1787512244.8541484
915,2684,p1,selection,187.47821044921875,1787512244.860623
915,2685,p1,selection,171.40362548828125,1787512244.8647096
915,914,p2,turn,9.857257843017578,1787512244.8771071
915,2683,p2,selection,132.24583435058594,1787512244.8810527
915,2684,p2,selection,176.3566436767578,1787512244.8852832
915,2685,p2,selection,186.61451721191406,1787512244.8892956
916,915,p1,turn,11.567804336547852,1787512244.9086707
916,2686,p1,selection,148.57220458984375,1787512244.9134643
916,2687,p1,selection,144.0756072998047,1787512244.9184694
916,2688,p1,selection,187.41696166992188,1787512244.9232273
916,915,p2,turn,10.261463165283203,1787512244.9377937
916,2686,p2,selection,212.25584411621094,1787512244.9426115
916,2687,p2,selection,171.88156127929688,1787512244.947289
916,2688,p2,selection,193.26806640625,1787512244.9524772
917,916,p1,turn,11.728411674499512,1787512245.0062585
917,2689,p1,selection,113.57576751708984,1787512245.0110412
917,2690,p1,selection,167.10992431640625,1787512245.015973
917,2691,p1,selection,151.069580078125,1787512245.0201013
917,916,p2,turn,10.472855567932129,1787512245.0323377
917,2689,p2,selection,188.14610290527344,1787512245.0362647
917,2690,p2,selection,201.52896118164062,1787512245.040266
917,2691,p2,selection,154.52169799804688,1787512245.0443273
918,917,p1,turn,11.302824020385742,1787512245.0627801
918,2692,p1,selection,168.56112670898438,1787512245.0669203
918,2693,p1,selection,151.61529541015625,1787512245.0711622
918,2694,p1,selection,139.4247283935547,1787512245.0752125
918,917,p2,turn,11.881807327270508,1787512245.087779
918,2692,p2,selection,191.64244079589844,1787512245.0918138
918,2693,p2,selection,170.77430725097656,1787512245.0958803
918,2694,p2,selection,129.19451904296875,1787512245.0997264
919,918,p1,turn,11.286922454833984,1787512245.1245158
919,2695,p1,selection,99.0458984375,1787512245.1291385
919,2696,p1,selection,177.18585205078125,1787512245.1337633
919,2697,p1,selection,155.81552124023438,1787512245.1388319
919,918,p2,turn,10.434361457824707,1787512245.153381
919,2695,p2,selection,213.24342346191406,1787512245.1575334
919,2696,p2,selection,175.35702514648438,1787512245.161384
919,2697,p2,selection,162.6656951904297,1787512245.1651986
920,919,p1,turn,7.458574295043945,1787512245.1906903
920,2698,p1,selection,191.2613067626953,1787512245.1945205
920,2699,p1,selection,152.26763916015625,1787512245.1983352
920,2700,p1,selection,182.5,1787512245.2028012
920,919,p2,turn,9.508535385131836,1787512245.2148893
920,2698,p2,selection,149.3833770751953,1787512245.2189713
920,2699,p2,selection,129.00340270996094,1787512245.2228467
920,2700,p2,selection,144.28704833984375,1787512245.2268407
921,920,p1,turn,11.890057563781738,1787512245.2522929
921,2701,p1,selection,190.48915100097656,1787512245.2560985
921,2702,p1,selection,120.3006820678711,1787512245.2597744
921,2703,p1,selection,220.3383026123047,1787512245.2633946
921,920,p2,turn,14.551618576049805,1787512245.2748837
921,2701,p2,selection,192.65536499023438,1787512245.278561
921,2702,p2,selection,233.61358642578125,1787512245.2822125
921,2703,p2,selection,107.37249755859375,1787512245.286042
922,921,p1,turn,16.16249656677246,1787512245.3143566
922,2704,p1,selection,166.61471557617188,1787512245.3183186
922,2705,p1,selection,180.1149444580078,1787512245.3221242
922,2706,p1,selection,144.13412475585938,1787512245.3257716
922,921,p2,turn,14.012594223022461,1787512245.3369238
922,2704,p2,selection,84.49935913085938,1787512245.3406436
922,2705,p2,selection,207.33738708496094,1787512245.3442938
922,2706,p2,selection,161.0263671875,1787512245.3479848
923,922,p1,turn,12.591571807861328,1787512245.3664505
923,2707,p1,selection,174.80068969726562,1787512245.3704205
923,2708,p1,selection,165.3438720703125,1787512245.3741114
923,2709,p1,selection,157.39968872070312,1787512245.3778083
923,922,p2,turn,12.568166732788086,1787512245.3894897
923,2707,p2,selection,148.79248046875,1787512245.3931632
923,2708,p2,selection,184.84649658203125,1787512245.3968139
923,2709,p2,selection,215.18263244628906,1787512245.4005475
924,923,p1,turn,15.085750579833984,1787512245.4294183
924,2710,p1,selection,139.7925567626953,1787512245.4350345
924,2711,p1,selection,185.74427795410156,1787512245.4389062
924,2712,p1,selection,192.69940185546875,1787512245.442698
924,923,p2,turn,9.63179874420166,1787512245.4554145
924,2710,p2,selection,121.45718383789062,1787512245.459999
924,2711,p2,selection,168.7012939453125,1787512245.4644544
924,2712,p2,selection,198.05508422851562,1787512245.4690526
925,924,p1,turn,12.425935745239258,1787512245.4917605
925,2713,p1,selection,190.6962890625,1787512245.4954212
925,2714,p1,selection,180.2098388671875,1787512245.4991417
925,2715,p1,selection,157.150390625,1787512245.50298
925,924,p2,turn,14.320524215698242,1787512245.5141237
925,2713,p2,selection,152.84762573242188,1787512245.5181766
925,2714,p2,selection,165.95970153808594,1787512245.5219376
925,2715,p2,selection,141.42181396484375,1787512245.5255897
926,925,p1,turn,12.540507316589355,1787512245.5439715
926,2716,p1,selection,129.3324737548828,1787512245.5478027
926,2717,p1,selection,133.940185546875,1787512245.5518043
926,2718,p1,selection,104.2613754272461,1787512245.5555844
926,925,p2,turn,8.832876205444336,1787512245.5666363
926,2716,p2,selection,161.2710418701172,1787512245.570727
926,2717,p2,selection,152.76046752929688,1787512245.5743725
926,2718,p2,selection,170.27572631835938,1787512245.5780172
927,926,p1,turn,8.062289237976074,1787512245.608535
927,2719,p1,selection,165.1048583984375,1787512245.6123433
927,2720,p1,selection,161.41598510742188,1787512245.6160288
927,2721,p1,selection,126.60154724121094,1787512245.6198993
927,926,p2,turn,10.565521240234375,1787512245.631297
927,2719,p2,selection,179.88380432128906,1787512245.6350899
927,2720,p2,selection,140.4115753173828,1787512245.6388128
927,2721,p2,selection,141.08853149414062,1787512245.6424243
928,927,p1,turn,8.804229736328125,1787512245.6634598
928,2722,p1,selection,162.8500518798828,1787512245.6671925
928,2723,p1,selection,145.31521606445312,1787512245.6710393
928,2724,p1,selection,180.73342895507812,1787512245.6746244
928,927,p2,turn,10.951833724975586,1787512245.6855834
928,2722,p2,selection,170.15089416503906,1787512245.6893146
928,2723,p2,selection,155.15093994140625,1787512245.692921
928,2724,p2,selection,126.93502044677734,1787512245.696704
929,928,p1,turn,9.550308227539062,1787512245.7141325
929,2725,p1,selection,144.0378875732422,1787512245.7180195
929,2726,p1,selection,170.1514434814453,1787512245.7218244
929,2727,p1,selection,157.2586212158203,1787512245.7255125
929,928,p2,turn,13.533661842346191,1787512245.7365088
929,2725,p2,selection,146.6240234375,1787512245.740259
929,2726,p2,selection,194.66851806640625,1787512245.7439275
929,2727,p2,selection,175.09848022460938,1787512245.7475662
930,929,p1,turn,13.531479835510254,1787512245.776129
930,2728,p1,selection,141.5332794189453,1787512245.779858
930,2729,p1,selection,165.4016876220703,1787512245.7835608
930,2730,p1,selection,95.26492309570312,1787512245.78757
930,929,p2,turn,8.821371078491211,1787512245.7990475
930,2728,p2,selection,208.31814575195312,1787512245.8027813
930,2729,p2,selection,192.74758911132812,1787512245.806573
930,2730,p2,selection,131.50393676757812,1787512245.8102198
931,930,p1,turn,8.191649436950684,1787512245.8260446
931,2731,p1,selection,114.24378204345703,1787512245.830047
931,2732,p1,selection,171.8339080810547,1787512245.8346832
931,2733,p1,selection,175.0126953125,1787512245.8386931
931,930,p2,turn,9.09234619140625,1787512245.8506725
931,2731,p2,selection,190.75238037109375,1787512245.8547468
931,2732,p2,selection,162.0557403564453,1787512245.858735
931,2733,p2,selection,116.68314361572266,1787512245.8626037
932,931,p1,turn,8.976099967956543,1787512245.8894985
932,2734,p1,selection,233.34280395507812,1787512245.8947475
932,2735,p1,selection,214.1389923095703,1787512245.8988051
932,2736,p1,selection,156.51260375976562,1787512245.903231
932,931,p2,turn,9.236780166625977,1787512245.915911
932,2734,p2,selection,124.91368103027344,1787512245.9202466
932,2735,p2,selection,171.35842895507812,1787512245.9252143
932,2736,p2,selection,192.96429443359375,1787512245.9293842
933,932,p1,turn,10.95843505859375,1787512245.9524484
933,2737,p1,selection,182.08009338378906,1787512245.9570644
933,2738,p1,selection,147.94509887695312,1787512245.9615493
933,2739,p1,selection,173.45863342285156,1787512245.9659688
933,932,p2,turn,12.063188552856445,1787512245.9776495
933,2737,p2,selection,193.74313354492188,1787512245.981317
933,2738,p2,selection,150.91403198242188,1787512245.9853854
933,2739,p2,selection,184.7731475830078,1787512245.989184
934,933,p1,turn,11.85637092590332,1787512246.0352201
934,2740,p1,selection,174.55404663085938,1787512246.0390103
934,2741,p1,selection,161.85353088378906,1787512246.0426533
934,2742,p1,selection,201.79376220703125,1787512246.046303
934,933,p2,turn,11.70180606842041,1787512246.0580056
934,2740,p2,selection,153.39315795898438,1787512246.061685
934,2741,p2,selection,140.14593505859375,1787512246.0653179
934,2742,p2,selection,149.6190643310547,1787512246.069241
935,934,p1,turn,14.828218460083008,1787512246.0904353
935,2743,p1,selection,138.3009033203125,1787512246.094226
935,2744,p1,selection,177.35467529296875,1787512246.0979125
935,2745,p1,selection,162.2521209716797,1787512246.1019585
935,934,p2,turn,9.190417289733887,1787512246.1135213
935,2743,p2,selection,194.651123046875,1787512246.1175895
935,2744,p2,selection,173.97410583496094,1787512246.1213903
935,2745,p2,selection,171.36236572265625,1787512246.1250255
936,935,p1,turn,12.70208740234375,1787512246.1446474
936,2746,p1,selection,158.816650390625,1787512246.1482916
936,2747,p1,selection,118.08504486083984,1787512246.152398
936,2748,p1,selection,154.86929321289062,1787512246.1561742
936,935,p2,turn,13.610333442687988,1787512246.1680105
936,2746,p2,selection,141.03916931152344,1787512246.171808
936,2747,p2,selection,177.31692504882812,1787512246.1754696
936,2748,p2,selection,192.88519287109375,1787512246.1790645
937,936,p1,turn,10.214765548706055,1787512246.1984909
937,2749,p1,selection,150.65518188476562,1787512246.2029896
937,2750,p1,selection,127.74620056152344,1787512246.2070742
937,2751,p1,selection,140.47994995117188,1787512246.2107306
937,936,p2,turn,9.249570846557617,1787512246.2222564
937,2749,p2,selection,140.12213134765625,1787512246.225893
937,2750,p2,selection,141.2247772216797,1787512246.229734
937,2751,p2,selection,107.31519317626953,1787512246.2335477
938,937,p1,turn,14.198932647705078,1787512246.258826
938,2752,p1,selection,228.80540466308594,1787512246.2633538
938,2753,p1,selection,159.33045959472656,1787512246.268015
938,2754,p1,selection,172.37088012695312,1787512246.2725785
938,937,p2,turn,9.800090789794922,1787512246.2864542
938,2752,p2,selection,105.41224670410156,1787512246.290311
938,2753,p2,selection,153.01275634765625,1787512246.2939656
938,2754,p2,selection,215.4773406982422,1787512246.2975838
939,938,p1,turn,9.833108901977539,1787512246.3157995
939,2755,p1,selection,201.4208984375,1787512246.31969
939,2756,p1,selection,168.55844116210938,1787512246.3235435
939,2757,p1,selection,187.43174743652344,1787512246.327238
939,938,p2,turn,9.555386543273926,1787512246.3390844
939,2755,p2,selection,174.15968322753906,1787512246.3437188
939,2756,p2,selection,137.26504516601562,1787512246.3515618
939,2757,p2,selection,172.37222290039062,1787512246.3553557
940,939,p1,turn,12.700874328613281,1787512246.3815596
940,2758,p1,selection,198.38348388671875,1787512246.3853626
940,2759,p1,selection,129.53460693359375,1787512246.389198
940,2760,p1,selection,173.2264404296875,1787512246.3934417
940,939,p2,turn,11.222572326660156,1787512246.4077191
940,2758,p2,selection,163.55979919433594,1787512246.411626
940,2759,p2,selection,139.12461853027344,1787512246.416386
940,2760,p2,selection,198.7528839111328,1787512246.4215567
941,940,p1,turn,11.422835350036621,1787512246.4433258
941,2761,p1,selection,168.80482482910156,1787512246.447956
941,2762,p1,selection,113.24541473388672,1787512246.4527059
941,2763,p1,selection,206.81900024414062,1787512246.4573634
941,940,p2,turn,13.717508316040039,1787512246.469744
941,2761,p2,selection,118.19096374511719,1787512246.4736707
941,2762,p2,selection,177.90745544433594,1787512246.4774983
941,2763,p2,selection,164.60125732421875,1787512246.4813232
942,941,p1,turn,9.022944450378418,1787512246.5194285
942,2764,p1,selection,154.05372619628906,1787512246.5240808
942,2765,p1,selection,189.6331329345703,1787512246.5285869
942,2766,p1,selection,175.16546630859375,1787512246.5331757
942,941,p2,turn,10.73134708404541,1787512246.5475457
942,2764,p2,selection,166.5784912109375,1787512246.5531118
942,2765,p2,selection,137.34336853027344,1787512246.5587568
942,2766,p2,selection,179.14111328125,1787512246.5635486
943,942,p1,turn,8.88617992401123,1787512246.591931
943,2767,p1,selection,189.21971130371094,1787512246.5961704
943,2768,p1,selection,168.28106689453125,1787512246.6004176
943,2769,p1,selection,169.9638671875,1787512246.605741
943,942,p2,turn,10.724637031555176,1787512246.6211689
943,2767,p2,selection,177.20639038085938,1787512246.625206
943,2768,p2,selection,156.741455078125,1787512246.6301744
943,2769,p2,selection,129.53985595703125,1787512246.6351311
944,943,p1,turn,14.814424514770508,1787512246.7262309
944,2770,p1,selection,165.94471740722656,1787512246.73032
944,2771,p1,selection,238.36785888671875,1787512246.7349916
944,2772,p1,selection,167.60630798339844,1787512246.7393167
944,943,p2,turn,6.773508548736572,1787512246.7522478
944,2770,p2,selection,148.35049438476562,1787512246.756441
944,2771,p2,selection,104.35077667236328,1787512246.7605472
944,2772,p2,selection,258.78973388671875,1787512246.7645323
945,944,p1,turn,11.683978080749512,1787512246.789778
945,2773,p1,selection,148.1614532470703,1787512246.7936423
945,2774,p1,selection,166.55691528320312,1787512246.7974334
945,2775,p1,selection,169.02359008789062,1787512246.8015842
945,944,p2,turn,11.797866821289062,1787512246.8134966
945,2773,p2,selection,132.7888946533203,1787512246.8175704
945,2774,p2,selection,165.28907775878906,1787512246.8215175
945,2775,p2,selection,137.7403564453125,1787512246.825351
946,945,p1,turn,10.933125495910645,1787512246.8436987
946,2776,p1,selection,165.82675170898438,1787512246.8477075
946,2777,p1,selection,142.02871704101562,1787512246.8518574
946,2778,p1,selection,183.6178741455078,1787512246.855795
946,945,p2,turn,12.053621292114258,1787512246.8682916
946,2776,p2,selection,171.55322265625,1787512246.8723922
946,2777,p2,selection,114.42086791992188,1787512246.8763309
946,2778,p2,selection,157.40554809570312,1787512246.8802402
947,946,p1,turn,11.560043334960938,1787512246.9006214
947,2779,p1,selection,200.5064239501953,1787512246.9048607
947,2780,p1,selection,196.54270935058594,1787512246.9087164
947,2781,p1,selection,139.917724609375,1787512246.9127276
947,946,p2,turn,10.613363265991211,1787512246.924737
947,2779,p2,selection,116.64962768554688,1787512246.9288063
947,2780,p2,selection,139.92001342773438,1787512246.9328663
947,2781,p2,selection,156.12759399414062,1787512246.9370468
948,947,p1,turn,12.431283950805664,1787512246.959787
948,2782,p1,selection,174.18594360351562,1787512246.963705
948,2783,p1,selection,181.7090301513672,1787512246.9680486
948,2784,p1,selection,165.80076599121094,1787512246.9722817
948,947,p2,turn,10.445425033569336,1787512246.9846165
948,2782,p2,selection,121.26656341552734,1787512246.9889147
948,2783,p2,selection,192.65371704101562,1787512246.992903
948,2784,p2,selection,71.85734558105469,1787512246.9969006
949,948,p1,turn,5.638031959533691,1787512247.0249965
949,2785,p1,selection,142.90855407714844,1787512247.029713
949,2786,p1,selection,168.6336212158203,1787512247.034706
949,2787,p1,selection,168.15762329101562,1787512247.0395095
949,948,p2,turn,18.54300308227539,1787512247.053907
949,2785,p2,selection,136.5146026611328,1787512247.05862
949,2786,p2,selection,175.4132080078125,1787512247.0631757
949,2787,p2,selection,143.5567626953125,1787512247.0681427
950,949,p1,turn,8.37708568572998,1787512247.0947285
950,2788,p1,selection,124.95101165771484,1787512247.0993845
950,2789,p1,selection,159.9707794189453,1787512247.104108
950,2790,p1,selection,144.028076171875,1787512247.1086872
950,949,p2,turn,11.447388648986816,1787512247.1225739
950,2788,p2,selection,173.97218322753906,1787512247.1271045
950,2789,p2,selection,198.43490600585938,1787512247.1314921
950,2790,p2,selection,110.43733978271484,1787512247.1362915
951,950,p1,turn,12.41808032989502,1787512247.2187538
951,2791,p1,selection,183.0260009765625,1787512247.2226026
951,2792,p1,selection,144.63143920898438,1787512247.226277
951,2793,p1,selection,104.89592742919922,1787512247.229995
951,950,p2,turn,10.95368480682373,1787512247.2417617
951,2791,p2,selection,119.8915786743164,1787512247.2454495
951,2792,p2,selection,112.170654296875,1787512247.2491863
951,2793,p2,selection,159.7798309326172,1787512247.2531388
952,951,p1,turn,9.97524642944336,1787512247.2702408
952,2794,p1,selection,186.04969787597656,1787512247.273961
952,2795,p1,selection,138.77447509765625,1787512247.2776895
952,2796,p1,selection,170.5890350341797,1787512247.2816088
952,951,p2,turn,10.871537208557129,1787512247.293422
952,2794,p2,selection,106.30262756347656,1787512247.2971249
952,2795,p2,selection,196.0240478515625,1787512247.3010895
952,2796,p2,selection,115.60177612304688,1787512247.3049448
953,952,p1,turn,9.410371780395508,1787512247.3280907
953,2797,p1,selection,127.19049835205078,1787512247.3318074
953,2798,p1,selection,161.4244384765625,1787512247.335659
953,2799,p1,selection,175.92930603027344,1787512247.3395236
953,952,p2,turn,6.700599193572998,1787512247.3506057
953,2797,p2,selection,106.47755432128906,1787512247.354449
953,2798,p2,selection,143.26358032226562,1787512247.3582509
953,2799,p2,selection,132.05836486816406,1787512247.3619192
954,953,p1,turn,10.708992004394531,1787512247.3917606
954,2800,p1,selection,166.77291870117188,1787512247.395679
954,2801,p1,selection,177.41722106933594,1787512247.3993468
954,2802,p1,selection,182.14810180664062,1787512247.4032152
954,953,p2,turn,10.470148086547852,1787512247.4144676
954,2800,p2,selection,177.8338623046875,1787512247.4187062
954,2801,p2,selection,177.52134704589844,1787512247.4226193
954,2802,p2,selection,177.45193481445312,1787512247.4263487
955,954,p1,turn,11.61939811706543,1787512247.4485154
955,2803,p1,selection,191.54837036132812,1787512247.4525363
955,2804,p1,selection,181.64976501464844,1787512247.4563775
955,2805,p1,selection,127.45196533203125,1787512247.4600985
955,954,p2,turn,9.071765899658203,1787512247.4734488
955,2803,p2,selection,158.78399658203125,1787512247.4781628
955,2804,p2,selection,172.77932739257812,1787512247.4823546
955,2805,p2,selection,169.46429443359375,1787512247.4863605
956,955,p1,turn,14.673382759094238,1787512247.5149827
956,2806,p1,selection,161.54348754882812,1787512247.519003
956,2807,p1,selection,156.40359497070312,1787512247.5228567
956,2808,p1,selection,177.04727172851562,1787512247.526526
956,955,p2,turn,10.195188522338867,1787512247.5391285
956,2806,p2,selection,195.37869262695312,1787512247.5428455
956,2807,p2,selection,209.518310546875,1787512247.546495
956,2808,p2,selection,148.50770568847656,1787512247.5502179
957,956,p1,turn,14.0004243850708,1787512247.5678945
957,2809,p1,selection,198.6065216064453,1787512247.5717683
957,2810,p1,selection,155.64492797851562,1787512247.5754776
957,2811,p1,selection,187.39535522460938,1787512247.5792363
957,956,p2,turn,12.246356010437012,1787512247.5911937
957,2809,p2,selection,184.13735961914062,1787512247.5948975
957,2810,p2,selection,131.564453125,1787512247.5986052
957,2811,p2,selection,138.7165069580078,1787512247.6025758
958,957,p1,turn,11.744288444519043,1787512247.6302855
958,2812,p1,selection,201.35597229003906,1787512247.6348789
958,2813,p1,selection,168.94192504882812,1787512247.639399
958,2814,p1,selection,215.61331176757812,1787512247.6437774
958,957,p2,turn,9.73701286315918,1787512247.65726
958,2812,p2,selection,179.58355712890625,1787512247.6615155
958,2813,p2,selection,152.1994171142578,1787512247.6652627
958,2814,p2,selection,187.4907989501953,1787512247.669169
959,958,p1,turn,10.662474632263184,1787512247.696797
959,2815,p1,selection,122.84832763671875,1787512247.7013245
959,2816,p1,selection,227.95005798339844,1787512247.7058225
959,2817,p1,selection,193.8766632080078,1787512247.7105412
959,958,p2,turn,14.961156845092773,1787512247.7271736
959,2815,p2,selection,162.7246856689453,1787512247.730788
959,2816,p2,selection,181.23011779785156,1787512247.7347536
959,2817,p2,selection,156.44485473632812,1787512247.7386134
960,959,p1,turn,10.425451278686523,1787512247.7606857
960,2818,p1,selection,193.91812133789062,1787512247.7644136
960,2819,p1,selection,186.63119506835938,1787512247.7683952
960,2820,p1,selection,136.52976989746094,1787512247.7734542
960,959,p2,turn,14.621606826782227,1787512247.7850168
960,2818,p2,selection,120.6579818725586,1787512247.7889504
960,2819,p2,selection,199.5867462158203,1787512247.7927876
960,2820,p2,selection,183.86045837402344,1787512247.7964554
961,960,p1,turn,12.709272384643555,1787512247.814649
961,2821,p1,selection,190.40757751464844,1787512247.8185327
961,2822,p1,selection,158.49163818359375,1787512247.8223588
961,2823,p1,selection,135.67446899414062,1787512247.8260324
961,960,p2,turn,10.752198219299316,1787512247.8379624
961,2821,p2,selection,134.874267578125,1787512247.8416264
961,2822,p2,selection,172.92483520507812,1787512247.845236
961,2823,p2,selection,132.28448486328125,1787512247.8488655
962,961,p1,turn,9.60033130645752,1787512247.8707705
962,2824,p1,selection,161.7948760986328,1787512247.874522
962,2825,p1,selection,168.368896484375,1787512247.8781765
962,2826,p1,selection,184.00083923339844,1787512247.881883
962,961,p2,turn,10.478438377380371,1787512247.8935454
962,2824,p2,selection,124.8960189819336,1787512247.8972306
962,2825,p2,selection,147.7826385498047,1787512247.9010348
962,2826,p2,selection,181.9633026123047,1787512247.9047985
963,962,p1,turn,8.80630874633789,1787512247.9286387
963,2827,p1,selection,161.78179931640625,1787512247.932376
963,2828,p1,selection,200.74774169921875,1787512247.9362195
963,2829,p1,selection,114.2510986328125,1787512247.940027
963,962,p2,turn,12.1272554397583,1787512247.9515574
963,2827,p2,selection,135.28306579589844,1787512247.9553897
963,2828,p2,selection,170.27963256835938,1787512247.959201
963,2829,p2,selection,87.54035949707031,1787512247.9629815
964,963,p1,turn,6.680398941040039,1787512247.992817
964,2830,p1,selection,140.5372772216797,1787512247.996512
964,2831,p1,selection,167.78121948242188,1787512248.0003295
964,2832,p1,selection,161.23129272460938,1787512248.0042298
964,963,p2,turn,14.105284690856934,1787512248.0155497
964,2830,p2,selection,127.25016784667969,1787512248.019425
964,2831,p2,selection,176.6498565673828,1787512248.023257
964,2832,p2,selection,159.73681640625,1787512248.026929
965,964,p1,turn,6.6125264167785645,1787512248.058576
965,2833,p1,selection,171.6683349609375,1787512248.0622354
965,2834,p1,selection,157.7491912841797,1787512248.065914
965,2835,p1,selection,149.02601623535156,1787512248.0697813
965,964,p2,turn,7.949573516845703,1787512248.0809815
965,2833,p2,selection,152.6249237060547,1787512248.0851378
965,2834,p2,selection,145.63217163085938,1787512248.0889611
965,2835,p2,selection,186.39285278320312,1787512248.0926049
966,965,p1,turn,13.377768516540527,1787512248.1264558
966,2836,p1,selection,142.54425048828125,1787512248.1301453
966,2837,p1,selection,94.74862670898438,1787512248.1341438
966,2838,p1,selection,153.37692260742188,1787512248.1380007
966,965,p2,turn,10.10881519317627,1787512248.1491194
966,2836,p2,selection,173.45643615722656,1787512248.1530821
966,2837,p2,selection,138.06207275390625,1787512248.1568596
966,2838,p2,selection,163.2618408203125,1787512248.1604922
967,966,p1,turn,7.5500807762146,1787512248.1828508
967,2839,p1,selection,145.3867950439453,1787512248.1868477
967,2840,p1,selection,129.0933837890625,1787512248.1905496
967,2841,p1,selection,176.65121459960938,1787512248.194201
967,966,p2,turn,13.268654823303223,1787512248.2057292
967,2839,p2,selection,129.7857208251953,1787512248.209423
967,2840,p2,selection,161.7532958984375,1787512248.213096
967,2841,p2,selection,105.628662109375,1787512248.216942
968,967,p1,turn,13.371228218078613,1787512248.2412918
968,2842,p1,selection,141.66259765625,1787512248.2449794
968,2843,p1,selection,152.46888732910156,1787512248.2487006
968,2844,p1,selection,148.59498596191406,1787512248.2526505
968,967,p2,turn,10.471813201904297,1787512248.26418
968,2842,p2,selection,160.28973388671875,1787512248.2683
968,2843,p2,selection,205.8111572265625,1787512248.272085
968,2844,p2,selection,137.0329132080078,1787512248.2758262
969,968,p1,turn,10.048504829406738,1787512248.295607
969,2845,p1,selection,189.3323974609375,1787512248.300053
969,2846,p1,selection,265.8199768066406,1787512248.3047974
969,2847,p1,selection,182.44618225097656,1787512248.308987
969,968,p2,turn,10.269501686096191,1787512248.320599
969,2845,p2,selection,123.00777435302734,1787512248.3244324
969,2846,p2,selection,118.1209716796875,1787512248.3280709
969,2847,p2,selection,173.9082794189453,1787512248.3317306
970,969,p1,turn,20.591341018676758,1787512248.3483596
970,2848,p1,selection,204.28433227539062,1787512248.3523052
970,2849,p1,selection,117.7380599975586,1787512248.3561628
970,2850,p1,selection,130.0980224609375,1787512248.3600132
970,969,p2,turn,9.775114059448242,1787512248.371823
970,2848,p2,selection,128.79685974121094,1787512248.3754492
970,2849,p2,selection,160.65243530273438,1787512248.3791022
970,2850,p2,selection,124.84634399414062,1787512248.38296
971,970,p1,turn,13.714434623718262,1787512248.4021568
971,2851,p1,selection,226.96775817871094,1787512248.4059873
971,2852,p1,selection,247.13348388671875,1787512248.409771
971,2853,p1,selection,156.26007080078125,1787512248.4136767
971,970,p2,turn,14.640636444091797,1787512248.425827
971,2851,p2,selection,125.90794372558594,1787512248.4296618
971,2852,p2,selection,167.88888549804688,1787512248.433531
971,2853,p2,selection,173.4581298828125,1787512248.4376686
972,971,p1,turn,9.560223579406738,1787512248.4600108
972,2854,p1,selection,166.51602172851562,1787512248.463803
972,2855,p1,selection,207.20997619628906,1787512248.467917
972,2856,p1,selection,164.2669677734375,1787512248.4719937
972,971,p2,turn,12.445881843566895,1787512248.483969
972,2854,p2,selection,184.83438110351562,1787512248.4881737
972,2855,p2,selection,152.7246856689453,1787512248.4921606
972,2856,p2,selection,182.1649169921875,1787512248.4959598
973,972,p1,turn,7.1515116691589355,1787512248.5149512
973,2857,p1,selection,192.79473876953125,1787512248.5191233
973,2858,p1,selection,162.37989807128906,1787512248.5230246
973,2859,p1,selection,199.45367431640625,1787512248.5270083
973,972,p2,turn,10.14432144165039,1787512248.5395224
973,2857,p2,selection,182.44082641601562,1787512248.5433748
973,2858,p2,selection,137.7576904296875,1787512248.547224
973,2859,p2,selection,133.0269317626953,1787512248.551695
974,973,p1,turn,11.843317985534668,1787512248.58636
974,2860,p1,selection,151.91180419921875,1787512248.590431
974,2861,p1,selection,160.38636779785156,1787512248.594367
974,2862,p1,selection,199.04180908203125,1787512248.5984442
974,973,p2,turn,8.848624229431152,1787512248.6110547
974,2860,p2,selection,105.32450866699219,1787512248.6151419
974,2861,p2,selection,146.82334899902344,1787512248.6193466
974,2862,p2,selection,141.85813903808594,1787512248.6236212
975,974,p1,turn,11.690959930419922,1787512248.645909
975,2863,p1,selection,158.43287658691406,1787512248.650384
975,2864,p1,selection,184.28106689453125,1787512248.6549547
975,2865,p1,selection,164.6310577392578,1787512248.6590507
975,974,p2,turn,14.289026260375977,1787512248.671803
975,2863,p2,selection,164.58798217773438,1787512248.6758928
975,2864,p2,selection,178.2613067626953,1787512248.6801848
975,2865,p2,selection,179.0965118408203,1787512248.6846988
976,975,p1,turn,11.75651741027832,1787512248.712415
976,2866,p1,selection,155.29434204101562,1787512248.7175388
976,2867,p1,selection,163.17849731445312,1787512248.7220645
976,2868,p1,selection,161.46046447753906,1787512248.7264104
976,975,p2,turn,11.020703315734863,1787512248.741459
976,2866,p2,selection,146.6404266357422,1787512248.7461686
976,2867,p2,selection,164.96900939941406,1787512248.75062
976,2868,p2,selection,192.56784057617188,1787512248.756667
977,976,p1,turn,12.823783874511719,1787512248.8435845
977,2869,p1,selection,149.35948181152344,1787512248.84745
977,2870,p1,selection,166.87750244140625,1787512248.851643
977,2871,p1,selection,186.58389282226562,1787512248.8562546
977,976,p2,turn,12.179952621459961,1787512248.8682752
977,2869,p2,selection,164.8465576171875,1787512248.8723145
977,2870,p2,selection,159.7244110107422,1787512248.8761172
977,2871,p2,selection,195.26663208007812,1787512248.8799725
978,977,p1,turn,13.134973526000977,1787512248.9126809
978,2872,p1,selection,211.81382751464844,1787512248.9165606
978,2873,p1,selection,148.55921936035156,1787512248.920842
978,2874,p1,selection,133.52432250976562,1787512248.9247453
978,977,p2,turn,11.402064323425293,1787512248.937024
978,2872,p2,selection,87.44583129882812,1787512248.9412596
978,2873,p2,selection,124.24906921386719,1787512248.9452095
978,2874,p2,selection,139.4089813232422,1787512248.9492593
979,978,p1,turn,9.870050430297852,1787512248.9721024
979,2875,p1,selection,161.35586547851562,1787512248.976015
979,2876,p1,selection,170.48281860351562,1787512248.9801555
979,2877,p1,selection,180.5283203125,1787512248.9845974
979,978,p2,turn,8.269437789916992,1787512248.9967601
979,2875,p2,selection,164.12677001953125,1787512249.001143
979,2876,p2,selection,122.02818298339844,1787512249.0053647
979,2877,p2,selection,162.18223571777344,1787512249.0094295
980,979,p1,turn,9.868339538574219,1787512249.0326018
980,2878,p1,selection,162.14505004882812,1787512249.0365894
980,2879,p1,selection,309.208740234375,1787512249.0405133
980,2880,p1,selection,205.46759033203125,1787512249.044329
980,979,p2,turn,10.768914222717285,1787512249.0564368
980,2878,p2,selection,132.35877990722656,1787512249.0604053
980,2879,p2,selection,146.45465087890625,1787512249.0660107
980,2880,p2,selection,152.94871520996094,1787512249.070931
981,980,p1,turn,12.002670288085938,1787512249.091617
981,2881,p1,selection,143.4122772216797,1787512249.095525
981,2882,p1,selection,169.1847381591797,1787512249.099319
981,2883,p1,selection,138.51889038085938,1787512249.103598
981,980,p2,turn,10.790242195129395,1787512249.1155267
981,2881,p2,selection,165.22482299804688,1787512249.1202762
981,2882,p2,selection,155.60682678222656,1787512249.124977
981,2883,p2,selection,145.08547973632812,1787512249.129547
982,981,p1,turn,7.446099281311035,1787512249.149902
982,2884,p1,selection,187.83042907714844,1787512249.1549125
982,2885,p1,selection,209.70997619628906,1787512249.1596625
982,2886,p1,selection,147.24392700195312,1787512249.1634173
982,981,p2,turn,9.68048095703125,1787512249.177191
982,2884,p2,selection,167.26356506347656,1787512249.181729
982,2885,p2,selection,156.55897521972656,1787512249.1863484
982,2886,p2,selection,124.53392028808594,1787512249.19089
983,982,p1,turn,9.732049942016602,1787512249.2075443
983,2887,p1,selection,163.8056640625,1787512249.2111886
983,2888,p1,selection,191.31088256835938,1787512249.2148383
983,2889,p1,selection,161.44610595703125,1787512249.2188573
983,982,p2,turn,12.08842658996582,1787512249.2303634
983,2887,p2,selection,170.14718627929688,1787512249.2344394
983,2888,p2,selection,158.47824096679688,1787512249.2382925
983,2889,p2,selection,120.23394012451172,1787512249.2419608
984,983,p1,turn,13.787513732910156,1787512249.2787044
984,2890,p1,selection,200.20785522460938,1787512249.283138
984,2891,p1,selection,159.65194702148438,1787512249.2878065
984,2892,p1,selection,162.6781768798828,1787512249.2922473
984,983,p2,turn,8.641365051269531,1787512249.3041046
984,2890,p2,selection,203.07215881347656,1787512249.3078723
984,2891,p2,selection,158.1935272216797,1787512249.3115537
984,2892,p2,selection,172.0508575439453,1787512249.315199
985,984,p1,turn,10.40578556060791,1787512249.3356698
985,2893,p1,selection,163.8770751953125,1787512249.3394892
985,2894,p1,selection,178.82376098632812,1787512249.3432014
985,2895,p1,selection,156.85650634765625,1787512249.3468304
985,984,p2,turn,14.500275611877441,1787512249.3585875
985,2893,p2,selection,150.49818420410156,1787512249.3622906
985,2894,p2,selection,138.1404571533203,1787512249.3659422
985,2895,p2,selection,162.71786499023438,1787512249.3698788
986,985,p1,turn,10.260673522949219,1787512249.4423487
986,2896,p1,selection,196.1147918701172,1787512249.446032
986,2897,p1,selection,189.13177490234375,1787512249.4498177
986,2898,p1,selection,144.5354461669922,1787512249.4539008
986,985,p2,turn,11.051880836486816,1787512249.4653225
986,2896,p2,selection,124.57147216796875,1787512249.4693844
986,2897,p2,selection,224.00613403320312,1787512249.4732425
986,2898,p2,selection,139.94615173339844,1787512249.476897
987,986,p1,turn,9.166618347167969,1787512249.4946306
987,2899,p1,selection,119.0672378540039,1787512249.498355
987,2900,p1,selection,187.134033203125,1787512249.502683
987,2901,p1,selection,187.88388061523438,1787512249.5065742
987,986,p2,turn,11.643143653869629,1787512249.5194867
987,2899,p2,selection,101.89279174804688,1787512249.5243845
987,2900,p2,selection,139.37709045410156,1787512249.5294664
987,2901,p2,selection,125.85090637207031,1787512249.5343382
988,987,p1,turn,12.90848159790039,1787512249.5590713
988,2902,p1,selection,206.9935302734375,1787512249.5628827
988,2903,p1,selection,188.21890258789062,1787512249.56663
988,2904,p1,selection,195.30429077148438,1787512249.5706131
988,987,p2,turn,10.173765182495117,1787512249.5822232
988,2902,p2,selection,204.06121826171875,1787512249.5863647
988,2903,p2,selection,90.01148986816406,1787512249.5904627
988,2904,p2,selection,134.96096801757812,1787512249.594481
989,988,p1,turn,12.977546691894531,1787512249.6147377
989,2905,p1,selection,171.4003143310547,1787512249.6186333
989,2906,p1,selection,171.7280731201172,1787512249.6225045
989,2907,p1,selection,132.38804626464844,1787512249.6262405
989,988,p2,turn,13.04908275604248,1787512249.6374383
989,2905,p2,selection,128.9142303466797,1787512249.641174
989,2906,p2,selection,221.95550537109375,1787512249.6447954
989,2907,p2,selection,148.23245239257812,1787512249.6488903
990,989,p1,turn,8.551504135131836,1787512249.672541
990,2908,p1,selection,145.44094848632812,1787512249.6762753
990,2909,p1,selection,143.4421844482422,1787512249.6799083
990,2910,p1,selection,185.43515014648438,1787512249.6838489
990,989,p2,turn,12.957139015197754,1787512249.6948755
990,2908,p2,selection,167.48587036132812,1787512249.6986644
990,2909,p2,selection,172.79771423339844,1787512249.70247
990,2910,p2,selection,160.14413452148438,1787512249.706301
991,990,p1,turn,10.647913932800293,1787512249.7252345
991,2911,p1,selection,162.8588409423828,1787512249.7289722
991,2912,p1,selection,205.9518585205078,1787512249.7327507
991,2913,p1,selection,132.69534301757812,1787512249.7366736
991,990,p2,turn,14.491695404052734,1787512249.7484236
991,2911,p2,selection,166.09031677246094,1787512249.7523077
991,2912,p2,selection,141.3658447265625,1787512249.7561815
991,2913,p2,selection,141.37664794921875,1787512249.7600348
992,991,p1,turn,6.8049116134643555,1787512249.7799258
992,2914,p1,selection,111.76687622070312,1787512249.7837005
992,2915,p1,selection,203.468994140625,1787512249.7875712
992,2916,p1,selection,148.21884155273438,1787512249.7912078
992,991,p2,turn,7.699309349060059,1787512249.8028595
992,2914,p2,selection,107.80071258544922,1787512249.8066175
992,2915,p2,selection,140.0618133544922,1787512249.8102865
992,2916,p2,selection,108.3881607055664,1787512249.8139365
993,992,p1,turn,9.473161697387695,1787512249.8862624
993,2917,p1,selection,143.56472778320312,1787512249.8903542
993,2918,p1,selection,109.82091522216797,1787512249.8942432
993,2919,p1,selection,103.1055908203125,1787512249.898026
993,992,p2,turn,7.563673496246338,1787512249.9097104
993,2917,p2,selection,138.9942626953125,1787512249.913484
993,2918,p2,selection,188.2464599609375,1787512249.9173772
993,2919,p2,selection,145.78868103027344,1787512249.9213142
994,993,p1,turn,8.367087364196777,1787512249.9446492
994,2920,p1,selection,169.35940551757812,1787512249.94832
994,2921,p1,selection,199.91226196289062,1787512249.9525473
994,2922,p1,selection,208.5298614501953,1787512249.9562862
994,993,p2,turn,10.167021751403809,1787512249.9676125
994,2920,p2,selection,171.00274658203125,1787512249.9713974
994,2921,p2,selection,142.99269104003906,1787512249.975061
994,2922,p2,selection,159.84242248535156,1787512249.9786823
995,994,p1,turn,10.28816032409668,1787512250.000447
995,2923,p1,selection,138.22940063476562,1787512250.0043511
995,2924,p1,selection,171.3411865234375,1787512250.0080812
995,2925,p1,selection,150.65524291992188,1787512250.0117688
995,994,p2,turn,6.780134201049805,1787512250.0233269
995,2923,p2,selection,146.12586975097656,1787512250.0270503
995,2924,p2,selection,175.6097412109375,1787512250.030794
995,2925,p2,selection,158.76168823242188,1787512250.0348585
996,995,p1,turn,12.126405715942383,1787512250.053708
996,2926,p1,selection,175.80300903320312,1787512250.057456
996,2927,p1,selection,140.56497192382812,1787512250.0611537
996,2928,p1,selection,159.94293212890625,1787512250.06484
996,995,p2,turn,8.576708793640137,1787512250.076538
996,2926,p2,selection,144.21124267578125,1787512250.080249
996,2927,p2,selection,148.01695251464844,1787512250.0841918
996,2928,p2,selection,114.48941040039062,1787512250.0879934
997,996,p1,turn,14.547115325927734,1787512250.1139002
997,2929,p1,selection,131.04544067382812,1787512250.1178088
997,2930,p1,selection,172.5266876220703,1787512250.1215844
997,2931,p1,selection,184.36395263671875,1787512250.125207
997,996,p2,turn,9.53234577178955,1787512250.1368
997,2929,p2,selection,178.21102905273438,1787512250.1405394
997,2930,p2,selection,181.56214904785156,1787512250.1441782
997,2931,p2,selection,124.22706604003906,1787512250.14782
998,997,p1,turn,16.46446990966797,1787512250.1655447
998,2932,p1,selection,229.10260009765625,1787512250.1693714
998,2933,p1,selection,146.85728454589844,1787512250.173162
998,2934,p1,selection,204.58460998535156,1787512250.1768706
998,997,p2,turn,11.061159133911133,1787512250.1888022
998,2932,p2,selection,180.45358276367188,1787512250.193433
998,2933,p2,selection,137.0919189453125,1787512250.1978436
998,2934,p2,selection,137.56268310546875,1787512250.2023644
999,998,p1,turn,13.335943222045898,1787512250.24053
999,2935,p1,selection,180.3426513671875,1787512250.244248
999,2936,p1,selection,170.1795196533203,1787512250.2479806
999,2937,p1,selection,149.75001525878906,1787512250.2523055
999,998,p2,turn,10.898550987243652,1787512250.2660556
999,2935,p2,selection,145.39071655273438,1787512250.2707076
999,2936,p2,selection,143.58998107910156,1787512250.27513
999,2937,p2,selection,186.53619384765625,1787512250.279499
1000,999,p1,turn,12.867854118347168,1787512250.327502
1000,2938,p1,selection,142.50601196289062,1787512250.3312511
1000,2939,p1,selection,152.4545135498047,1787512250.3356237
1000,2940,p1,selection,188.83172607421875,1787512250.34017
1000,999,p2,turn,11.291717529296875,1787512250.352609
1000,2938,p2,selection,190.14248657226562,1787512250.3564184
1000,2939,p2,selection,75.9197769165039,1787512250.360165
1000,2940,p2,selection,113.89330291748047,1787512250.363904
1001,1000,p1,turn,11.204951286315918,1787512250.398138
1001,2941,p1,selection,239.74871826171875,1787512250.4034715
1001,2942,p1,selection,206.65145874023438,1787512250.408394
1001,2943,p1,selection,126.51087951660156,1787512250.4133637
1001,1000,p2,turn,12.917787551879883,1787512250.4286604
1001,2941,p2,selection,103.58133697509766,1787512250.433527
1001,2942,p2,selection,168.8854217529297,1787512250.4386852
1001,2943,p2,selection,131.98410034179688,1787512250.4434373
1002,1001,p1,turn,11.736161231994629,1787512250.475712
1002,2944,p1,selection,183.46920776367188,1787512250.4796224
1002,2945,p1,selection,141.7136993408203,1787512250.4839563
1002,2946,p1,selection,221.38580322265625,1787512250.4895465
1002,1001,p2,turn,8.005672454833984,1787512250.5046208
1002,2944,p2,selection,167.3754119873047,1787512250.509394
1002,2945,p2,selection,124.46824645996094,1787512250.5140398
1002,2946,p2,selection,205.3006591796875,1787512250.5194461
1003,1002,p1,turn,10.663833618164062,1787512250.5873353
1003,2947,p1,selection,199.31175231933594,1787512250.592509
1003,2948,p1,selection,171.68392944335938,1787512250.5974066
1003,2949,p1,selection,237.4254608154297,1787512250.6035638
1003,1002,p2,turn,12.586833000183105,1787512250.6211805
1003,2947,p2,selection,127.60453796386719,1787512250.6254523
1003,2948,p2,selection,163.82589721679688,1787512250.6295385
1003,2949,p2,selection,158.2923583984375,1787512250.6356993
1004,1003,p1,turn,10.051592826843262,1787512250.663237
1004,2950,p1,selection,146.59320068359375,1787512250.669114
1004,2951,p1,selection,167.29949951171875,1787512250.6748455
1004,2952,p1,selection,163.69296264648438,1787512250.6800766
1004,1003,p2,turn,12.185296058654785,1787512250.6957405
1004,2950,p2,selection,161.4969482421875,1787512250.7010252
1004,2951,p2,selection,90.28766632080078,1787512250.70611
1004,2952,p2,selection,125.63642120361328,1787512250.7111492
1005,1004,p1,turn,14.212262153625488,1787512250.735915
1005,2953,p1,selection,163.94386291503906,1787512250.7413683
1005,2954,p1,selection,176.3570098876953,1787512250.7464535
1005,2955,p1,selection,136.69155883789062,1787512250.75191
1005,1004,p2,turn,10.856718063354492,1787512250.7681227
1005,2953,p2,selection,168.15855407714844,1787512250.773427
1005,2954,p2,selection,165.31185913085938,1787512250.779009
1005,2955,p2,selection,199.3821258544922,1787512250.7846646
1006,1005,p1,turn,8.435835838317871,1787512250.853508
1006,2956,p1,selection,238.72764587402344,1787512250.8592076
1006,2957,p1,selection,178.75820922851562,1787512250.8647664
1006,2958,p1,selection,147.020751953125,1787512250.8712835
1006,1005,p2,turn,9.564057350158691,1787512250.8884444
1006,2956,p2,selection,152.16929626464844,1787512250.8932087
1006,2957,p2,selection,157.85435485839844,1787512250.8986535
1006,2958,p2,selection,91.27422332763672,1787512250.9035153
1007,1006,p1,turn,11.496800422668457,1787512250.9359925
1007,2959,p1,selection,163.06643676757812,1787512250.9420865
1007,2960,p1,selection,158.86631774902344,1787512250.946399
1007,2961,p1,selection,173.81480407714844,1787512250.9515293
1007,1006,p2,turn,8.688492774963379,1787512250.9691868
1007,2959,p2,selection,108.98814392089844,1787512250.9734895
1007,2960,p2,selection,153.529296875,1787512250.9779534
1007,2961,p2,selection,149.19363403320312,1787512250.982263
1008,1007,p1,turn,12.808228492736816,1787512251.0162282
1008,2962,p1,selection,215.71836853027344,1787512251.0216918
1008,2963,p1,selection,165.55136108398438,1787512251.0270257
1008,2964,p1,selection,122.57688903808594,1787512251.0326219
1008,1007,p2,turn,10.881806373596191,1787512251.0469384
1008,2962,p2,selection,114.27205657958984,1787512251.051394
1008,2963,p2,selection,212.92999267578125,1787512251.055873
1008,2964,p2,selection,164.22802734375,1787512251.0605254
1009,1008,p1,turn,10.479467391967773,1787512251.0983195
1009,2965,p1,selection,199.45240783691406,1787512251.1027956
1009,2966,p1,selection,183.208251953125,1787512251.1070483
1009,2967,p1,selection,212.4488525390625,1787512251.112017
1009,1008,p2,turn,6.647518157958984,1787512251.1243067
1009,2965,p2,selection,128.34957885742188,1787512251.1283765
1009,2966,p2,selection,111.38277435302734,1787512251.1326838
1009,2967,p2,selection,141.14727783203125,1787512251.1371648
1010,1009,p1,turn,8.807533264160156,1787512251.166371
1010,2968,p1,selection,210.74533081054688,1787512251.1716967
1010,2969,p1,selection,232.27935791015625,1787512251.1767373
1010,2970,p1,selection,244.5748291015625,1787512251.1820195
1010,1009,p2,turn,9.413167953491211,1787512251.197596
1010,2968,p2,selection,197.6345977783203,1787512251.2025166
1010,2969,p2,selection,175.53591918945312,1787512251.2072592
1010,2970,p2,selection,153.18443298339844,1787512251.2111828
1011,1010,p1,turn,12.058375358581543,1787512251.2284067
1011,2971,p1,selection,182.2603302001953,1787512251.232224
1011,2972,p1,selection,195.31414794921875,1787512251.2361522
1011,2973,p1,selection,187.1326904296875,1787512251.2401042
1011,1010,p2,turn,9.241765022277832,1787512251.2522414
1011,2971,p2,selection,124.77655029296875,1787512251.25643
1011,2972,p2,selection,119.02468872070312,1787512251.2603972
1011,2973,p2,selection,163.51747131347656,1787512251.2643137
1012,1011,p1,turn,12.558711051940918,1787512251.2841017
1012,2974,p1,selection,166.026123046875,1787512251.2889454
1012,2975,p1,selection,169.9276885986328,1787512251.293549
1012,2976,p1,selection,238.50926208496094,1787512251.298125
1012,1011,p2,turn,7.532727241516113,1787512251.3125248
1012,2974,p2,selection,131.3670654296875,1787512251.3172424
1012,2975,p2,selection,206.71755981445312,1787512251.3219461
1012,2976,p2,selection,175.61180114746094,1787512251.3265908
1013,1012,p1,turn,8.616120338439941,1787512251.349691
1013,2977,p1,selection,165.4815673828125,1787512251.354572
1013,2978,p1,selection,106.47848510742188,1787512251.3592088
1013,2979,p1,selection,128.9857635498047,1787512251.3638558
1013,1012,p2,turn,15.200860023498535,1787512251.3782694
1013,2977,p2,selection,147.76736450195312,1787512251.382863
1013,2978,p2,selection,191.8609619140625,1787512251.3876975
1013,2979,p2,selection,154.5634002685547,1787512251.39226
1014,1013,p1,turn,13.066349029541016,1787512251.4232237
1014,2980,p1,selection,229.917236328125,1787512251.4279163
1014,2981,p1,selection,139.38072204589844,1787512251.43242
1014,2982,p1,selection,155.89889526367188,1787512251.4371648
1014,1013,p2,turn,11.508917808532715,1787512251.451813
1014,2980,p2,selection,139.36392211914062,1787512251.456523
1014,2981,p2,selection,106.45429229736328,1787512251.461101
1014,2982,p2,selection,128.38072204589844,1787512251.465689
1015,1014,p1,turn,16.50338363647461,1787512251.5203652
1015,2983,p1,selection,117.18598937988281,1787512251.524229
1015,2984,p1,selection,153.3477020263672,1787512251.5279589
1015,2985,p1,selection,252.42514038085938,1787512251.5317235
1015,1014,p2,turn,9.646778106689453,1787512251.5432336
1015,2983,p2,selection,122.54901123046875,1787512251.5470498
1015,2984,p2,selection,104.40287780761719,1787512251.551628
1015,2985,p2,selection,171.5830535888672,1787512251.5564384
1016,1015,p1,turn,13.377435684204102,1787512251.577865
1016,2986,p1,selection,183.16677856445312,1787512251.5823913
1016,2987,p1,selection,201.15855407714844,1787512251.5875282
1016,2988,p1,selection,194.75376892089844,1787512251.5928087
1016,1015,p2,turn,8.59351921081543,1787512251.606133
1016,2986,p2,selection,148.9503631591797,1787512251.6101265
1016,2987,p2,selection,114.98470306396484,1787512251.6141906
1016,2988,p2,selection,131.10269165039062,1787512251.6183808
1017,1016,p1,turn,8.73897647857666,1787512251.6441674
1017,2989,p1,selection,252.47879028320312,1787512251.648078
1017,2990,p1,selection,170.92210388183594,1787512251.652147
1017,2991,p1,selection,141.6024169921875,1787512251.6561244
1017,1016,p2,turn,15.478994369506836,1787512251.668341
1017,2989,p2,selection,123.78695678710938,1787512251.6722798
1017,2990,p2,selection,172.9445343017578,1787512251.6761484
1017,2991,p2,selection,158.3360137939453,1787512251.6799657
1018,1017,p1,turn,7.383232116699219,1787512251.7060063
1018,2992,p1,selection,187.96139526367188,1787512251.7111645
1018,2993,p1,selection,138.6012420654297,1787512251.7152135
1018,2994,p1,selection,174.95654296875,1787512251.7191505
1018,1017,p2,turn,8.34850025177002,1787512251.7305644
1018,2992,p2,selection,127.72373962402344,1787512251.7345026
1018,2993,p2,selection,156.69207763671875,1787512251.7383225
1018,2994,p2,selection,131.65570068359375,1787512251.7422528
1019,1018,p1,turn,8.653297424316406,1787512251.7602067
1019,2995,p1,selection,170.87522888183594,1787512251.7638607
1019,2996,p1,selection,155.9239959716797,1787512251.7682352
1019,2997,p1,selection,142.01739501953125,1787512251.7720754
1019,1018,p2,turn,11.095544815063477,1787512251.7846951
1019,2995,p2,selection,167.8006134033203,1787512251.7889597
1019,2996,p2,selection,177.5293426513672,1787512251.792684
1019,2997,p2,selection,154.27798461914062,1787512251.796361
1020,1019,p1,turn,10.302713394165039,1787512251.8459551
1020,2998,p1,selection,147.52218627929688,1787512251.8497896
1020,2999,p1,selection,193.33876037597656,1787512251.8545926
1020,3000,p1,selection,164.24298095703125,1787512251.8593738
1020,1019,p2,turn,10.142657279968262,1787512251.872834
1020,2998,p2,selection,148.21591186523438,1787512251.8774664
1020,2999,p2,selection,136.1952362060547,1787512251.882149
1020,3000,p2,selection,165.51223754882812,1787512251.8871758
1021,1020,p1,turn,9.330570220947266,1787512251.9132488
1021,3001,p1,selection,240.64822387695312,1787512251.9183595
1021,3002,p1,selection,228.77297973632812,1787512251.922225
1021,3003,p1,selection,141.6162109375,1787512251.9258742
1021,1020,p2,turn,11.206090927124023,1787512251.9371805
1021,3001,p2,selection,111.48798370361328,1787512251.9409778
1021,3002,p2,selection,174.77542114257812,1787512251.944692
1021,3003,p2,selection,207.90487670898438,1787512251.9483223
1022,1021,p1,turn,11.507547378540039,1787512251.9784553
1022,3004,p1,selection,225.02719116210938,1787512251.982906
1022,3005,p1,selection,199.42169189453125,1787512251.987641
1022,3006,p1,selection,163.197509765625,1787512251.9921668
1022,1021,p2,turn,13.846273422241211,1787512252.0062654
1022,3004,p2,selection,160.8193359375,1787512252.0099666
1022,3005,p2,selection,122.32716369628906,1787512252.013579
1022,3006,p2,selection,132.21804809570312,1787512252.0177028
1023,1022,p1,turn,9.05972957611084,1787512252.0380907
1023,3007,p1,selection,163.06988525390625,1787512252.0420656
1023,3008,p1,selection,174.40081787109375,1787512252.0458379
1023,3009,p1,selection,191.9476318359375,1787512252.0496292
1023,1022,p2,turn,10.9937105178833,1787512252.062006
1023,3007,p2,selection,169.28538513183594,1787512252.0658128
1023,3008,p2,selection,141.89059448242188,1787512252.0697732
1023,3009,p2,selection,146.55996704101562,1787512252.073671
1024,1023,p1,turn,10.81289005279541,1787512252.1001196
1024,3010,p1,selection,216.31712341308594,1787512252.1049345
1024,3011,p1,selection,201.34625244140625,1787512252.109352
1024,3012,p1,selection,174.29269409179688,1787512252.1137578
1024,1023,p2,turn,10.79928207397461,1787512252.1275387
1024,3010,p2,selection,147.62139892578125,1787512252.131981
1024,3011,p2,selection,139.60035705566406,1787512252.1365764
1024,3012,p2,selection,128.0480194091797,1787512252.140991
1025,1024,p1,turn,6.708476543426514,1787512252.1747558
1025,3013,p1,selection,187.6516571044922,1787512252.1784463
1025,3014,p1,selection,123.6014404296875,1787512252.1820877
1025,3015,p1,selection,185.24325561523438,1787512252.1859365
1025,1024,p2,turn,14.34579086303711,1787512252.1970537
1025,3013,p2,selection,159.1934814453125,1787512252.200889
1025,3014,p2,selection,140.3971710205078,1787512252.2046485
1025,3015,p2,selection,143.65773010253906,1787512252.208304
1026,1025,p1,turn,7.670239448547363,1787512252.2323754
1026,3016,p1,selection,190.05209350585938,1787512252.236302
1026,3017,p1,selection,153.7630157470703,1787512252.2400692
1026,3018,p1,selection,185.38926696777344,1787512252.2437975
1026,1025,p2,turn,8.04576587677002,1787512252.2554085
1026,3016,p2,selection,149.25482177734375,1787512252.2590616
1026,3017,p2,selection,120.23384094238281,1787512252.2627897
1026,3018,p2,selection,207.73011779785156,1787512252.2664745
1027,1026,p1,turn,12.952413558959961,1787512252.2876673
1027,3019,p1,selection,155.2039337158203,1787512252.292323
1027,3020,p1,selection,139.37152099609375,1787512252.2968862
1027,3021,p1,selection,157.49722290039062,1787512252.3017163
1027,1026,p2,turn,10.112529754638672,1787512252.3134696
1027,3019,p2,selection,172.84927368164062,1787512252.3173854
1027,3020,p2,selection,130.69064331054688,1787512252.32127
1027,3021,p2,selection,142.64932250976562,1787512252.324956
1028,1027,p1,turn,12.217045783996582,1787512252.341454
1028,3022,p1,selection,167.43698120117188,1787512252.3451433
1028,3023,p1,selection,126.73681640625,1787512252.348808
1028,3024,p1,selection,164.04627990722656,1787512252.352624
1028,1027,p2,turn,7.426977634429932,1787512252.363982
1028,3022,p2,selection,147.66978454589844,1787512252.3680336
1028,3023,p2,selection,111.93159484863281,1787512252.3718734
1028,3024,p2,selection,118.53279113769531,1787512252.3755484
1029,1028,p1,turn,9.343114852905273,1787512252.391762
1029,3025,p1,selection,142.84426879882812,1787512252.395416
1029,3026,p1,selection,180.2666015625,1787512252.3994184
1029,3027,p1,selection,177.72756958007812,1787512252.4034197
1029,1028,p2,turn,8.761045455932617,1787512252.4151292
1029,3025,p2,selection,104.33918762207031,1787512252.419143
1029,3026,p2,selection,156.1445770263672,1787512252.423093
1029,3027,p2,selection,122.85893249511719,1787512252.4270694
1030,1029,p1,turn,9.942253112792969,1787512252.4481823
1030,3028,p1,selection,206.31492614746094,1787512252.452394
1030,3029,p1,selection,209.1245574951172,1787512252.456493
1030,3030,p1,selection,170.3019561767578,1787512252.4606557
1030,1029,p2,turn,7.774852752685547,1787512252.4728034
1030,3028,p2,selection,113.51366424560547,1787512252.4768572
1030,3029,p2,selection,203.75775146484375,1787512252.48077
1030,3030,p2,selection,180.95138549804688,1787512252.4849577
1031,1030,p1,turn,8.698688507080078,1787512252.5077314
1031,3031,p1,selection,169.47946166992188,1787512252.5117507
1031,3032,p1,selection,188.1854248046875,1787512252.5158045
1031,3033,p1,selection,121.98152160644531,1787512252.519976
1031,1030,p2,turn,9.178187370300293,1787512252.532201
1031,3031,p2,selection,141.8651123046875,1787512252.536282
1031,3032,p2,selection,163.5584259033203,1787512252.540434
1031,3033,p2,selection,167.64508056640625,1787512252.544506
1032,1031,p1,turn,10.924598693847656,1787512252.5926068
1032,3034,p1,selection,255.2059326171875,1787512252.597062
1032,3035,p1,selection,186.8199920654297,1787512252.6023176
1032,3036,p1,selection,171.0278778076172,1787512252.6065688
1032,1031,p2,turn,17.040470123291016,1787512252.618811
1032,3034,p2,selection,105.48365020751953,1787512252.6230013
1032,3035,p2,selection,162.2085723876953,1787512252.6269455
1032,3036,p2,selection,115.91439819335938,1787512252.6308734
1033,1032,p1,turn,16.04633140563965,1787512252.6673787
1033,3037,p1,selection,186.77154541015625,1787512252.6717575
1033,3038,p1,selection,189.3567352294922,1787512252.6764414
1033,3039,p1,selection,171.7344970703125,1787512252.6818378
1033,1032,p2,turn,8.025211334228516,1787512252.6957707
1033,3037,p2,selection,146.01255798339844,1787512252.7000883
1033,3038,p2,selection,147.6925506591797,1787512252.7044227
1033,3039,p2,selection,160.9622802734375,1787512252.7083094
1034,1033,p1,turn,9.19985580444336,1787512252.7267287
1034,3040,p1,selection,180.78932189941406,1787512252.7308068
1034,3041,p1,selection,183.4718017578125,1787512252.735208
1034,3042,p1,selection,146.3943328857422,1787512252.7398674
1034,1033,p2,turn,14.067306518554688,1787512252.7530026
1034,3040,p2,selection,125.94396209716797,1787512252.7572498
1034,3041,p2,selection,116.5372085571289,1787512252.7612672
1034,3042,p2,selection,154.41302490234375,1787512252.7664013
1035,1034,p1,turn,10.94163703918457,1787512252.7915223
1035,3043,p1,selection,201.07135009765625,1787512252.795913
1035,3044,p1,selection,198.71722412109375,1787512252.8001182
1035,3045,p1,selection,180.09185791015625,1787512252.805685
1035,1034,p2,turn,8.833148956298828,1787512252.8209906
1035,3043,p2,selection,170.11436462402344,1787512252.8250911
1035,3044,p2,selection,166.9854278564453,1787512252.8295634
1035,3045,p2,selection,158.76983642578125,1787512252.8356135
1036,1035,p1,turn,14.251554489135742,1787512252.873384
1036,3046,p1,selection,171.2168426513672,1787512252.878202
1036,3047,p1,selection,156.43362426757812,1787512252.883042
1036,3048,p1,selection,209.19784545898438,1787512252.8881552
1036,1035,p2,turn,11.176215171813965,1787512252.9034512
1036,3046,p2,selection,202.11679077148438,1787512252.9082253
1036,3047,p2,selection,146.21153259277344,1787512252.9129996
1036,3048,p2,selection,119.3478012084961,1787512252.9180748
1037,1036,p1,turn,9.431693077087402,1787512252.9522066
1037,3049,p1,selection,138.56942749023438,1787512252.9572241
1037,3050,p1,selection,165.20980834960938,1787512252.9624095
1037,3051,p1,selection,121.1008529663086,1787512252.9673443
1037,1036,p2,turn,16.418338775634766,1787512252.9819112
1037,3049,p2,selection,141.4938507080078,1787512252.9866388
1037,3050,p2,selection,217.43154907226562,1787512252.9916701
1037,3051,p2,selection,151.27719116210938,1787512252.9963582
1038,1037,p1,turn,10.236947059631348,1787512253.0203533
1038,3052,p1,selection,176.92906188964844,1787512253.0251317
1038,3053,p1,selection,183.05023193359375,1787512253.0300217
1038,3054,p1,selection,236.83592224121094,1787512253.0350804
1038,1037,p2,turn,11.18303394317627,1787512253.0484962
1038,3052,p2,selection,144.67361450195312,1787512253.0527046
1038,3053,p2,selection,131.12705993652344,1787512253.056815
1038,3054,p2,selection,111.81690979003906,1787512253.060747
1039,1038,p1,turn,8.296464920043945,1787512253.1235704
1039,3055,p1,selection,185.8579559326172,1787512253.1282227
1039,3056,p1,selection,196.90029907226562,1787512253.1320934
1039,3057,p1,selection,157.08663940429688,1787512253.1360505
1039,1038,p2,turn,11.209266662597656,1787512253.1481047
1039,3055,p2,selection,167.8005828857422,1787512253.152247
1039,3056,p2,selection,163.0178680419922,1787512253.156298
1039,3057,p2,selection,178.5035400390625,1787512253.161729
1040,1039,p1,turn,12.135826110839844,1787512253.2080767
1040,3058,p1,selection,137.2489013671875,1787512253.2125368
1040,3059,p1,selection,162.11558532714844,1787512253.216984
1040,3060,p1,selection,177.34617614746094,1787512253.2216182
1040,1039,p2,turn,10.572610855102539,1787512253.2352307
1040,3058,p2,selection,165.93804931640625,1787512253.23976
1040,3059,p2,selection,127.43064880371094,1787512253.2440946
1040,3060,p2,selection,205.31727600097656,1787512253.2478027
1041,1040,p1,turn,12.208908081054688,1787512253.2640762
1041,3061,p1,selection,163.4139862060547,1787512253.2680972
1041,3062,p1,selection,219.45863342285156,1787512253.2719064
1041,3063,p1,selection,172.31399536132812,1787512253.2755742
1041,1040,p2,turn,9.162994384765625,1787512253.287243
1041,3061,p2,selection,100.31324768066406,1787512253.2910306
1041,3062,p2,selection,123.4427261352539,1787512253.294692
1041,3063,p2,selection,85.913818359375,1787512253.298565
1042,1041,p1,turn,10.471417427062988,1787512253.3230634
1042,3064,p1,selection,163.3712615966797,1787512253.3267632
1042,3065,p1,selection,157.71563720703125,1787512253.330428
1042,3066,p1,selection,253.23001098632812,1787512253.3344116
1042,1041,p2,turn,8.84292984008789,1787512253.3457234
1042,3064,p2,selection,124.83841705322266,1787512253.3493917
1042,3065,p2,selection,134.4840850830078,1787512253.3533213
1042,3066,p2,selection,121.24664306640625,1787512253.3570764
1043,1042,p1,turn,12.48569393157959,1787512253.4082665
1043,3067,p1,selection,235.37506103515625,1787512253.411925
1043,3068,p1,selection,129.1992645263672,1787512253.4156156
1043,3069,p1,selection,188.19149780273438,1787512253.4193895
1043,1042,p2,turn,12.027886390686035,1787512253.431013
1043,3067,p2,selection,94.33992767333984,1787512253.4350283
1043,3068,p2,selection,103.575439453125,1787512253.4387786
1043,3069,p2,selection,189.47796630859375,1787512253.4424148
1044,1043,p1,turn,6.654297828674316,1787512253.463723
1044,3070,p1,selection,203.92881774902344,1787512253.467673
1044,3071,p1,selection,166.0101776123047,1787512253.471601
1044,3072,p1,selection,199.564208984375,1787512253.4752796
1044,1043,p2,turn,9.833059310913086,1787512253.4869912
1044,3070,p2,selection,129.38177490234375,1787512253.4907615
1044,3071,p2,selection,82.57879638671875,1787512253.4944906
1044,3072,p2,selection,148.86807250976562,1787512253.498165
1045,1044,p1,turn,14.28231430053711,1787512253.5164824
1045,3073,p1,selection,191.77696228027344,1787512253.5204375
1045,3074,p1,selection,201.37786865234375,1787512253.5242326
1045,3075,p1,selection,204.46986389160156,1787512253.5278382
1045,1044,p2,turn,12.680829048156738,1787512253.5392745
1045,3073,p2,selection,171.85691833496094,1787512253.5429645
1045,3074,p2,selection,153.21058654785156,1787512253.5465946
1045,3075,p2,selection,118.87997436523438,1787512253.5503752
1046,1045,p1,turn,10.417966842651367,1787512253.5750325
1046,3076,p1,selection,153.88134765625,1787512253.578721
1046,3077,p1,selection,229.8446807861328,1787512253.5824986
1046,3078,p1,selection,127.66444396972656,1787512253.586399
1046,1045,p2,turn,13.623719215393066,1787512253.5982463
1046,3076,p2,selection,125.38095092773438,1787512253.6023293
1046,3077,p2,selection,126.83163452148438,1787512253.6066496
1046,3078,p2,selection,154.91830444335938,1787512253.6105578
1047,1046,p1,turn,9.642744064331055,1787512253.639044
1047,3079,p1,selection,206.9722900390625,1787512253.6428335
1047,3080,p1,selection,191.8356475830078,1787512253.6465456
1047,3081,p1,selection,184.55343627929688,1787512253.6503341
1047,1046,p2,turn,13.023555755615234,1787512253.6619468
1047,3079,p2,selection,167.09170532226562,1787512253.6656406
1047,3080,p2,selection,107.6375732421875,1787512253.6695318
1047,3081,p2,selection,145.28614807128906,1787512253.6732295
1048,1047,p1,turn,11.328336715698242,1787512253.696237
1048,3082,p1,selection,202.49417114257812,1787512253.7002053
1048,3083,p1,selection,159.25013732910156,1787512253.7041519
1048,3084,p1,selection,156.2901611328125,1787512253.7077713
1048,1047,p2,turn,9.808289527893066,1787512253.7194285
1048,3082,p2,selection,110.46611785888672,1787512253.7232373
1048,3083,p2,selection,128.853515625,1787512253.7269075
1048,3084,p2,selection,125.98930358886719,1787512253.7305455
1049,1048,p1,turn,9.576911926269531,1787512253.756764
1049,3085,p1,selection,242.10935974121094,1787512253.7604535
1049,3086,p1,selection,183.96229553222656,1787512253.764117
1049,3087,p1,selection,139.2706298828125,1787512253.7680976
1049,1048,p2,turn,12.385026931762695,1787512253.7793536
1049,3085,p2,selection,143.4199981689453,1787512253.7830343
1049,3086,p2,selection,147.0557098388672,1787512253.7870076
1049,3087,p2,selection,149.34120178222656,1787512253.7907572
1050,1049,p1,turn,9.817241668701172,1787512253.811883
1050,3088,p1,selection,206.58090209960938,1787512253.8155456
1050,3089,p1,selection,169.15658569335938,1787512253.819259
1050,3090,p1,selection,190.2593994140625,1787512253.8229668
1050,1049,p2,turn,13.734245300292969,1787512253.833764
1050,3088,p2,selection,117.08417510986328,1787512253.8375502
1050,3089,p2,selection,116.58264923095703,1787512253.8411617
1050,3090,p2,selection,138.4454803466797,1787512253.8448644
1051,1050,p1,turn,14.97480583190918,1787512253.8715858
1051,3091,p1,selection,151.32383728027344,1787512253.8762002
1051,3092,p1,selection,225.20379638671875,1787512253.8807034
1051,3093,p1,selection,218.7183837890625,1787512253.8856041
1051,1050,p2,turn,14.26984977722168,1787512253.9001043
1051,3091,p2,selection,152.21624755859375,1787512253.904981
1051,3092,p2,selection,178.1148223876953,1787512253.909585
1051,3093,p2,selection,183.08572387695312,1787512253.9139996
1052,1051,p1,turn,12.453733444213867,1787512253.932479
1052,3094,p1,selection,154.6181640625,1787512253.9365747
1052,3095,p1,selection,210.31590270996094,1787512253.9404783
1052,3096,p1,selection,148.28236389160156,1787512253.9442115
1052,1051,p2,turn,7.785982131958008,1787512253.955515
1052,3094,p2,selection,159.77130126953125,1787512253.9592183
1052,3095,p2,selection,130.515625,1787512253.9628575
1052,3096,p2,selection,105.53704833984375,1787512253.9665284
1053,1052,p1,turn,14.870280265808105,1787512253.9907918
1053,3097,p1,selection,220.16647338867188,1787512253.9944806
1053,3098,p1,selection,218.41085815429688,1787512253.998197
1053,3099,p1,selection,220.03482055664062,1787512254.0020254
1053,1052,p2,turn,14.193973541259766,1787512254.0132766
1053,3097,p2,selection,120.71903991699219,1787512254.017133
1053,3098,p2,selection,71.51642608642578,1787512254.0210688
1053,3099,p2,selection,138.09877014160156,1787512254.0247757
1054,1053,p1,turn,8.618978500366211,1787512254.0862904
1054,3100,p1,selection,128.98587036132812,1787512254.090331
1054,3101,p1,selection,159.84716796875,1787512254.0940998
1054,3102,p1,selection,206.68849182128906,1787512254.097748
1054,1053,p2,turn,9.646477699279785,1787512254.1099303
1054,3100,p2,selection,130.1295623779297,1787512254.1140788
1054,3101,p2,selection,101.1710433959961,1787512254.118129
1054,3102,p2,selection,141.65818786621094,1787512254.1223576
1055,1054,p1,turn,12.699295043945312,1787512254.1595235
1055,3103,p1,selection,167.81069946289062,1787512254.1632652
1055,3104,p1,selection,203.25132751464844,1787512254.1672819
1055,3105,p1,selection,181.43533325195312,1787512254.171223
1055,1054,p2,turn,10.479116439819336,1787512254.1823535
1055,3103,p2,selection,133.55401611328125,1787512254.1864994
1055,3104,p2,selection,117.99552917480469,1787512254.1903539
1055,3105,p2,selection,161.2541046142578,1787512254.1940002
1056,1055,p1,turn,9.494477272033691,1787512254.222731
1056,3106,p1,selection,214.26223754882812,1787512254.2269642
1056,3107,p1,selection,204.73782348632812,1787512254.231438
1056,3108,p1,selection,157.65740966796875,1787512254.2359846
1056,1055,p2,turn,11.747346878051758,1787512254.249892
1056,3106,p2,selection,78.02603912353516,1787512254.254609
1056,3107,p2,selection,116.43531799316406,1787512254.258978
1056,3108,p2,selection,148.30775451660156,1787512254.2626605
1057,1056,p1,turn,10.19540786743164,1787512254.2863202
1057,3109,p1,selection,148.0466766357422,1787512254.2901115
1057,3110,p1,selection,154.0442352294922,1787512254.2938118
1057,3111,p1,selection,185.07763671875,1787512254.2976465
1057,1056,p2,turn,13.937068939208984,1787512254.3093865
1057,3109,p2,selection,147.8785858154297,1787512254.3132017
1057,3110,p2,selection,145.3173828125,1787512254.3170018
1057,3111,p2,selection,128.19944763183594,1787512254.3209193
1058,1057,p1,turn,12.391142845153809,1787512254.3400543
1058,3112,p1,selection,180.61715698242188,1787512254.3445036
1058,3113,p1,selection,187.60704040527344,1787512254.348907
1058,3114,p1,selection,181.3491668701172,1787512254.3533921
1058,1057,p2,turn,9.6321439743042,1787512254.3682456
1058,3112,p2,selection,152.29478454589844,1787512254.372065
1058,3113,p2,selection,154.5602264404297,1787512254.3756554
1058,3114,p2,selection,178.2049102783203,1787512254.3793466
1059,1058,p1,turn,10.370080947875977,1787512254.4134376
1059,3115,p1,selection,174.93695068359375,1787512254.4177372
1059,3116,p1,selection,163.8563995361328,1787512254.421877
1059,3117,p1,selection,169.44894409179688,1787512254.426088
1059,1058,p2,turn,8.104774475097656,1787512254.439768
1059,3115,p2,selection,106.24274444580078,1787512254.4436593
1059,3116,p2,selection,105.25955200195312,1787512254.448351
1059,3117,p2,selection,138.1395263671875,1787512254.4530337
1060,1059,p1,turn,10.53691291809082,1787512254.4872901
1060,3118,p1,selection,250.2979278564453,1787512254.4925172
1060,3119,p1,selection,187.3960418701172,1787512254.496486
1060,3120,p1,selection,195.2141876220703,1787512254.5015771
1060,1059,p2,turn,8.622285842895508,1787512254.5181952
1060,3118,p2,selection,117.38490295410156,1787512254.522409
1060,3119,p2,selection,149.42877197265625,1787512254.5272686
1060,3120,p2,selection,150.98887634277344,1787512254.5315342
1061,1060,p1,turn,11.887596130371094,1787512254.5612867
1061,3121,p1,selection,158.70140075683594,1787512254.5664434
1061,3122,p1,selection,114.7145004272461,1787512254.5718262
1061,3123,p1,selection,202.0071258544922,1787512254.5756998
1061,1060,p2,turn,12.006353378295898,1787512254.5902832
1061,3121,p2,selection,146.82138061523438,1787512254.594692
1061,3122,p2,selection,150.07208251953125,1787512254.5990925
1061,3123,p2,selection,112.39795684814453,1787512254.6042264
1062,1061,p1,turn,7.419567108154297,1787512254.6381173
1062,3124,p1,selection,152.76016235351562,1787512254.64212
1062,3125,p1,selection,188.46530151367188,1787512254.646101
1062,3126,p1,selection,148.7457733154297,1787512254.650042
1062,1061,p2,turn,7.569582462310791,1787512254.6625073
1062,3124,p2,selection,189.91799926757812,1787512254.6664743
1062,3125,p2,selection,139.9632568359375,1787512254.6710994
1062,3126,p2,selection,114.24028778076172,1787512254.6756573
1063,1062,p1,turn,9.00334358215332,1787512254.6994343
1063,3127,p1,selection,201.21762084960938,1787512254.7037547
1063,3128,p1,selection,182.98944091796875,1787512254.707893
1063,3129,p1,selection,178.0186004638672,1787512254.7119155
1063,1062,p2,turn,7.9885573387146,1787512254.724466
1063,3127,p2,selection,142.91038513183594,1787512254.7284725
1063,3128,p2,selection,156.7396240234375,1787512254.7324603
1063,3129,p2,selection,128.94068908691406,1787512254.7366436
1064,1063,p1,turn,14.074047088623047,1787512254.7713838
1064,3130,p1,selection,156.40603637695312,1787512254.7753463
1064,3131,p1,selection,192.70423889160156,1787512254.7793994
1064,3132,p1,selection,205.7310333251953,1787512254.783403
1064,1063,p2,turn,13.018725395202637,1787512254.7956486
1064,3130,p2,selection,165.37538146972656,1787512254.7996635
1064,3131,p2,selection,165.8423309326172,1787512254.8040612
1064,3132,p2,selection,91.92902374267578,1787512254.8079484
1065,1064,p1,turn,7.449376106262207,1787512254.8421152
1065,3133,p1,selection,167.84326171875,1787512254.8459544
1065,3134,p1,selection,191.39698791503906,1787512254.8498545
1065,3135,p1,selection,174.46334838867188,1787512254.8541956
1065,1064,p2,turn,14.175119400024414,1787512254.8680341
1065,3133,p2,selection,121.62079620361328,1787512254.872326
1065,3134,p2,selection,133.83421325683594,1787512254.876544
1065,3135,p2,selection,188.14442443847656,1787512254.8806865
1066,1065,p1,turn,14.700475692749023,1787512254.9058733
1066,3136,p1,selection,227.60475158691406,1787512254.911357
1066,3137,p1,selection,119.5677719116211,1787512254.9162931
1066,3138,p1,selection,158.787841796875,1787512254.9206688
1066,1065,p2,turn,16.03506088256836,1787512254.9330482
1066,3136,p2,selection,95.14363098144531,1787512254.9376798
1066,3137,p2,selection,122.42101287841797,1787512254.9417114
1066,3138,p2,selection,230.10342407226562,1787512254.9459038
1067,1066,p1,turn,10.788230895996094,1787512254.9763644
1067,3139,p1,selection,240.09808349609375,1787512254.9813185
1067,3140,p1,selection,185.17494201660156,1787512254.9866307
1067,3141,p1,selection,230.7791290283203,1787512254.9916904
1067,1066,p2,turn,10.731221199035645,1787512255.0063183
1067,3139,p2,selection,110.82421112060547,1787512255.0104659
1067,3140,p2,selection,159.7050323486328,1787512255.014694
1067,3141,p2,selection,119.74815368652344,1787512255.019889
1068,1067,p1,turn,9.616912841796875,1787512255.0410657
1068,3142,p1,selection,244.8741455078125,1787512255.0466194
1068,3143,p1,selection,125.64332580566406,1787512255.052016
1068,3144,p1,selection,161.6783447265625,1787512255.057435
1068,1067,p2,turn,11.595043182373047,1787512255.0722003
1068,3142,p2,selection,122.15522766113281,1787512255.076294
1068,3143,p2,selection,110.36196899414062,1787512255.0802984
1068,3144,p2,selection,143.0883026123047,1787512255.084806
1069,1068,p1,turn,8.188582420349121,1787512255.1336374
1069,3145,p1,selection,196.9212188720703,1787512255.137795
1069,3146,p1,selection,170.37142944335938,1787512255.1416605
1069,3147,p1,selection,194.93190002441406,1787512255.1454353
1069,1068,p2,turn,8.55001163482666,1787512255.1578012
1069,3145,p2,selection,110.71389770507812,1787512255.161765
1069,3146,p2,selection,114.50090026855469,1787512255.16691
1069,3147,p2,selection,163.85055541992188,1787512255.172915
1070,1069,p1,turn,10.951067924499512,1787512255.1993058
1070,3148,p1,selection,150.65032958984375,1787512255.2034264
1070,3149,p1,selection,183.16632080078125,1787512255.2072845
1070,3150,p1,selection,204.4123992919922,1787512255.211287
1070,1069,p2,turn,11.770524978637695,1787512255.22309
1070,3148,p2,selection,158.90399169921875,1787512255.2268407
1070,3149,p2,selection,158.81936645507812,1787512255.2305088
1070,3150,p2,selection,204.4989013671875,1787512255.2348354
1071,1070,p1,turn,15.00522518157959,1787512255.2600796
1071,3151,p1,selection,235.9602813720703,1787512255.263755
1071,3152,p1,selection,170.3570556640625,1787512255.2677057
1071,3153,p1,selection,181.4114990234375,1787512255.271522
1071,1070,p2,turn,12.419061660766602,1787512255.2825813
1071,3151,p2,selection,174.3001708984375,1787512255.2865605
1071,3152,p2,selection,136.3737335205078,1787512255.2903497
1071,3153,p2,selection,127.13488006591797,1787512255.2940285
1072,1071,p1,turn,9.985489845275879,1787512255.3222456
1072,3154,p1,selection,176.01675415039062,1787512255.3259187
1072,3155,p1,selection,133.9813690185547,1787512255.3295693
1072,3156,p1,selection,203.77127075195312,1787512255.3332734
1072,1071,p2,turn,9.852737426757812,1787512255.3451264
1072,3154,p2,selection,148.37648010253906,1787512255.3487597
1072,3155,p2,selection,194.17129516601562,1787512255.3527348
1072,3156,p2,selection,138.23980712890625,1787512255.3565748
1073,1072,p1,turn,10.569586753845215,1787512255.375661
1073,3157,p1,selection,148.0808868408203,1787512255.37929
1073,3158,p1,selection,149.17543029785156,1787512255.3829205
1073,3159,p1,selection,177.95748901367188,1787512255.3869455
1073,1072,p2,turn,8.735845565795898,1787512255.3981485
1073,3157,p2,selection,125.27452087402344,1787512255.4020429
1073,3158,p2,selection,102.84113311767578,1787512255.4059587
1073,3159,p2,selection,123.27742767333984,1787512255.4095907
1074,1073,p1,turn,9.764246940612793,1787512255.4334815
1074,3160,p1,selection,165.02183532714844,1787512255.438229
1074,3161,p1,selection,200.94808959960938,1787512255.4426994
1074,3162,p1,selection,229.22853088378906,1787512255.4470656
1074,1073,p2,turn,9.835026741027832,1787512255.459746
1074,3160,p2,selection,185.7421875,1787512255.4633687
1074,3161,p2,selection,179.4462432861328,1787512255.4673195
1074,3162,p2,selection,153.5046844482422,1787512255.471183
1075,1074,p1,turn,9.419880867004395,1787512255.5093966
1075,3163,p1,selection,143.63543701171875,1787512255.5131252
1075,3164,p1,selection,271.2237243652344,1787512255.517069
1075,3165,p1,selection,182.80946350097656,1787512255.520949
1075,1074,p2,turn,11.593303680419922,1787512255.5320692
1075,3163,p2,selection,120.50688171386719,1787512255.5360525
1075,3164,p2,selection,119.85496520996094,1787512255.5398781
1075,3165,p2,selection,145.80319213867188,1787512255.5435946
1076,1075,p1,turn,10.194320678710938,1787512255.580166
1076,3166,p1,selection,129.27569580078125,1787512255.584745
1076,3167,p1,selection,156.3912353515625,1787512255.5892503
1076,3168,p1,selection,220.15963745117188,1787512255.5936923
1076,1075,p2,turn,11.389711380004883,1787512255.6071463
1076,3166,p2,selection,112.69482421875,1787512255.6115723
1076,3167,p2,selection,157.7802734375,1787512255.6159456
1076,3168,p2,selection,155.05397033691406,1787512255.6205137
1077,1076,p1,turn,13.97141170501709,1787512255.648191
1077,3169,p1,selection,139.8235321044922,1787512255.6531522
1077,3170,p1,selection,253.9837188720703,1787512255.663567
1077,3171,p1,selection,169.77188110351562,1787512255.6685166
1077,1076,p2,turn,8.742695808410645,1787512255.6831162
1077,3169,p2,selection,142.15809631347656,1787512255.6878562
1077,3170,p2,selection,198.0584716796875,1787512255.6928692
1077,3171,p2,selection,108.41602325439453,1787512255.6966531
1078,1077,p1,turn,9.571061134338379,1787512255.7169857
1078,3172,p1,selection,234.156982421875,1787512255.7209363
1078,3173,p1,selection,161.18096923828125,1787512255.7247949
1078,3174,p1,selection,194.78338623046875,1787512255.7286587
1078,1077,p2,turn,7.90255880355835,1787512255.7401123
1078,3172,p2,selection,101.34188842773438,1787512255.743771
1078,3173,p2,selection,113.78645324707031,1787512255.7473888
1078,3174,p2,selection,218.85433959960938,1787512255.7513354
1079,1078,p1,turn,11.281790733337402,1787512255.7701366
1079,3175,p1,selection,143.92051696777344,1787512255.7747207
1079,3176,p1,selection,188.892578125,1787512255.779169
1079,3177,p1,selection,195.49874877929688,1787512255.7836177
1079,1078,p2,turn,9.800172805786133,1787512255.7975042
1079,3175,p2,selection,197.72512817382812,1787512255.802059
1079,3176,p2,selection,158.81124877929688,1787512255.8068757
1079,3177,p2,selection,198.02642822265625,1787512255.8109663
1080,1079,p1,turn,10.949291229248047,1787512255.8281577
1080,3178,p1,selection,212.48294067382812,1787512255.831835
1080,3179,p1,selection,221.71987915039062,1787512255.8357189
1080,3180,p1,selection,166.87921142578125,1787512255.839491
1080,1079,p2,turn,9.472672462463379,1787512255.850896
1080,3178,p2,selection,94.53164672851562,1787512255.8547661
1080,3179,p2,selection,145.2539520263672,1787512255.8584237
1080,3180,p2,selection,123.63754272460938,1787512255.862475
1081,1080,p1,turn,8.110611915588379,1787512255.9374814
1081,3181,p1,selection,167.77052307128906,1787512255.9413085
1081,3182,p1,selection,238.69088745117188,1787512255.9450285
1081,3183,p1,selection,195.46905517578125,1787512255.9487271
1081,1080,p2,turn,12.754549980163574,1787512255.9597964
1081,3181,p2,selection,137.3000030517578,1787512255.9635699
1081,3182,p2,selection,141.73890686035156,1787512255.9682214
1081,3183,p2,selection,129.95684814453125,1787512255.9728274
1082,1081,p1,turn,7.610076427459717,1787512256.0068297
1082,3184,p1,selection,194.73390197753906,1787512256.0104775
1082,3185,p1,selection,192.65296936035156,1787512256.0141315
1082,3186,p1,selection,119.96220397949219,1787512256.018233
1082,1081,p2,turn,12.90737533569336,1787512256.0294955
1082,3184,p2,selection,183.2122039794922,1787512256.0333333
1082,3185,p2,selection,141.18490600585938,1787512256.0373678
1082,3186,p2,selection,184.0790252685547,1787512256.0410054
1083,1082,p1,turn,11.725587844848633,1787512256.0745916
1083,3187,p1,selection,180.93325805664062,1787512256.0790596
1083,3188,p1,selection,105.57194519042969,1787512256.0835512
1083,3189,p1,selection,209.5043487548828,1787512256.0881646
1083,1082,p2,turn,10.639906883239746,1787512256.1018171
1083,3187,p2,selection,113.01286315917969,1787512256.1063437
1083,3188,p2,selection,122.21414184570312,1787512256.1107068
1083,3189,p2,selection,139.9651641845703,1787512256.114513
1084,1083,p1,turn,13.675235748291016,1787512256.1354003
1084,3190,p1,selection,207.6526336669922,1787512256.139258
1084,3191,p1,selection,168.94117736816406,1787512256.142986
1084,3192,p1,selection,186.479736328125,1787512256.1467016
1084,1083,p2,turn,10.63257884979248,1787512256.1585734
1084,3190,p2,selection,150.46835327148438,1787512256.1622922
1084,3191,p2,selection,177.4630126953125,1787512256.1660452
1084,3192,p2,selection,144.5003204345703,1787512256.1699753
1085,1084,p1,turn,11.693920135498047,1787512256.1964123
1085,3193,p1,selection,264.9927978515625,1787512256.2002728
1085,3194,p1,selection,217.87913513183594,1787512256.20422
1085,3195,p1,selection,179.27554321289062,1787512256.2079034
1085,1084,p2,turn,11.256739616394043,1787512256.219673
1085,3193,p2,selection,174.88467407226562,1787512256.2234871
1085,3194,p2,selection,136.09506225585938,1787512256.2272186
1085,3195,p2,selection,159.00344848632812,1787512256.230987
1086,1085,p1,turn,7.042769908905029,1787512256.261177
1086,3196,p1,selection,118.23190307617188,1787512256.2648706
1086,3197,p1,selection,238.4974365234375,1787512256.268814
1086,3198,p1,selection,172.50558471679688,1787512256.27269
1086,1085,p2,turn,6.165134429931641,1787512256.284238
1086,3196,p2,selection,126.10799407958984,1787512256.2880738
1086,3197,p2,selection,157.1779327392578,1787512256.2916987
1086,3198,p2,selection,171.4087677001953,1787512256.2954297
1087,1086,p1,turn,15.84187126159668,1787512256.3191516
1087,3199,p1,selection,104.57450866699219,1787512256.323013
1087,3200,p1,selection,121.44340515136719,1787512256.3270433
1087,3201,p1,selection,224.14523315429688,1787512256.3307536
1087,1086,p2,turn,12.24067497253418,1787512256.3425944
1087,3199,p2,selection,147.85723876953125,1787512256.3462994
1087,3200,p2,selection,139.8164520263672,1787512256.3502598
1087,3201,p2,selection,197.9015655517578,1787512256.3541682
1088,1087,p1,turn,8.171296119689941,1787512256.375338
1088,3202,p1,selection,127.37544250488281,1787512256.3790169
1088,3203,p1,selection,244.3594970703125,1787512256.3826554
1088,3204,p1,selection,197.4639129638672,1787512256.3864925
1088,1087,p2,turn,10.413745880126953,1787512256.3978398
1088,3202,p2,selection,122.77949523925781,1787512256.4018102
1088,3203,p2,selection,99.51899719238281,1787512256.4059007
1088,3204,p2,selection,122.74798583984375,1787512256.4097657
1089,1088,p1,turn,13.907798767089844,1787512256.435596
1089,3205,p1,selection,181.65391540527344,1787512256.439665
1089,3206,p1,selection,200.7621307373047,1787512256.4435494
1089,3207,p1,selection,132.96226501464844,1787512256.4473953
1089,1088,p2,turn,12.862873077392578,1787512256.4593139
1089,3205,p2,selection,175.93548583984375,1787512256.4631596
1089,3206,p2,selection,153.04086303710938,1787512256.4671474
1089,3207,p2,selection,177.30726623535156,1787512256.4712648
1090,1089,p1,turn,8.596607208251953,1787512256.5052974
1090,3208,p1,selection,141.75674438476562,1787512256.5092065
1090,3209,p1,selection,254.6367645263672,1787512256.5130174
1090,3210,p1,selection,144.33480834960938,1787512256.5175319
1090,1089,p2,turn,8.25106143951416,1787512256.5294876
1090,3208,p2,selection,183.30447387695312,1787512256.5344489
1090,3209,p2,selection,167.8480224609375,1787512256.539859
1090,3210,p2,selection,157.49899291992188,1787512256.5436723
1091,1090,p1,turn,10.405203819274902,1787512256.5742903
1091,3211,p1,selection,222.20028686523438,1787512256.5784647
1091,3212,p1,selection,189.9270477294922,1787512256.5831363
1091,3213,p1,selection,175.98326110839844,1787512256.588118
1091,1090,p2,turn,10.157297134399414,1787512256.6025875
1091,3211,p2,selection,123.57482147216797,1787512256.6072407
1091,3212,p2,selection,113.45819091796875,1787512256.6118016
1091,3213,p2,selection,130.61082458496094,1787512256.61649
1092,1091,p1,turn,7.201107025146484,1787512256.6453383
1092,3214,p1,selection,193.26751708984375,1787512256.6499474
1092,3215,p1,selection,199.93978881835938,1787512256.6549013
1092,3216,p1,selection,119.1037368774414,1787512256.6594932
1092,1091,p2,turn,9.82064151763916,1787512256.673773
1092,3214,p2,selection,156.08932495117188,1787512256.6784165
1092,3215,p2,selection,182.99842834472656,1787512256.6829085
1092,3216,p2,selection,113.10960388183594,1787512256.6878412
1093,1092,p1,turn,13.0859956741333,1787512256.710335
1093,3217,p1,selection,170.9436798095703,1787512256.7152662
1093,3218,p1,selection,220.3250274658203,1787512256.7198389
1093,3219,p1,selection,172.60214233398438,1787512256.7239618
1093,1092,p2,turn,9.239161491394043,1787512256.7370975
1093,3217,p2,selection,172.9727020263672,1787512256.7414875
1093,3218,p2,selection,135.5513916015625,1787512256.7464354
1093,3219,p2,selection,165.95103454589844,1787512256.7510862
1094,1093,p1,turn,8.550786972045898,1787512256.7762976
1094,3220,p1,selection,165.46673583984375,1787512256.7801075
1094,3221,p1,selection,116.6817855834961,1787512256.7843091
1094,3222,p1,selection,248.3823699951172,1787512256.788273
1094,1093,p2,turn,12.563244819641113,1787512256.8002748
1094,3220,p2,selection,193.43624877929688,1787512256.8043706
1094,3221,p2,selection,182.87734985351562,1787512256.8083482
1094,3222,p2,selection,163.31356811523438,1787512256.8121417
1095,1094,p1,turn,8.862174987792969,1787512256.8336742
1095,3223,p1,selection,128.75624084472656,1787512256.8378613
1095,3224,p1,selection,283.4703063964844,1787512256.8417418
1095,3225,p1,selection,174.91940307617188,1787512256.845543
1095,1094,p2,turn,11.68322467803955,1787512256.8575392
1095,3223,p2,selection,161.30435180664062,1787512256.8613095
1095,3224,p2,selection,190.5130615234375,1787512256.8650625
1095,3225,p2,selection,145.48699951171875,1787512256.8690934
1096,1095,p1,turn,12.151084899902344,1787512256.88642
1096,3226,p1,selection,177.59262084960938,1787512256.8904312
1096,3227,p1,selection,214.51907348632812,1787512256.8943121
1096,3228,p1,selection,228.24679565429688,1787512256.8980978
1096,1095,p2,turn,10.392510414123535,1787512256.910398
1096,3226,p2,selection,164.95204162597656,1787512256.914363
1096,3227,p2,selection,163.90234375,1787512256.9186225
1096,3228,p2,selection,155.02976989746094,1787512256.9226346
1097,1096,p1,turn,13.483674049377441,1787512256.9558866
1097,3229,p1,selection,131.62564086914062,1787512256.9599555
1097,3230,p1,selection,155.34437561035156,1787512256.9642012
1097,3231,p1,selection,266.17987060546875,1787512256.9686446
1097,1096,p2,turn,12.970172882080078,1787512256.9816322
1097,3229,p2,selection,137.54054260253906,1787512256.985842
1097,3230,p2,selection,137.4576416015625,1787512256.9901655
1097,3231,p2,selection,116.61141204833984,1787512256.9943137
1098,1097,p1,turn,6.816469192504883,1787512257.0204973
1098,3232,p1,selection,120.23963928222656,1787512257.024568
1098,3233,p1,selection,149.10745239257812,1787512257.0298247
1098,3234,p1,selection,241.9856414794922,1787512257.0364869
1098,1097,p2,turn,12.012972831726074,1787512257.0545661
1098,3232,p2,selection,120.68755340576172,1787512257.0589206
1098,3233,p2,selection,112.10002899169922,1787512257.0631216
1098,3234,p2,selection,148.52786254882812,1787512257.0676408
1099,1098,p1,turn,15.725003242492676,1787512257.0940592
1099,3235,p1,selection,158.27835083007812,1787512257.099098
1099,3236,p1,selection,142.3555145263672,1787512257.1045408
1099,3237,p1,selection,246.24514770507812,1787512257.1092474
1099,1098,p2,turn,9.58537769317627,1787512257.1242647
1099,3235,p2,selection,141.78211975097656,1787512257.1291249
1099,3236,p2,selection,111.6638412475586,1787512257.1339467
1099,3237,p2,selection,81.92919921875,1787512257.1389105
1100,1099,p1,turn,13.333169937133789,1787512257.1720815
1100,3238,p1,selection,201.5730438232422,1787512257.176045
1100,3239,p1,selection,148.24197387695312,1787512257.1801572
1100,3240,p1,selection,193.71392822265625,1787512257.1844416
1100,1099,p2,turn,6.374847412109375,1787512257.196417
1100,3238,p2,selection,154.05587768554688,1787512257.2003376
1100,3239,p2,selection,90.0943832397461,1787512257.2045288
1100,3240,p2,selection,123.34939575195312,1787512257.2083347
1101,1100,p1,turn,11.139083862304688,1787512257.242937
1101,3241,p1,selection,167.2240447998047,1787512257.2466397
1101,3242,p1,selection,185.1884765625,1787512257.2509642
1101,3243,p1,selection,236.89202880859375,1787512257.2555583
1101,1100,p2,turn,12.542248725891113,1787512257.2692752
1101,3241,p2,selection,145.43856811523438,1787512257.2738206
1101,3242,p2,selection,147.05905151367188,1787512257.27819
1101,3243,p2,selection,119.69969177246094,1787512257.2826538
1102,1101,p1,turn,14.571603775024414,1787512257.3036077
1102,3244,p1,selection,191.78758239746094,1787512257.307431
1102,3245,p1,selection,208.07595825195312,1787512257.3110414
1102,3246,p1,selection,158.41799926757812,1787512257.3146152
1102,1101,p2,turn,9.631631851196289,1787512257.3259048
1102,3244,p2,selection,106.35218811035156,1787512257.329587
1102,3245,p2,selection,127.63815307617188,1787512257.3333626
1102,3246,p2,selection,129.25502014160156,1787512257.3373997
1103,1102,p1,turn,10.810162544250488,1787512257.3564878
1103,3247,p1,selection,161.16220092773438,1787512257.3610826
1103,3248,p1,selection,209.5267791748047,1787512257.3657355
1103,3249,p1,selection,158.11102294921875,1787512257.371327
1103,1102,p2,turn,13.914562225341797,1787512257.385559
1103,3247,p2,selection,129.76707458496094,1787512257.389861
1103,3248,p2,selection,120.8890380859375,1787512257.3943868
1103,3249,p2,selection,177.58335876464844,1787512257.3993707
1104,1103,p1,turn,12.837442398071289,1787512257.4337423
1104,3250,p1,selection,171.41403198242188,1787512257.4392483
1104,3251,p1,selection,206.0618896484375,1787512257.4442756
1104,3252,p1,selection,105.3424301147461,1787512257.449432
1104,1103,p2,turn,9.40091323852539,1787512257.4625719
1104,3250,p2,selection,135.88330078125,1787512257.4680622
1104,3251,p2,selection,169.7373809814453,1787512257.4721985
1104,3252,p2,selection,139.7976837158203,1787512257.4761758
1105,1104,p1,turn,10.878937721252441,1787512257.505318
1105,3253,p1,selection,197.83352661132812,1787512257.5121539
1105,3254,p1,selection,224.6755828857422,1787512257.5197327
1105,3255,p1,selection,153.68218994140625,1787512257.527025
1105,1104,p2,turn,11.442126274108887,1787512257.5432205
1105,3253,p2,selection,139.14027404785156,1787512257.5494254
1105,3254,p2,selection,150.5211181640625,1787512257.554989
1105,3255,p2,selection,143.51451110839844,1787512257.5599723
1106,1105,p1,turn,12.804557800292969,1787512257.587341
1106,3256,p1,selection,183.3904571533203,1787512257.591986
1106,3257,p1,selection,163.1951446533203,1787512257.5958884
1106,3258,p1,selection,180.13685607910156,1787512257.5996678
1106,1105,p2,turn,9.622255325317383,1787512257.6131985
1106,3256,p2,selection,173.40625,1787512257.6180463
1106,3257,p2,selection,130.46156311035156,1787512257.622209
1106,3258,p2,selection,156.2089385986328,1787512257.6262598
1107,1106,p1,turn,13.622300148010254,1787512257.6514597
1107,3259,p1,selection,192.2860870361328,1787512257.6555128
1107,3260,p1,selection,176.37066650390625,1787512257.6593668
1107,3261,p1,selection,226.415771484375,1787512257.6631434
1107,1106,p2,turn,8.489815711975098,1787512257.6784499
1107,3259,p2,selection,149.3263702392578,1787512257.6835573
1107,3260,p2,selection,166.66424560546875,1787512257.6889086
1107,3261,p2,selection,82.25016784667969,1787512257.694233
1108,1107,p1,turn,10.134796142578125,1787512257.7287612
1108,3262,p1,selection,272.62420654296875,1787512257.734219
1108,3263,p1,selection,254.6537628173828,1787512257.7394388
1108,3264,p1,selection,149.3961944580078,1787512257.7443383
1108,1107,p2,turn,14.752622604370117,1787512257.7590067
1108,3262,p2,selection,142.84510803222656,1787512257.7642436
1108,3263,p2,selection,126.08283996582031,1787512257.7693858
1108,3264,p2,selection,165.27935791015625,1787512257.7750156
1109,1108,p1,turn,11.867294311523438,1787512257.7989743
1109,3265,p1,selection,189.73291015625,1787512257.803913
1109,3266,p1,selection,182.4173126220703,1787512257.8104625
1109,3267,p1,selection,169.5830841064453,1787512257.8157642
1109,1108,p2,turn,11.43234634399414,1787512257.830657
1109,3265,p2,selection,198.50804138183594,1787512257.835605
1109,3266,p2,selection,125.70787048339844,1787512257.840416
1109,3267,p2,selection,151.18621826171875,1787512257.8450701
1110,1109,p1,turn,9.831136703491211,1787512257.8917208
1110,3268,p1,selection,187.18069458007812,1787512257.896435
1110,3269,p1,selection,138.16357421875,1787512257.901365
1110,3270,p1,selection,249.9248046875,1787512257.9060943
1110,1109,p2,turn,10.140680313110352,1787512257.9208236
1110,3268,p2,selection,111.53369140625,1787512257.925543
1110,3269,p2,selection,134.18190002441406,1787512257.9301853
1110,3270,p2,selection,131.4456787109375,1787512257.935013
1111,1110,p1,turn,17.202953338623047,1787512257.961258
1111,3271,p1,selection,110.84562683105469,1787512257.96529
1111,3272,p1,selection,187.35845947265625,1787512257.9695601
1111,3273,p1,selection,216.70956420898438,1787512257.973651
1111,1110,p2,turn,7.294050216674805,1787512257.9862142
1111,3271,p2,selection,202.54786682128906,1787512257.9904788
1111,3272,p2,selection,85.2210464477539,1787512257.9944346
1111,3273,p2,selection,175.2272186279297,1787512257.998406
1112,1111,p1,turn,9.399463653564453,1787512258.0215619
1112,3274,p1,selection,216.21600341796875,1787512258.0264635
1112,3275,p1,selection,164.29446411132812,1787512258.0316648
1112,3276,p1,selection,201.80667114257812,1787512258.0369093
1112,1111,p2,turn,8.759018898010254,1787512258.0529618
1112,3274,p2,selection,133.6768798828125,1787512258.0581849
1112,3275,p2,selection,150.10946655273438,1787512258.063194
1112,3276,p2,selection,147.13214111328125,1787512258.0682244
1113,1112,p1,turn,12.074363708496094,1787512258.0932498
1113,3277,p1,selection,187.13906860351562,1787512258.0970628
1113,3278,p1,selection,155.15504455566406,1787512258.1012113
1113,3279,p1,selection,212.32244873046875,1787512258.1051342
1113,1112,p2,turn,7.954916477203369,1787512258.1180708
1113,3277,p2,selection,119.11735534667969,1787512258.1228397
1113,3278,p2,selection,139.24964904785156,1787512258.1274369
1113,3279,p2,selection,137.713623046875,1787512258.1320338
1114,1113,p1,turn,8.828052520751953,1787512258.1725838
1114,3280,p1,selection,159.18435668945312,1787512258.1772444
1114,3281,p1,selection,172.72183227539062,1787512258.181819
1114,3282,p1,selection,224.3018035888672,1787512258.1861618
1114,1113,p2,turn,8.547489166259766,1787512258.1978333
1114,3280,p2,selection,89.23704528808594,1787512258.2021706
1114,3281,p2,selection,117.94309997558594,1787512258.206162
1114,3282,p2,selection,110.59465789794922,1787512258.210064
1115,1114,p1,turn,9.283265113830566,1787512258.2345936
1115,3283,p1,selection,300.4841613769531,1787512258.2385385
1115,3284,p1,selection,172.89642333984375,1787512258.2423198
1115,3285,p1,selection,187.94052124023438,1787512258.2461329
1115,1114,p2,turn,10.398442268371582,1787512258.2580261
1115,3283,p2,selection,142.2608642578125,1787512258.261931
1115,3284,p2,selection,120.2183837890625,1787512258.2657716
1115,3285,p2,selection,167.90948486328125,1787512258.2699506
1116,1115,p1,turn,10.429364204406738,1787512258.290153
1116,3286,p1,selection,198.9407958984375,1787512258.2941422
1116,3287,p1,selection,188.99346923828125,1787512258.2981005
1116,3288,p1,selection,254.7099609375,1787512258.302258
1116,1115,p2,turn,13.037612915039062,1787512258.314645
1116,3286,p2,selection,147.42796325683594,1787512258.3188472
1116,3287,p2,selection,173.13853454589844,1787512258.32283
1116,3288,p2,selection,199.5036163330078,1787512258.3266902
1117,1116,p1,turn,12.015296936035156,1787512258.3986695
1117,3289,p1,selection,142.7515106201172,1787512258.4026566
1117,3290,p1,selection,184.8665771484375,1787512258.4074268
1117,3291,p1,selection,196.60731506347656,1787512258.4121513
1117,1116,p2,turn,10.655940055847168,1787512258.4268866
1117,3289,p2,selection,171.28965759277344,1787512258.4309356
1117,3290,p2,selection,150.72982788085938,1787512258.4357445
1117,3291,p2,selection,99.60128784179688,1787512258.4410367
1118,1117,p1,turn,11.196634292602539,1787512258.4734945
1118,3292,p1,selection,172.08798217773438,1787512258.4785388
1118,3293,p1,selection,153.73863220214844,1787512258.4838827
1118,3294,p1,selection,175.08261108398438,1787512258.4890094
1118,1117,p2,turn,12.318134307861328,1787512258.5044365
1118,3292,p2,selection,144.31976318359375,1787512258.5091348
1118,3293,p2,selection,124.24934387207031,1787512258.5139997
1118,3294,p2,selection,108.1124038696289,1787512258.5184243
1119,1118,p1,turn,12.572739601135254,1787512258.5384398
1119,3295,p1,selection,150.56399536132812,1787512258.5422354
1119,3296,p1,selection,152.65052795410156,1787512258.5464804
1119,3297,p1,selection,150.77015686035156,1787512258.5506394
1119,1118,p2,turn,9.580876350402832,1787512258.5624645
1119,3295,p2,selection,121.50970458984375,1787512258.5662906
1119,3296,p2,selection,136.19509887695312,1787512258.5704966
1119,3297,p2,selection,109.49394989013672,1787512258.5744593
1120,1119,p1,turn,13.319114685058594,1787512258.6024578
1120,3298,p1,selection,129.4622802734375,1787512258.606651
1120,3299,p1,selection,182.34486389160156,1787512258.6106052
1120,3300,p1,selection,137.68727111816406,1787512258.6150212
1120,1119,p2,turn,8.83364486694336,1787512258.629793
1120,3298,p2,selection,127.30042266845703,1787512258.6345887
1120,3299,p2,selection,208.86351013183594,1787512258.6393485
1120,3300,p2,selection,134.33843994140625,1787512258.644152
1121,1120,p1,turn,9.808751106262207,1787512258.6707494
1121,3301,p1,selection,194.25942993164062,1787512258.6745741
1121,3302,p1,selection,273.5468444824219,1787512258.678529
1121,3303,p1,selection,167.29263305664062,1787512258.682387
1121,1120,p2,turn,6.893967151641846,1787512258.6968548
1121,3301,p2,selection,126.62357330322266,1787512258.7016566
1121,3302,p2,selection,126.98257446289062,1787512258.7063432
1121,3303,p2,selection,155.4102783203125,1787512258.7108538
1122,1121,p1,turn,9.117152214050293,1787512258.7313018
1122,3304,p1,selection,140.1613311767578,1787512258.7363822
1122,3305,p1,selection,272.0171813964844,1787512258.7413085
1122,3306,p1,selection,135.3477783203125,1787512258.745939
1122,1121,p2,turn,10.427236557006836,1787512258.7609873
1122,3304,p2,selection,138.25132751464844,1787512258.7656415
1122,3305,p2,selection,154.7148895263672,1787512258.769633
1122,3306,p2,selection,133.74740600585938,1787512258.7735114
1123,1122,p1,turn,9.755714416503906,1787512258.8078027
1123,3307,p1,selection,168.2140655517578,1787512258.813337
1123,3308,p1,selection,173.66580200195312,1787512258.8180835
1123,3309,p1,selection,167.7189483642578,1787512258.8232286
1123,1122,p2,turn,10.025514602661133,1787512258.838307
1123,3307,p2,selection,125.29676818847656,1787512258.8432662
1123,3308,p2,selection,156.8828887939453,1787512258.8482797
1123,3309,p2,selection,145.3231201171875,1787512258.853104
1124,1123,p1,turn,10.636970520019531,1787512258.8785326
1124,3310,p1,selection,196.24290466308594,1787512258.8827796
1124,3311,p1,selection,203.89303588867188,1787512258.8873425
1124,3312,p1,selection,123.53559112548828,1787512258.8915174
1124,1123,p2,turn,15.094353675842285,1787512258.904482
1124,3310,p2,selection,138.44203186035156,1787512258.9085746
1124,3311,p2,selection,159.1602325439453,1787512258.9132288
1124,3312,p2,selection,135.23565673828125,1787512258.9189055
1125,1124,p1,turn,11.413399696350098,1787512258.9396448
1125,3313,p1,selection,170.10433959960938,1787512258.9446554
1125,3314,p1,selection,159.61666870117188,1787512258.9509003
1125,3315,p1,selection,136.27174377441406,1787512258.955069
1125,1124,p2,turn,10.179466247558594,1787512258.9672809
1125,3313,p2,selection,136.7440185546875,1787512258.9718657
1125,3314,p2,selection,123.86131286621094,1787512258.975847
1125,3315,p2,selection,149.19436645507812,1787512258.979762
1126,1125,p1,turn,11.42574691772461,1787512259.0170913
1126,3316,p1,selection,145.39263916015625,1787512259.0218008
1126,3317,p1,selection,198.5730743408203,1787512259.0263603
1126,3318,p1,selection,128.55926513671875,1787512259.031058
1126,1125,p2,turn,10.383999824523926,1787512259.0458624
1126,3316,p2,selection,159.9626007080078,1787512259.0508387
1126,3317,p2,selection,135.19558715820312,1787512259.0560129
1126,3318,p2,selection,153.8099365234375,1787512259.0608263
1127,1126,p1,turn,14.316225051879883,1787512259.1036954
1127,3319,p1,selection,246.51571655273438,1787512259.108101
1127,3320,p1,selection,244.14564514160156,1787512259.11245
1127,3321,p1,selection,198.0569305419922,1787512259.1168349
1127,1126,p2,turn,13.723557472229004,1787512259.131482
1127,3319,p2,selection,144.88986206054688,1787512259.1364107
1127,3320,p2,selection,95.91598510742188,1787512259.1416628
1127,3321,p2,selection,130.50140380859375,1787512259.1465964
1128,1127,p1,turn,11.62755012512207,1787512259.167936
1128,3322,p1,selection,194.75405883789062,1787512259.1730692
1128,3323,p1,selection,177.20217895507812,1787512259.177909
1128,3324,p1,selection,148.19790649414062,1787512259.1827776
1128,1127,p2,turn,9.076566696166992,1787512259.1982746
1128,3322,p2,selection,104.65443420410156,1787512259.2032416
1128,3323,p2,selection,130.03236389160156,1787512259.2081268
1128,3324,p2,selection,149.2885284423828,1787512259.2120085
1129,1128,p1,turn,12.223869323730469,1787512259.2318509
1129,3325,p1,selection,215.17636108398438,1787512259.236387
1129,3326,p1,selection,176.6785888671875,1787512259.2403655
1129,3327,p1,selection,151.5271453857422,1787512259.244762
1129,1128,p2,turn,12.290326118469238,1787512259.2581947
1129,3325,p2,selection,152.95765686035156,1787512259.2619398
1129,3326,p2,selection,79.75372314453125,1787512259.2657945
1129,3327,p2,selection,116.55087280273438,1787512259.269667
1130,1129,p1,turn,11.40988826751709,1787512259.2908962
1130,3328,p1,selection,245.15904235839844,1787512259.2946637
1130,3329,p1,selection,160.57095336914062,1787512259.2984383
1130,3330,p1,selection,196.91937255859375,1787512259.3022752
1130,1129,p2,turn,14.214253425598145,1787512259.3138385
1130,3328,p2,selection,177.0451202392578,1787512259.3177323
1130,3329,p2,selection,101.41695404052734,1787512259.3215463
1130,3330,p2,selection,108.38008880615234,1787512259.325226
1131,1130,p1,turn,9.052638053894043,1787512259.3442733
1131,3331,p1,selection,161.09344482421875,1787512259.347938
1131,3332,p1,selection,196.8894805908203,1787512259.351845
1131,3333,p1,selection,239.16799926757812,1787512259.3556037
1131,1130,p2,turn,9.48753833770752,1787512259.366734
1131,3331,p2,selection,114.3641357421875,1787512259.3706658
1131,3332,p2,selection,155.87890625,1787512259.3744357
1131,3333,p2,selection,186.53367614746094,1787512259.3781433
1132,1131,p1,turn,9.162115097045898,1787512259.4025142
1132,3334,p1,selection,237.12669372558594,1787512259.4064395
1132,3335,p1,selection,193.88613891601562,1787512259.4101908
1132,3336,p1,selection,143.80429077148438,1787512259.4139166
1132,1131,p2,turn,8.792658805847168,1787512259.4253411
1132,3334,p2,selection,83.99054718017578,1787512259.4290862
1132,3335,p2,selection,151.7460479736328,1787512259.4328277
1132,3336,p2,selection,137.489013671875,1787512259.4368005
1133,1132,p1,turn,6.979025363922119,1787512259.457956
1133,3337,p1,selection,191.42306518554688,1787512259.4616182
1133,3338,p1,selection,160.59429931640625,1787512259.4652593
1133,3339,p1,selection,223.50599670410156,1787512259.4691193
1133,1132,p2,turn,13.02279281616211,1787512259.4804947
1133,3337,p2,selection,102.4144515991211,1787512259.4843335
1133,3338,p2,selection,90.59832000732422,1787512259.4886649
1133,3339,p2,selection,129.9755401611328,1787512259.4923697
1134,1133,p1,turn,10.795443534851074,1787512259.5107346
1134,3340,p1,selection,138.7323455810547,1787512259.5145159
1134,3341,p1,selection,190.193115234375,1787512259.518527
1134,3342,p1,selection,160.7134246826172,1787512259.5223732
1134,1133,p2,turn,13.861848831176758,1787512259.5334675
1134,3340,p2,selection,145.5540008544922,1787512259.537371
1134,3341,p2,selection,155.0778350830078,1787512259.5410168
1134,3342,p2,selection,183.57376098632812,1787512259.5446296
1135,1134,p1,turn,7.747706890106201,1787512259.5632787
1135,3343,p1,selection,145.18148803710938,1787512259.5672762
1135,3344,p1,selection,213.31016540527344,1787512259.5711179
1135,3345,p1,selection,239.60348510742188,1787512259.5748324
1135,1134,p2,turn,10.650826454162598,1787512259.5866303
1135,3343,p2,selection,138.3199462890625,1787512259.5904193
1135,3344,p2,selection,125.2640380859375,1787512259.5941498
1135,3345,p2,selection,153.78680419921875,1787512259.5978422
1136,1135,p1,turn,9.720906257629395,1787512259.6265242
1136,3346,p1,selection,172.5809326171875,1787512259.6302965
1136,3347,p1,selection,177.10745239257812,1787512259.6344469
1136,3348,p1,selection,215.79446411132812,1787512259.6383245
1136,1135,p2,turn,9.204263687133789,1787512259.6494496
1136,3346,p2,selection,176.48350524902344,1787512259.653522
1136,3347,p2,selection,106.79594421386719,1787512259.6572278
1136,3348,p2,selection,132.30319213867188,1787512259.6608608
1137,1136,p1,turn,10.07530403137207,1787512259.67938
1137,3349,p1,selection,168.2604522705078,1787512259.6831577
1137,3350,p1,selection,189.82818603515625,1787512259.6874113
1137,3351,p1,selection,217.7457733154297,1787512259.6911087
1137,1136,p2,turn,11.12523078918457,1787512259.7034206
1137,3349,p2,selection,124.79306030273438,1787512259.7072458
1137,3350,p2,selection,120.55987548828125,1787512259.7116377
1137,3351,p2,selection,187.93722534179688,1787512259.7156258
1138,1137,p1,turn,8.372562408447266,1787512259.7357044
1138,3352,p1,selection,162.09536743164062,1787512259.7395692
1138,3353,p1,selection,220.761962890625,1787512259.7432778
1138,3354,p1,selection,183.5679473876953,1787512259.7469716
1138,1137,p2,turn,10.69901180267334,1787512259.7585926
1138,3352,p2,selection,128.42410278320312,1787512259.762321
1138,3353,p2,selection,144.91619873046875,1787512259.766093
1138,3354,p2,selection,156.93270874023438,1787512259.7700377
1139,1138,p1,turn,9.835075378417969,1787512259.7916334
1139,3355,p1,selection,181.28216552734375,1787512259.7953906
1139,3356,p1,selection,201.8242645263672,1787512259.7991333
1139,3357,p1,selection,143.19183349609375,1787512259.8031416
1139,1138,p2,turn,11.31380844116211,1787512259.8154855
1139,3355,p2,selection,136.88232421875,1787512259.8194735
1139,3356,p2,selection,136.49562072753906,1787512259.8232648
1139,3357,p2,selection,118.10559844970703,1787512259.8269367
1140,1139,p1,turn,17.06419563293457,1787512259.86092
1140,3358,p1,selection,169.9873504638672,1787512259.8646898
1140,3359,p1,selection,217.23374938964844,1787512259.8688009
1140,3360,p1,selection,169.86544799804688,1787512259.8726766
1140,1139,p2,turn,10.411954879760742,1787512259.8841836
1140,3358,p2,selection,166.61761474609375,1787512259.8879657
1140,3359,p2,selection,157.50289916992188,1787512259.8916676
1140,3360,p2,selection,125.51273345947266,1787512259.8954158
1141,1140,p1,turn,12.541997909545898,1787512259.914368
1141,3361,p1,selection,190.59210205078125,1787512259.9183328
1141,3362,p1,selection,153.0744171142578,1787512259.9221616
1141,3363,p1,selection,253.7303466796875,1787512259.9259243
1141,1140,p2,turn,9.45089054107666,1787512259.9373293
1141,3361,p2,selection,83.694091796875,1787512259.941079
1141,3362,p2,selection,149.94322204589844,1787512259.9447265
1141,3363,p2,selection,150.47462463378906,1787512259.9483886
1142,1141,p1,turn,9.017797470092773,1787512259.9681077
1142,3364,p1,selection,215.16250610351562,1787512259.9726002
1142,3365,p1,selection,177.732177734375,1787512259.9808438
1142,3366,p1,selection,208.9481964111328,1787512259.9854562
1142,1141,p2,turn,9.821785926818848,1787512259.999416
1142,3364,p2,selection,105.48392486572266,1787512260.0053709
1142,3365,p2,selection,165.8134002685547,1787512260.0093348
1142,3366,p2,selection,141.17994689941406,1787512260.0134802
1143,1142,p1,turn,14.368571281433105,1787512260.047009
1143,3367,p1,selection,238.48789978027344,1787512260.051211
1143,3368,p1,selection,159.61016845703125,1787512260.055123
1143,3369,p1,selection,215.34902954101562,1787512260.0587585
1143,1142,p2,turn,11.603367805480957,1787512260.0725303
1143,3367,p2,selection,139.32046508789062,1787512260.076942
1143,3368,p2,selection,120.35753631591797,1787512260.0813951
1143,3369,p2,selection,177.35401916503906,1787512260.0859141
1144,1143,p1,turn,10.416292190551758,1787512260.1156194
1144,3370,p1,selection,173.40811157226562,1787512260.119531
1144,3371,p1,selection,169.85922241210938,1787512260.1233337
1144,3372,p1,selection,214.8412322998047,1787512260.1270108
1144,1143,p2,turn,10.535765647888184,1787512260.138716
1144,3370,p2,selection,139.10177612304688,1787512260.1423578
1144,3371,p2,selection,120.3556137084961,1787512260.1460326
1144,3372,p2,selection,177.5119171142578,1787512260.1496487
1145,1144,p1,turn,8.425716400146484,1787512260.1715548
1145,3373,p1,selection,219.48049926757812,1787512260.1761155
1145,3374,p1,selection,252.61309814453125,1787512260.1805563
1145,3375,p1,selection,180.57508850097656,1787512260.1852148
1145,1144,p2,turn,9.012813568115234,1787512260.1976163
1145,3373,p2,selection,105.1020736694336,1787512260.2016304
1145,3374,p2,selection,137.8540496826172,1787512260.2054677
1145,3375,p2,selection,131.3616943359375,1787512260.209229
1146,1145,p1,turn,11.011353492736816,1787512260.2371573
1146,3376,p1,selection,204.77919006347656,1787512260.2409375
1146,3377,p1,selection,232.98936462402344,1787512260.2446837
1146,3378,p1,selection,87.4685287475586,1787512260.2484362
1146,1145,p2,turn,8.692340850830078,1787512260.260106
1146,3376,p2,selection,154.0522003173828,1787512260.263882
1146,3377,p2,selection,103.55543518066406,1787512260.2679458
1146,3378,p2,selection,133.6988067626953,1787512260.271826
1147,1146,p1,turn,7.68311071395874,1787512260.28912
1147,3379,p1,selection,171.50868225097656,1787512260.2927992
1147,3380,p1,selection,228.3194580078125,1787512260.2964342
1147,3381,p1,selection,161.82070922851562,1787512260.3004346
1147,1146,p2,turn,9.033699035644531,1787512260.3118744
1147,3379,p2,selection,141.19671630859375,1787512260.3156216
1147,3380,p2,selection,161.85601806640625,1787512260.3193648
1147,3381,p2,selection,186.2639617919922,1787512260.3231392
1148,1147,p1,turn,11.952980041503906,1787512260.3494437
1148,3382,p1,selection,216.23167419433594,1787512260.3533776
1148,3383,p1,selection,174.9638671875,1787512260.3570995
1148,3384,p1,selection,175.930419921875,1787512260.3607323
1148,1147,p2,turn,11.590522766113281,1787512260.3722906
1148,3382,p2,selection,154.38421630859375,1787512260.3759315
1148,3383,p2,selection,114.23112487792969,1787512260.3796275
1148,3384,p2,selection,139.3461456298828,1787512260.3835049
1149,1148,p1,turn,9.03116226196289,1787512260.4013448
1149,3385,p1,selection,206.81851196289062,1787512260.406791
1149,3386,p1,selection,181.5387725830078,1787512260.4104793
1149,3387,p1,selection,188.30685424804688,1787512260.414194
1149,1148,p2,turn,10.245302200317383,1787512260.4256697
1149,3385,p2,selection,162.248291015625,1787512260.4295309
1149,3386,p2,selection,180.00640869140625,1787512260.433682
1149,3387,p2,selection,115.78874206542969,1787512260.4378788
1150,1149,p1,turn,12.93582820892334,1787512260.4696622
1150,3388,p1,selection,233.95904541015625,1787512260.4738402
1150,3389,p1,selection,184.87351989746094,1787512260.4779148
1150,3390,p1,selection,159.78652954101562,1787512260.481919
1150,1149,p2,turn,16.779071807861328,1787512260.4943883
1150,3388,p2,selection,176.02206420898438,1787512260.4985595
1150,3389,p2,selection,99.27459716796875,1787512260.5027153
1150,3390,p2,selection,163.2940673828125,1787512260.5066373
1151,1150,p1,turn,6.433465480804443,1787512260.5332131
1151,3391,p1,selection,106.2951431274414,1787512260.537947
1151,3392,p1,selection,158.60487365722656,1787512260.542123
1151,3393,p1,selection,160.64761352539062,1787512260.5459127
1151,1150,p2,turn,11.791461944580078,1787512260.558688
1151,3391,p2,selection,168.53143310546875,1787512260.5626836
1151,3392,p2,selection,108.59497833251953,1787512260.5667539
1151,3393,p2,selection,150.07345581054688,1787512260.5708601
1152,1151,p1,turn,9.294914245605469,1787512260.5973477
1152,3394,p1,selection,137.1570281982422,1787512260.601701
1152,3395,p1,selection,163.91305541992188,1787512260.6058745
1152,3396,p1,selection,173.41294860839844,1787512260.609966
1152,1151,p2,turn,8.748799324035645,1787512260.6238868
1152,3394,p2,selection,86.16126251220703,1787512260.6288564
1152,3395,p2,selection,147.53521728515625,1787512260.6339014
1152,3396,p2,selection,114.96548461914062,1787512260.639103
1153,1152,p1,turn,14.076896667480469,1787512260.660015
1153,3397,p1,selection,125.93635559082031,1787512260.6639595
1153,3398,p1,selection,198.2061767578125,1787512260.668045
1153,3399,p1,selection,215.4781036376953,1787512260.6719594
1153,1152,p2,turn,11.232442855834961,1787512260.684177
1153,3397,p2,selection,129.35513305664062,1787512260.6881669
1153,3398,p2,selection,147.21209716796875,1787512260.6920455
1153,3399,p2,selection,136.39076232910156,1787512260.6958692
1154,1153,p1,turn,8.0374755859375,1787512260.715984
1154,3400,p1,selection,181.64833068847656,1787512260.7203858
1154,3401,p1,selection,151.6132354736328,1787512260.7243946
1154,3402,p1,selection,182.86488342285156,1787512260.7284563
1154,1153,p2,turn,13.387837409973145,1787512260.740381
1154,3400,p2,selection,127.71761322021484,1787512260.744669
1154,3401,p2,selection,137.7583770751953,1787512260.7486393
1154,3402,p2,selection,133.31524658203125,1787512260.7526124
1155,1154,p1,turn,12.25456428527832,1787512260.7715943
1155,3403,p1,selection,186.1395721435547,1787512260.775441
1155,3404,p1,selection,213.08168029785156,1787512260.7795274
1155,3405,p1,selection,149.8650665283203,1787512260.7834108
1155,1154,p2,turn,12.237778663635254,1787512260.798375
1155,3403,p2,selection,178.73812866210938,1787512260.8032184
1155,3404,p2,selection,78.61751556396484,1787512260.8078494
1155,3405,p2,selection,101.79815673828125,1787512260.8125467
1156,1155,p1,turn,7.195620536804199,1787512260.8343046
1156,3406,p1,selection,208.49166870117188,1787512260.8384535
1156,3407,p1,selection,127.24932098388672,1787512260.8425038
1156,3408,p1,selection,170.76478576660156,1787512260.8464026
1156,1155,p2,turn,14.016115188598633,1787512260.8586478
1156,3406,p2,selection,133.1339569091797,1787512260.8626413
1156,3407,p2,selection,89.95906829833984,1787512260.866806
1156,3408,p2,selection,118.88693237304688,1787512260.8709872
1157,1156,p1,turn,10.661874771118164,1787512260.895779
1157,3409,p1,selection,164.03025817871094,1787512260.901141
1157,3410,p1,selection,168.1676025390625,1787512260.905182
1157,3411,p1,selection,192.0833740234375,1787512260.909088
1157,1156,p2,turn,8.651351928710938,1787512260.9212246
1157,3409,p2,selection,95.79524230957031,1787512260.925028
1157,3410,p2,selection,144.155029296875,1787512260.9289176
1157,3411,p2,selection,138.39956665039062,1787512260.9326923
1158,1157,p1,turn,10.664390563964844,1787512260.951897
1158,3412,p1,selection,147.0702667236328,1787512260.956255
1158,3413,p1,selection,139.20458984375,1787512260.9601197
1158,3414,p1,selection,150.49185180664062,1787512260.964906
1158,1157,p2,turn,11.611343383789062,1787512260.9799209
1158,3412,p2,selection,106.02195739746094,1787512260.984868
1158,3413,p2,selection,120.03968811035156,1787512260.9896004
1158,3414,p2,selection,191.60699462890625,1787512260.9944475
1159,1158,p1,turn,11.36629581451416,1787512261.0151167
1159,3415,p1,selection,137.58221435546875,1787512261.019982
1159,3416,p1,selection,193.57177734375,1787512261.0241618
1159,3417,p1,selection,209.23052978515625,1787512261.0281818
1159,1158,p2,turn,11.486215591430664,1787512261.0400593
1159,3415,p2,selection,141.9662628173828,1787512261.0439591
1159,3416,p2,selection,95.48139953613281,1787512261.0483115
1159,3417,p2,selection,186.30984497070312,1787512261.0530756
1160,1159,p1,turn,9.838428497314453,1787512261.092225
1160,3418,p1,selection,176.42210388183594,1787512261.0960171
1160,3419,p1,selection,182.30258178710938,1787512261.0997913
1160,3420,p1,selection,136.876708984375,1787512261.1041305
1160,1159,p2,turn,8.023427963256836,1787512261.116457
1160,3418,p2,selection,141.98171997070312,1787512261.1208203
1160,3419,p2,selection,127.97638702392578,1787512261.1247733
1160,3420,p2,selection,178.9637908935547,1787512261.1288362
1161,1160,p1,turn,10.115447044372559,1787512261.1484993
1161,3421,p1,selection,159.7506561279297,1787512261.1538336
1161,3422,p1,selection,215.01242065429688,1787512261.1577973
1161,3423,p1,selection,185.91778564453125,1787512261.1617513
1161,1160,p2,turn,12.395232200622559,1787512261.1744857
1161,3421,p2,selection,117.19707489013672,1787512261.1786005
1161,3422,p2,selection,85.82138061523438,1787512261.1829383
1161,3423,p2,selection,149.93479919433594,1787512261.1873565
1162,1161,p1,turn,7.650205612182617,1787512261.227448
1162,3424,p1,selection,170.07025146484375,1787512261.2315025
1162,3425,p1,selection,207.5033416748047,1787512261.2356834
1162,3426,p1,selection,138.2032928466797,1787512261.239736
1162,1161,p2,turn,13.792318344116211,1787512261.2517436
1162,3424,p2,selection,122.32637023925781,1787512261.2557666
1162,3425,p2,selection,110.47516632080078,1787512261.2596664
1162,3426,p2,selection,118.29507446289062,1787512261.2637281
1163,1162,p1,turn,11.762412071228027,1787512261.2903106
1163,3427,p1,selection,299.6015625,1787512261.2950659
1163,3428,p1,selection,207.8582305908203,1787512261.2997642
1163,3429,p1,selection,176.08920288085938,1787512261.3050613
1163,1162,p2,turn,11.425131797790527,1787512261.3182402
1163,3427,p2,selection,148.62008666992188,1787512261.322245
1163,3428,p2,selection,107.87371826171875,1787512261.3260546
1163,3429,p2,selection,177.23440551757812,1787512261.3298094
1164,1163,p1,turn,8.28840446472168,1787512261.3541358
1164,3430,p1,selection,239.79666137695312,1787512261.3579283
1164,3431,p1,selection,90.59598541259766,1787512261.3615942
1164,3432,p1,selection,174.85888671875,1787512261.3653615
1164,1163,p2,turn,9.738762855529785,1787512261.3767583
1164,3430,p2,selection,119.34770965576172,1787512261.3803976
1164,3431,p2,selection,153.10604858398438,1787512261.3843036
1164,3432,p2,selection,135.2340087890625,1787512261.3881934
1165,1164,p1,turn,7.352340221405029,1787512261.4094043
1165,3433,p1,selection,235.2379150390625,1787512261.413885
1165,3434,p1,selection,171.98609924316406,1787512261.4178882
1165,3435,p1,selection,141.48040771484375,1787512261.421703
1165,1164,p2,turn,12.998193740844727,1787512261.4329705
1165,3433,p2,selection,117.22026824951172,1787512261.4370499
1165,3434,p2,selection,107.35746002197266,1787512261.4408016
1165,3435,p2,selection,135.0250244140625,1787512261.4446714
1166,1165,p1,turn,13.306439399719238,1787512261.47122
1166,3436,p1,selection,208.43199157714844,1787512261.4749453
1166,3437,p1,selection,134.08607482910156,1787512261.4795167
1166,3438,p1,selection,156.4147491455078,1787512261.4840763
1166,1165,p2,turn,9.437738418579102,1787512261.4976256
1166,3436,p2,selection,135.57791137695312,1787512261.502231
1166,3437,p2,selection,168.46458435058594,1787512261.5067654
1166,3438,p2,selection,136.93528747558594,1787512261.511251
1167,1166,p1,turn,11.598642349243164,1787512261.5342553
1167,3439,p1,selection,167.43341064453125,1787512261.5380862
1167,3440,p1,selection,158.24041748046875,1787512261.541912
1167,3441,p1,selection,204.6038360595703,1787512261.5456238
1167,1166,p2,turn,10.758785247802734,1787512261.557323
1167,3439,p2,selection,157.80075073242188,1787512261.5610473
1167,3440,p2,selection,162.80055236816406,1787512261.5647507
1167,3441,p2,selection,129.22244262695312,1787512261.568701
1168,1167,p1,turn,13.911712646484375,1787512261.5932631
1168,3442,p1,selection,260.2457580566406,1787512261.5970397
1168,3443,p1,selection,260.8080139160156,1787512261.6009572
1168,3444,p1,selection,224.34158325195312,1787512261.6047955
1168,1167,p2,turn,8.519339561462402,1787512261.6155696
1168,3442,p2,selection,97.71298217773438,1787512261.6196687
1168,3443,p2,selection,119.7706527709961,1787512261.6234937
1168,3444,p2,selection,142.75759887695312,1787512261.6272264
1169,1168,p1,turn,11.974189758300781,1787512261.654346
1169,3445,p1,selection,154.7996826171875,1787512261.6581016
1169,3446,p1,selection,155.84922790527344,1787512261.661841
1169,3447,p1,selection,148.4533233642578,1787512261.665596
1169,1168,p2,turn,7.6851606369018555,1787512261.676659
1169,3445,p2,selection,108.84318542480469,1787512261.6804502
1169,3446,p2,selection,142.560302734375,1787512261.6845229
1169,3447,p2,selection,156.2334747314453,1787512261.688356
1170,1169,p1,turn,11.119253158569336,1787512261.7260973
1170,3448,p1,selection,233.53533935546875,1787512261.7298932
1170,3449,p1,selection,199.24020385742188,1787512261.7337744
1170,3450,p1,selection,109.95547485351562,1787512261.7378776
1170,1169,p2,turn,12.082929611206055,1787512261.750266
1170,3448,p2,selection,149.30740356445312,1787512261.7547436
1170,3449,p2,selection,154.5784912109375,1787512261.758661
1170,3450,p2,selection,100.09256744384766,1787512261.7627275
1171,1170,p1,turn,10.014766693115234,1787512261.7951105
1171,3451,p1,selection,162.98281860351562,1787512261.798825
1171,3452,p1,selection,181.8976593017578,1787512261.8028188
1171,3453,p1,selection,135.57015991210938,1787512261.8068314
1171,1170,p2,turn,12.616992950439453,1787512261.8186083
1171,3451,p2,selection,133.2123565673828,1787512261.8229907
1171,3452,p2,selection,170.40171813964844,1787512261.8274496
1171,3453,p2,selection,124.1270751953125,1787512261.8319128
1172,1171,p1,turn,9.1895112991333,1787512261.8528407
1172,3454,p1,selection,153.28720092773438,1787512261.8566842
1172,3455,p1,selection,275.0340270996094,1787512261.860351
1172,3456,p1,selection,165.265869140625,1787512261.8640459
1172,1171,p2,turn,16.688648223876953,1787512261.8760302
1172,3454,p2,selection,130.86778259277344,1787512261.8796916
1172,3455,p2,selection,148.21632385253906,1787512261.8835142
1172,3456,p2,selection,106.1489028930664,1787512261.887609
1173,1172,p1,turn,10.431976318359375,1787512261.9052317
1173,3457,p1,selection,208.26779174804688,1787512261.9089255
1173,3458,p1,selection,242.07568359375,1787512261.9125614
1173,3459,p1,selection,177.16897583007812,1787512261.9162083
1173,1172,p2,turn,10.950366973876953,1787512261.9275498
1173,3457,p2,selection,135.75611877441406,1787512261.9312325
1173,3458,p2,selection,183.00927734375,1787512261.935165
1173,3459,p2,selection,183.85513305664062,1787512261.9389565
1174,1173,p1,turn,10.896553039550781,1787512261.974461
1174,3460,p1,selection,226.26983642578125,1787512261.978263
1174,3461,p1,selection,160.82305908203125,1787512261.98191
1174,3462,p1,selection,223.42843627929688,1787512261.985832
1174,1173,p2,turn,8.006698608398438,1787512261.997854
1174,3460,p2,selection,135.1016387939453,1787512262.0018063
1174,3461,p2,selection,131.09164428710938,1787512262.0055842
1174,3462,p2,selection,164.0281524658203,1787512262.0092556
1175,1174,p1,turn,9.371211051940918,1787512262.0366786
1175,3463,p1,selection,223.78688049316406,1787512262.0405858
1175,3464,p1,selection,146.48313903808594,1787512262.0443063
1175,3465,p1,selection,149.6161346435547,1787512262.0480046
1175,1174,p2,turn,7.309998989105225,1787512262.059403
1175,3463,p2,selection,116.91136169433594,1787512262.0630608
1175,3464,p2,selection,186.1717529296875,1787512262.0668564
1175,3465,p2,selection,100.54795837402344,1787512262.070711
1176,1175,p1,turn,8.957459449768066,1787512262.0926154
1176,3466,p1,selection,190.0395965576172,1787512262.0963671
1176,3467,p1,selection,171.5611572265625,1787512262.1002083
1176,3468,p1,selection,244.3676300048828,1787512262.1043108
1176,1175,p2,turn,12.344001770019531,1787512262.1153636
1176,3466,p2,selection,71.51093292236328,1787512262.1191585
1176,3467,p2,selection,141.60208129882812,1787512262.1229403
1176,3468,p2,selection,137.50860595703125,1787512262.1265948
1177,1176,p1,turn,12.875442504882812,1787512262.1434247
1177,3469,p1,selection,202.63558959960938,1787512262.1471207
1177,3470,p1,selection,178.40354919433594,1787512262.1510856
1177,3471,p1,selection,216.09649658203125,1787512262.154911
1177,1176,p2,turn,9.01801872253418,1787512262.166427
1177,3469,p2,selection,204.94680786132812,1787512262.170486
1177,3470,p2,selection,133.28079223632812,1787512262.1742134
1177,3471,p2,selection,123.47624206542969,1787512262.1778154
1178,1177,p1,turn,7.346685409545898,1787512262.198251
1178,3472,p1,selection,212.93919372558594,1787512262.2021468
1178,3473,p1,selection,306.8962097167969,1787512262.205957
1178,3474,p1,selection,212.0196533203125,1787512262.2097032
1178,1177,p2,turn,12.437638282775879,1787512262.221535
1178,3472,p2,selection,113.71121215820312,1787512262.2252605
1178,3473,p2,selection,180.22434997558594,1787512262.228977
1178,3474,p2,selection,128.90908813476562,1787512262.2326684
1179,1178,p1,turn,12.18544864654541,1787512262.2515194
1179,3475,p1,selection,191.29928588867188,1787512262.255359
1179,3476,p1,selection,146.75662231445312,1787512262.259073
1179,3477,p1,selection,219.5774688720703,1787512262.2628434
1179,1178,p2,turn,10.521330833435059,1787512262.27437
1179,3475,p2,selection,153.9561309814453,1787512262.2779787
1179,3476,p2,selection,100.70423126220703,1787512262.2816267
1179,3477,p2,selection,150.81903076171875,1787512262.2856686
1180,1179,p1,turn,14.621223449707031,1787512262.3081622
1180,3478,p1,selection,178.89236450195312,1787512262.3118906
1180,3479,p1,selection,147.02955627441406,1787512262.3155951
1180,3480,p1,selection,117.77871704101562,1787512262.3195195
1180,1179,p2,turn,9.694509506225586,1787512262.331237
1180,3478,p2,selection,142.27870178222656,1787512262.335321
1180,3479,p2,selection,88.34610748291016,1787512262.3391852
1180,3480,p2,selection,120.75807189941406,1787512262.342878
1181,1180,p1,turn,12.731719017028809,1787512262.3607287
1181,3481,p1,selection,217.6333770751953,1787512262.3644242
1181,3482,p1,selection,115.49432373046875,1787512262.3686233
1181,3483,p1,selection,173.04946899414062,1787512262.3725157
1181,1180,p2,turn,8.686180114746094,1787512262.3841064
1181,3481,p2,selection,120.44330596923828,1787512262.3879516
1181,3482,p2,selection,118.22074127197266,1787512262.391665
1181,3483,p2,selection,112.48822784423828,1787512262.3953626
1182,1181,p1,turn,9.252298355102539,1787512262.422357
1182,3484,p1,selection,163.49742126464844,1787512262.4261568
1182,3485,p1,selection,189.2724609375,1787512262.4299715
1182,3486,p1,selection,131.13577270507812,1787512262.4339006
1182,1181,p2,turn,10.353558540344238,1787512262.4456184
1182,3484,p2,selection,153.50634765625,1787512262.4494865
1182,3485,p2,selection,83.78324890136719,1787512262.4540176
1182,3486,p2,selection,191.26441955566406,1787512262.4579692
1183,1182,p1,turn,8.379947662353516,1787512262.4899838
1183,3487,p1,selection,253.55213928222656,1787512262.4946656
1183,3488,p1,selection,181.36907958984375,1787512262.498984
1183,3489,p1,selection,185.79434204101562,1787512262.503823
1183,1182,p2,turn,11.426074028015137,1787512262.5217645
1183,3487,p2,selection,185.44003295898438,1787512262.5267525
1183,3488,p2,selection,145.13990783691406,1787512262.5309873
1183,3489,p2,selection,122.07263946533203,1787512262.5358975
1184,1183,p1,turn,10.760176658630371,1787512262.5577123
1184,3490,p1,selection,190.17779541015625,1787512262.5624082
1184,3491,p1,selection,154.06411743164062,1787512262.5663223
1184,3492,p1,selection,239.53480529785156,1787512262.5710254
1184,1183,p2,turn,8.59082317352295,1787512262.584174
1184,3490,p2,selection,151.6121368408203,1787512262.5890164
1184,3491,p2,selection,149.2161407470703,1787512262.5930626
1184,3492,p2,selection,151.23526000976562,1787512262.5980275
1185,1184,p1,turn,13.019782066345215,1787512262.6351857
1185,3493,p1,selection,173.34194946289062,1787512262.6402562
1185,3494,p1,selection,190.29495239257812,1787512262.6450348
1185,3495,p1,selection,126.64625549316406,1787512262.6499288
1185,1184,p2,turn,10.696474075317383,1787512262.6644342
1185,3493,p2,selection,120.8794937133789,1787512262.6692648
1185,3494,p2,selection,198.6241455078125,1787512262.6740828
1185,3495,p2,selection,96.2418212890625,1787512262.6789005
1186,1185,p1,turn,11.89726448059082,1787512262.7061975
1186,3496,p1,selection,118.84876251220703,1787512262.710814
1186,3497,p1,selection,162.1158447265625,1787512262.7154467
1186,3498,p1,selection,161.784912109375,1787512262.721828
1186,1185,p2,turn,10.984253883361816,1787512262.7342188
1186,3496,p2,selection,121.58352661132812,1787512262.738248
1186,3497,p2,selection,151.83067321777344,1787512262.7421117
1186,3498,p2,selection,118.86058044433594,1787512262.7458715
1187,1186,p1,turn,10.40259075164795,1787512262.7661943
1187,3499,p1,selection,107.36507415771484,1787512262.7707112
1187,3500,p1,selection,177.85421752929688,1787512262.7749696
1187,3501,p1,selection,216.87338256835938,1787512262.7789834
1187,1186,p2,turn,12.951131820678711,1787512262.791446
1187,3499,p2,selection,115.84681701660156,1787512262.7954664
1187,3500,p2,selection,135.9356231689453,1787512262.799673
1187,3501,p2,selection,107.69551849365234,1787512262.8042066
1188,1187,p1,turn,8.60865306854248,1787512262.880644
1188,3502,p1,selection,170.7194061279297,1787512262.884995
1188,3503,p1,selection,272.314697265625,1787512262.889209
1188,3504,p1,selection,245.72711181640625,1787512262.893023
1188,1187,p2,turn,7.296390533447266,1787512262.90529
1188,3502,p2,selection,112.82809448242188,1787512262.9090924
1188,3503,p2,selection,171.15457153320312,1787512262.9129412
1188,3504,p2,selection,119.85768127441406,1787512262.9171655
1189,1188,p1,turn,9.90243911743164,1787512262.9467802
1189,3505,p1,selection,134.1231689453125,1787512262.9518018
1189,3506,p1,selection,147.4369659423828,1787512262.9559844
1189,3507,p1,selection,142.94943237304688,1787512262.959938
1189,1188,p2,turn,9.759781837463379,1787512262.9723341
1189,3505,p2,selection,139.50254821777344,1787512262.9763274
1189,3506,p2,selection,113.7669906616211,1787512262.980438
1189,3507,p2,selection,148.8238067626953,1787512262.9847121
1190,1189,p1,turn,7.538224697113037,1787512263.0140257
1190,3508,p1,selection,177.2723388671875,1787512263.0183356
1190,3509,p1,selection,231.96839904785156,1787512263.022259
1190,3510,p1,selection,208.03192138671875,1787512263.0263457
1190,1189,p2,turn,9.5043363571167,1787512263.0412502
1190,3508,p2,selection,160.153076171875,1787512263.0452352
1190,3509,p2,selection,136.50656127929688,1787512263.0490582
1190,3510,p2,selection,125.56196594238281,1787512263.0533485
1191,1190,p1,turn,10.033615112304688,1787512263.0815153
1191,3511,p1,selection,276.0812072753906,1787512263.0858035
1191,3512,p1,selection,156.73008728027344,1787512263.0899115
1191,3513,p1,selection,180.76905822753906,1787512263.0937536
1191,1190,p2,turn,11.824986457824707,1787512263.106173
1191,3511,p2,selection,148.13438415527344,1787512263.110023
1191,3512,p2,selection,137.8837890625,1787512263.1138105
1191,3513,p2,selection,134.1624755859375,1787512263.1179426
1192,1191,p1,turn,12.985795974731445,1787512263.147969
1192,3514,p1,selection,118.90692138671875,1787512263.1529717
1192,3515,p1,selection,215.93585205078125,1787512263.1580303
1192,3516,p1,selection,184.26683044433594,1787512263.1626902
1192,1191,p2,turn,14.118246078491211,1787512263.1760495
1192,3514,p2,selection,116.53514862060547,1787512263.1799476
1192,3515,p2,selection,134.884521484375,1787512263.1846983
1192,3516,p2,selection,187.30882263183594,1787512263.1902318
1193,1192,p1,turn,10.579324722290039,1787512263.2234297
1193,3517,p1,selection,202.8598175048828,1787512263.2272704
1193,3518,p1,selection,181.54196166992188,1787512263.2310753
1193,3519,p1,selection,206.85421752929688,1787512263.235142
1193,1192,p2,turn,8.82577133178711,1787512263.246731
1193,3517,p2,selection,107.17770385742188,1787512263.2507467
1193,3518,p2,selection,144.57127380371094,1787512263.2546177
1193,3519,p2,selection,113.88742065429688,1787512263.2584589
1194,1193,p1,turn,10.295125961303711,1787512263.2810779
1194,3520,p1,selection,172.82098388671875,1787512263.2851562
1194,3521,p1,selection,144.01724243164062,1787512263.289164
1194,3522,p1,selection,137.79129028320312,1787512263.2930262
1194,1193,p2,turn,14.272549629211426,1787512263.3048098
1194,3520,p2,selection,103.4715805053711,1787512263.3086717
1194,3521,p2,selection,132.33956909179688,1787512263.3125758
1194,3522,p2,selection,132.68679809570312,1787512263.3164365
1195,1194,p1,turn,10.405658721923828,1787512263.3345313
1195,3523,p1,selection,144.86798095703125,1787512263.3385623
1195,3524,p1,selection,258.045654296875,1787512263.3424153
1195,3525,p1,selection,167.36172485351562,1787512263.346282
1195,1194,p2,turn,10.017189025878906,1787512263.3578036
1195,3523,p2,selection,145.9409942626953,1787512263.3616693
1195,3524,p2,selection,177.7632598876953,1787512263.365449
1195,3525,p2,selection,138.9937744140625,1787512263.3695374
1196,1195,p1,turn,10.4522705078125,1787512263.3979466
1196,3526,p1,selection,132.95819091796875,1787512263.4020278
1196,3527,p1,selection,208.98614501953125,1787512263.405899
1196,3528,p1,selection,217.91639709472656,1787512263.409603
1196,1195,p2,turn,11.934870719909668,1787512263.4214065
1196,3526,p2,selection,159.049072265625,1787512263.4250703
1196,3527,p2,selection,81.32012176513672,1787512263.4287503
1196,3528,p2,selection,135.55441284179688,1787512263.4324803
1197,1196,p1,turn,9.32126522064209,1787512263.4762533
1197,3529,p1,selection,149.66531372070312,1787512263.4800043
1197,3530,p1,selection,230.0977783203125,1787512263.4840894
1197,3531,p1,selection,204.77536010742188,1787512263.4878936
1197,1196,p2,turn,10.16964054107666,1787512263.4998846
1197,3529,p2,selection,82.63624572753906,1787512263.5041184
1197,3530,p2,selection,102.31271362304688,1787512263.5078814
1197,3531,p2,selection,131.57083129882812,1787512263.5116537
1198,1197,p1,turn,7.869076251983643,1787512263.5445974
1198,3532,p1,selection,197.72723388671875,1787512263.5484362
1198,3533,p1,selection,174.146728515625,1787512263.55223
1198,3534,p1,selection,222.24732971191406,1787512263.5559776
1198,1197,p2,turn,10.47368335723877,1787512263.5673845
1198,3532,p2,selection,131.40931701660156,1787512263.571185
1198,3533,p2,selection,100.43122100830078,1787512263.5748196
1198,3534,p2,selection,97.5796890258789,1787512263.5784721
1199,1198,p1,turn,11.42695426940918,1787512263.5942938
1199,3535,p1,selection,252.8519744873047,1787512263.5979748
1199,3536,p1,selection,172.54864501953125,1787512263.6018724
1199,3537,p1,selection,183.03289794921875,1787512263.6057081
1199,1198,p2,turn,14.064814567565918,1787512263.6176183
1199,3535,p2,selection,209.33299255371094,1787512263.621357
1199,3536,p2,selection,138.70396423339844,1787512263.62511
1199,3537,p2,selection,148.52230834960938,1787512263.62884
1200,1199,p1,turn,13.839998245239258,1787512263.6730864
1200,3538,p1,selection,174.6935272216797,1787512263.6767948
1200,3539,p1,selection,246.08938598632812,1787512263.680492
1200,3540,p1,selection,197.7638702392578,1787512263.6845486
1200,1199,p2,turn,14.636495590209961,1787512263.6958866
1200,3538,p2,selection,155.46804809570312,1787512263.6996303
1200,3539,p2,selection,145.6831512451172,1787512263.7036116
1200,3540,p2,selection,139.8959503173828,1787512263.7074094
1201,1200,p1,turn,10.803470611572266,1787512263.7291608
1201,3541,p1,selection,140.26559448242188,1787512263.7337
1201,3542,p1,selection,151.74818420410156,1787512263.7383873
1201,3543,p1,selection,158.54127502441406,1787512263.742827
1201,1200,p2,turn,12.761941909790039,1787512263.7570868
1201,3541,p2,selection,158.67584228515625,1787512263.7616868
1201,3542,p2,selection,133.18341064453125,1787512263.7652884
1201,3543,p2,selection,170.3216552734375,1787512263.769201
1202,1201,p1,turn,10.521227836608887,1787512263.78615
1202,3544,p1,selection,150.2672882080078,1787512263.7900462
1202,3545,p1,selection,197.33221435546875,1787512263.7938628
1202,3546,p1,selection,182.84890747070312,1787512263.7981215
1202,1201,p2,turn,15.098443984985352,1787512263.8110964
1202,3544,p2,selection,109.97125244140625,1787512263.814903
1202,3545,p2,selection,142.54150390625,1787512263.819456
1202,3546,p2,selection,99.45359802246094,1787512263.8242457
1203,1202,p1,turn,8.622064590454102,1787512263.897603
1203,3547,p1,selection,144.2611846923828,1787512263.9021883
1203,3548,p1,selection,154.94944763183594,1787512263.9067419
1203,3549,p1,selection,214.09767150878906,1787512263.911131
1203,1202,p2,turn,7.389950752258301,1787512263.9257383
1203,3547,p2,selection,147.2232666015625,1787512263.9299543
1203,3548,p2,selection,165.45925903320312,1787512263.9346092
1203,3549,p2,selection,115.29289245605469,1787512263.9391713
1204,1203,p1,turn,9.33655834197998,1787512263.96082
1204,3550,p1,selection,261.2574768066406,1787512263.9659278
1204,3551,p1,selection,131.9625244140625,1787512263.970842
1204,3552,p1,selection,160.5522918701172,1787512263.9754956
1204,1203,p2,turn,6.691774368286133,1787512263.9899945
1204,3550,p2,selection,120.98790740966797,1787512263.9950225
1204,3551,p2,selection,96.41545104980469,1787512263.9994748
1204,3552,p2,selection,164.51104736328125,1787512264.0041778
1205,1204,p1,turn,8.788796424865723,1787512264.0238938
1205,3553,p1,selection,161.85549926757812,1787512264.0275757
1205,3554,p1,selection,163.77696228027344,1787512264.0313954
1205,3555,p1,selection,283.3608703613281,1787512264.0353107
1205,1204,p2,turn,14.139498710632324,1787512264.0469167
1205,3553,p2,selection,100.0506591796875,1787512264.0508885
1205,3554,p2,selection,176.67324829101562,1787512264.0546784
1205,3555,p2,selection,135.8878936767578,1787512264.0583024
1206,1205,p1,turn,9.161672592163086,1787512264.0773094
1206,3556,p1,selection,207.46620178222656,1787512264.0810251
1206,3557,p1,selection,148.1307830810547,1787512264.0849502
1206,3558,p1,selection,230.2259063720703,1787512264.0888033
1206,1205,p2,turn,9.117386817932129,1787512264.1003294
1206,3556,p2,selection,119.18375396728516,1787512264.104195
1206,3557,p2,selection,146.53564453125,1787512264.1078293
1206,3558,p2,selection,98.62339782714844,1787512264.112067
1207,1206,p1,turn,7.5189738273620605,1787512264.1461809
1207,3559,p1,selection,180.99050903320312,1787512264.1512542
1207,3560,p1,selection,221.5537109375,1787512264.156082
1207,3561,p1,selection,201.8867950439453,1787512264.161029
1207,1206,p2,turn,7.254136562347412,1787512264.17563
1207,3559,p2,selection,106.10746002197266,1787512264.1798
1207,3560,p2,selection,129.45655822753906,1787512264.1843112
1207,3561,p2,selection,135.036376953125,1787512264.1886451
1208,1207,p1,turn,8.783455848693848,1787512264.2126248
1208,3562,p1,selection,205.76785278320312,1787512264.2176847
1208,3563,p1,selection,156.2346649169922,1787512264.222829
1208,3564,p1,selection,168.916748046875,1787512264.2275684
1208,1207,p2,turn,7.374334812164307,1787512264.242835
1208,3562,p2,selection,120.72962951660156,1787512264.2475128
1208,3563,p2,selection,138.77517700195312,1787512264.2523205
1208,3564,p2,selection,140.375732421875,1787512264.2573977
1209,1208,p1,turn,10.405660629272461,1787512264.278081
1209,3565,p1,selection,207.44297790527344,1787512264.282047
1209,3566,p1,selection,196.610107421875,1787512264.2861383
1209,3567,p1,selection,204.29917907714844,1787512264.2900841
1209,1208,p2,turn,6.876147270202637,1787512264.3021023
1209,3565,p2,selection,110.83304595947266,1787512264.3062983
1209,3566,p2,selection,109.27306365966797,1787512264.3104014
1209,3567,p2,selection,97.67704772949219,1787512264.3147533
1210,1209,p1,turn,9.082521438598633,1787512264.341215
1210,3568,p1,selection,251.2966766357422,1787512264.3457778
1210,3569,p1,selection,143.59230041503906,1787512264.3505545
1210,3570,p1,selection,131.22666931152344,1787512264.3553398
1210,1209,p2,turn,12.51213550567627,1787512264.3683124
1210,3568,p2,selection,118.36205291748047,1787512264.372494
1210,3569,p2,selection,104.78368377685547,1787512264.376531
1210,3570,p2,selection,132.25634765625,1787512264.3808181
1211,1210,p1,turn,9.00236701965332,1787512264.40022
1211,3571,p1,selection,130.2890167236328,1787512264.4052427
1211,3572,p1,selection,302.671875,1787512264.4094312
1211,3573,p1,selection,211.26458740234375,1787512264.4133987
1211,1210,p2,turn,13.30252456665039,1787512264.428324
1211,3571,p2,selection,121.58673095703125,1787512264.4338107
1211,3572,p2,selection,124.44254302978516,1787512264.4400141
1211,3573,p2,selection,155.98031616210938,1787512264.4459283
1212,1211,p1,turn,7.928598880767822,1787512264.4825075
1212,3574,p1,selection,206.09364318847656,1787512264.5022435
1212,3575,p1,selection,214.82655334472656,1787512264.5280948
1212,3576,p1,selection,172.3648223876953,1787512264.5342715
1212,1211,p2,turn,11.746103286743164,1787512264.5514758
1212,3574,p2,selection,124.79586029052734,1787512264.5568542
1212,3575,p2,selection,137.10546875,1787512264.5624835
1212,3576,p2,selection,92.10348510742188,1787512264.5679424
1213,1212,p1,turn,9.432966232299805,1787512264.5895424
1213,3577,p1,selection,121.24853515625,1787512264.594534
1213,3578,p1,selection,158.96966552734375,1787512264.599627
1213,3579,p1,selection,186.5400390625,1787512264.6048863
1213,1212,p2,turn,9.591534614562988,1787512264.6201727
1213,3577,p2,selection,129.8485565185547,1787512264.6252842
1213,3578,p2,selection,145.01361083984375,1787512264.6304433
1213,3579,p2,selection,89.94155883789062,1787512264.6356294
1214,1213,p1,turn,10.59569263458252,1787512264.6566765
1214,3580,p1,selection,164.36964416503906,1787512264.6612508
1214,3581,p1,selection,201.2317352294922,1787512264.6653342
1214,3582,p1,selection,145.76321411132812,1787512264.6699448
1214,1213,p2,turn,9.719529151916504,1787512264.683652
1214,3580,p2,selection,146.0040740966797,1787512264.6880338
1214,3581,p2,selection,207.67042541503906,1787512264.693007
1214,3582,p2,selection,118.84483337402344,1787512264.6982994
1215,1214,p1,turn,7.883787155151367,1787512264.729357
1215,3583,p1,selection,128.50140380859375,1787512264.7336445
1215,3584,p1,selection,158.19866943359375,1787512264.7387285
1215,3585,p1,selection,192.5622100830078,1787512264.7429674
1215,1214,p2,turn,13.253582000732422,1787512264.7549512
1215,3583,p2,selection,171.74197387695312,1787512264.7588968
1215,3584,p2,selection,118.96288299560547,1787512264.7628326
1215,3585,p2,selection,205.10740661621094,1787512264.7670016
1216,1215,p1,turn,10.247564315795898,1787512264.789806
1216,3586,p1,selection,131.80157470703125,1787512264.7946067
1216,3587,p1,selection,215.60879516601562,1787512264.799598
1216,3588,p1,selection,173.17138671875,1787512264.805123
1216,1215,p2,turn,9.974090576171875,1787512264.820081
1216,3586,p2,selection,129.80410766601562,1787512264.8253427
1216,3587,p2,selection,113.46593475341797,1787512264.830297
1216,3588,p2,selection,112.06434631347656,1787512264.8354177
1217,1216,p1,turn,15.272262573242188,1787512264.86123
1217,3589,p1,selection,151.3809814453125,1787512264.8663669
1217,3590,p1,selection,154.39535522460938,1787512264.871469
1217,3591,p1,selection,165.20858764648438,1787512264.8757906
1217,1216,p2,turn,11.476578712463379,1787512264.889816
1217,3589,p2,selection,161.70448303222656,1787512264.8940582
1217,3590,p2,selection,88.71624755859375,1787512264.8984458
1217,3591,p2,selection,120.9359359741211,1787512264.9033742
1218,1217,p1,turn,11.413500785827637,1787512264.9220297
1218,3592,p1,selection,176.84136962890625,1787512264.9265273
1218,3593,p1,selection,211.89430236816406,1787512264.9304907
1218,3594,p1,selection,217.62969970703125,1787512264.9349866
1218,1217,p2,turn,9.364423751831055,1787512264.9484422
1218,3592,p2,selection,97.6995620727539,1787512264.955005
1218,3593,p2,selection,162.7180938720703,1787512264.9602993
1218,3594,p2,selection,156.64376831054688,1787512264.9647598
1219,1218,p1,turn,12.22282600402832,1787512264.988545
1219,3595,p1,selection,187.69287109375,1787512264.9932263
1219,3596,p1,selection,145.13626098632812,1787512264.997514
1219,3597,p1,selection,182.27806091308594,1787512265.0020463
1219,1218,p2,turn,11.770256042480469,1787512265.0147963
1219,3595,p2,selection,123.78489685058594,1787512265.0190406
1219,3596,p2,selection,164.97457885742188,1787512265.0235999
1219,3597,p2,selection,161.44821166992188,1787512265.0277398
1220,1219,p1,turn,6.786871910095215,1787512265.0571587
1220,3598,p1,selection,130.90916442871094,1787512265.0611687
1220,3599,p1,selection,229.43089294433594,1787512265.0652788
1220,3600,p1,selection,144.22052001953125,1787512265.07028
1220,1219,p2,turn,8.1939697265625,1787512265.0854597
1220,3598,p2,selection,167.30914306640625,1787512265.0903606
1220,3599,p2,selection,100.6944580078125,1787512265.0950668
1220,3600,p2,selection,169.2889404296875,1787512265.100973
1221,1220,p1,turn,7.4057536125183105,1787512265.1220374
1221,3601,p1,selection,142.58889770507812,1787512265.1262589
1221,3602,p1,selection,248.95755004882812,1787512265.1304498
1221,3603,p1,selection,155.36123657226562,1787512265.1352706
1221,1220,p2,turn,12.405935287475586,1787512265.1480834
1221,3601,p2,selection,158.85093688964844,1787512265.1537557
1221,3602,p2,selection,162.46725463867188,1787512265.1601603
1221,3603,p2,selection,150.36619567871094,1787512265.1656277
1222,1221,p1,turn,10.159273147583008,1787512265.1896327
1222,3604,p1,selection,142.5417022705078,1787512265.194557
1222,3605,p1,selection,151.89151000976562,1787512265.1994278
1222,3606,p1,selection,200.95498657226562,1787512265.2043977
1222,1221,p2,turn,10.31336784362793,1787512265.2199664
1222,3604,p2,selection,128.2705841064453,1787512265.22433
1222,3605,p2,selection,93.51322174072266,1787512265.2286334
1222,3606,p2,selection,157.97750854492188,1787512265.232665
1223,1222,p1,turn,11.514986991882324,1787512265.2525184
1223,3607,p1,selection,173.54287719726562,1787512265.256723
1223,3608,p1,selection,187.18124389648438,1787512265.2608013
1223,3609,p1,selection,265.7960205078125,1787512265.2650282
1223,1222,p2,turn,11.38766098022461,1787512265.2779722
1223,3607,p2,selection,134.6876678466797,1787512265.2825723
1223,3608,p2,selection,159.02447509765625,1787512265.2873466
1223,3609,p2,selection,150.1242218017578,1787512265.2925568
1224,1223,p1,turn,9.350336074829102,1787512265.317799
1224,3610,p1,selection,111.25335693359375,1787512265.322702
1224,3611,p1,selection,201.01878356933594,1787512265.3274722
1224,3612,p1,selection,177.2071533203125,1787512265.3322718
1224,1223,p2,turn,10.937195777893066,1787512265.3459895
1224,3610,p2,selection,140.24107360839844,1787512265.351093
1224,3611,p2,selection,104.00753784179688,1787512265.3553894
1224,3612,p2,selection,161.99609375,1787512265.359413
1225,1224,p1,turn,7.289970397949219,1787512265.3861346
1225,3613,p1,selection,211.2125701904297,1787512265.3902423
1225,3614,p1,selection,194.1903839111328,1787512265.3942754
1225,3615,p1,selection,155.5231170654297,1787512265.3982158
1225,1224,p2,turn,10.192939758300781,1787512265.4101255
1225,3613,p2,selection,98.93453979492188,1787512265.4142506
1225,3614,p2,selection,176.6599578857422,1787512265.418534
1225,3615,p2,selection,137.45016479492188,1787512265.4225872
1226,1225,p1,turn,8.978838920593262,1787512265.4462109
1226,3616,p1,selection,170.89865112304688,1787512265.4504714
1226,3617,p1,selection,198.2680206298828,1787512265.454531
1226,3618,p1,selection,177.87570190429688,1787512265.4583917
1226,1225,p2,turn,11.517597198486328,1787512265.4699836
1226,3616,p2,selection,135.14276123046875,1787512265.4738526
1226,3617,p2,selection,151.82005310058594,1787512265.4778645
1226,3618,p2,selection,125.69165802001953,1787512265.482618
1227,1226,p1,turn,7.627856254577637,1787512265.502967
1227,3619,p1,selection,213.19964599609375,1787512265.5067315
1227,3620,p1,selection,179.52171325683594,1787512265.5104563
1227,3621,p1,selection,177.76844787597656,1787512265.5141284
1227,1226,p2,turn,7.740426063537598,1787512265.5257692
1227,3619,p2,selection,112.08013916015625,1787512265.5294747
1227,3620,p2,selection,118.21183776855469,1787512265.5332725
1227,3621,p2,selection,117.298828125,1787512265.5372348
1228,1227,p1,turn,12.942848205566406,1787512265.5738688
1228,3622,p1,selection,135.53515625,1787512265.5775552
1228,3623,p1,selection,196.10154724121094,1787512265.5811992
1228,3624,p1,selection,92.52330017089844,1787512265.5849757
1228,1227,p2,turn,13.762469291687012,1787512265.5963702
1228,3622,p2,selection,147.34884643554688,1787512265.6013536
1228,3623,p2,selection,152.82156372070312,1787512265.6053808
1228,3624,p2,selection,130.68687438964844,1787512265.6090624
1229,1228,p1,turn,9.558821678161621,1787512265.630773
1229,3625,p1,selection,139.2506561279297,1787512265.6347969
1229,3626,p1,selection,167.74034118652344,1787512265.638641
1229,3627,p1,selection,166.1416778564453,1787512265.6423767
1229,1228,p2,turn,11.571734428405762,1787512265.6540508
1229,3625,p2,selection,116.46529388427734,1787512265.6577752
1229,3626,p2,selection,142.79005432128906,1787512265.6615982
1229,3627,p2,selection,100.19615173339844,1787512265.6653092
1230,1229,p1,turn,6.692155361175537,1787512265.6838186
1230,3628,p1,selection,193.26095581054688,1787512265.688732
1230,3629,p1,selection,143.033935546875,1787512265.6927738
1230,3630,p1,selection,177.18875122070312,1787512265.6965559
1230,1229,p2,turn,16.264822006225586,1787512265.7102907
1230,3628,p2,selection,129.94964599609375,1787512265.7148857
1230,3629,p2,selection,101.67568969726562,1787512265.7196496
1230,3630,p2,selection,117.35570526123047,1787512265.7246222
1231,1230,p1,turn,13.2493896484375,1787512265.7514856
1231,3631,p1,selection,245.36883544921875,1787512265.7553668
1231,3632,p1,selection,225.54672241210938,1787512265.7591808
1231,3633,p1,selection,161.41151428222656,1787512265.7629576
1231,1230,p2,turn,11.880475997924805,1787512265.7753396
1231,3631,p2,selection,141.5672149658203,1787512265.7793367
1231,3632,p2,selection,153.72738647460938,1787512265.7840323
1231,3633,p2,selection,113.21122741699219,1787512265.788549
1232,1231,p1,turn,9.406858444213867,1787512265.8188553
1232,3634,p1,selection,211.61813354492188,1787512265.8228202
1232,3635,p1,selection,163.47337341308594,1787512265.8266392
1232,3636,p1,selection,152.473876953125,1787512265.83038
1232,1231,p2,turn,14.263586044311523,1787512265.8424916
1232,3634,p2,selection,164.6458282470703,1787512265.8463411
1232,3635,p2,selection,140.91824340820312,1787512265.8513663
1232,3636,p2,selection,139.5371551513672,1787512265.8553421
1233,1232,p1,turn,9.146933555603027,1787512265.875178
1233,3637,p1,selection,144.17694091796875,1787512265.878897
1233,3638,p1,selection,228.32589721679688,1787512265.8826303
1233,3639,p1,selection,129.0638427734375,1787512265.8866894
1233,1232,p2,turn,11.577474594116211,1787512265.8987386
1233,3637,p2,selection,144.00555419921875,1787512265.9029162
1233,3638,p2,selection,158.69911193847656,1787512265.9069295
1233,3639,p2,selection,139.686279296875,1787512265.9107752
1234,1233,p1,turn,10.492886543273926,1787512265.9289017
1234,3640,p1,selection,155.33766174316406,1787512265.9326026
1234,3641,p1,selection,202.92733764648438,1787512265.9366927
1234,3642,p1,selection,254.92718505859375,1787512265.9404783
1234,1233,p2,turn,9.769018173217773,1787512265.9520555
1234,3640,p2,selection,112.64385223388672,1787512265.955881
1234,3641,p2,selection,128.87303161621094,1787512265.9595976
1234,3642,p2,selection,117.5632095336914,1787512265.9633207
1235,1234,p1,turn,9.026351928710938,1787512265.987783
1235,3643,p1,selection,167.15631103515625,1787512265.9916925
1235,3644,p1,selection,248.83677673339844,1787512265.9957585
1235,3645,p1,selection,179.06283569335938,1787512265.9994597
1235,1234,p2,turn,9.433185577392578,1787512266.011427
1235,3643,p2,selection,147.44345092773438,1787512266.0150604
1235,3644,p2,selection,186.05889892578125,1787512266.018988
1235,3645,p2,selection,84.15133666992188,1787512266.0228698
1236,1235,p1,turn,10.571263313293457,1787512266.0959556
1236,3646,p1,selection,172.70550537109375,1787512266.099656
1236,3647,p1,selection,274.5897216796875,1787512266.1036868
1236,3648,p1,selection,134.6079559326172,1787512266.1074555
1236,1235,p2,turn,11.82996940612793,1787512266.1189804
1236,3646,p2,selection,139.09451293945312,1787512266.1228213
1236,3647,p2,selection,150.6999053955078,1787512266.1264272
1236,3648,p2,selection,177.69781494140625,1787512266.130075
1237,1236,p1,turn,9.841094017028809,1787512266.1668873
1237,3649,p1,selection,189.77037048339844,1787512266.1708312
1237,3650,p1,selection,111.71570587158203,1787512266.174755
1237,3651,p1,selection,181.6669464111328,1787512266.1784267
1237,1236,p2,turn,14.882944107055664,1787512266.1900294
1237,3649,p2,selection,200.4306182861328,1787512266.1936746
1237,3650,p2,selection,166.63796997070312,1787512266.1975148
1237,3651,p2,selection,114.49944305419922,1787512266.2015822
1238,1237,p1,turn,15.060151100158691,1787512266.2243392
1238,3652,p1,selection,168.82920837402344,1787512266.2280583
1238,3653,p1,selection,198.66481018066406,1787512266.231766
1238,3654,p1,selection,164.9847412109375,1787512266.2357285
1238,1237,p2,turn,7.934037208557129,1787512266.2470732
1238,3652,p2,selection,135.05564880371094,1787512266.2510405
1238,3653,p2,selection,132.76490783691406,1787512266.2549057
1238,3654,p2,selection,146.1692657470703,1787512266.2589438
1239,1238,p1,turn,9.958337783813477,1787512266.2783148
1239,3655,p1,selection,165.4103546142578,1787512266.2819667
1239,3656,p1,selection,179.9767303466797,1787512266.2859437
1239,3657,p1,selection,169.1545867919922,1787512266.2897377
1239,1238,p2,turn,12.189441680908203,1787512266.301322
1239,3655,p2,selection,131.98658752441406,1787512266.3051484
1239,3656,p2,selection,116.37568664550781,1787512266.3096423
1239,3657,p2,selection,160.1920166015625,1787512266.3141432
1240,1239,p1,turn,11.872159004211426,1787512266.3493052
1240,3658,p1,selection,154.0774688720703,1787512266.3533657
1240,3659,p1,selection,211.21414184570312,1787512266.357045
1240,3660,p1,selection,245.9419708251953,1787512266.3606853
1240,1239,p2,turn,12.268675804138184,1787512266.3722386
1240,3658,p2,selection,124.88459777832031,1787512266.375946
1240,3659,p2,selection,126.65692138671875,1787512266.3796318
1240,3660,p2,selection,144.99884033203125,1787512266.383518
1241,1240,p1,turn,7.75218391418457,1787512266.4120264
1241,3661,p1,selection,246.59872436523438,1787512266.41593
1241,3662,p1,selection,175.449951171875,1787512266.4206119
1241,3663,p1,selection,204.53358459472656,1787512266.4244807
1241,1240,p2,turn,12.2590913772583,1787512266.4370856
1241,3661,p2,selection,162.40997314453125,1787512266.442625
1241,3662,p2,selection,148.9036407470703,1787512266.4465914
1241,3663,p2,selection,121.03084564208984,1787512266.4508045
1242,1241,p1,turn,13.102116584777832,1787512266.4705105
1242,3664,p1,selection,148.10867309570312,1787512266.4745512
1242,3665,p1,selection,195.49588012695312,1787512266.4784126
1242,3666,p1,selection,127.8861312866211,1787512266.4821877
1242,1241,p2,turn,7.916319847106934,1787512266.4940755
1242,3664,p2,selection,127.4867935180664,1787512266.498097
1242,3665,p2,selection,152.3291473388672,1787512266.5022197
1242,3666,p2,selection,163.167724609375,1787512266.5062938
1243,1242,p1,turn,8.649211883544922,1787512266.5353975
1243,3667,p1,selection,172.97019958496094,1787512266.539488
1243,3668,p1,selection,286.8099060058594,1787512266.5435574
1243,3669,p1,selection,301.1932678222656,1787512266.5476437
1243,1242,p2,turn,12.204329490661621,1787512266.5599906
1243,3667,p2,selection,104.91281127929688,1787512266.563933
1243,3668,p2,selection,126.48765563964844,1787512266.5682647
1243,3669,p2,selection,155.03636169433594,1787512266.5725179
1244,1243,p1,turn,7.542935848236084,1787512266.599569
1244,3670,p1,selection,201.57835388183594,1787512266.6037447
1244,3671,p1,selection,203.08859252929688,1787512266.607909
1244,3672,p1,selection,230.00320434570312,1787512266.611899
1244,1243,p2,turn,10.222319602966309,1787512266.6241517
1244,3670,p2,selection,122.72147369384766,1787512266.6281047
1244,3671,p2,selection,129.84442138671875,1787512266.632124
1244,3672,p2,selection,185.3511962890625,1787512266.6363287
1245,1244,p1,turn,10.055782318115234,1787512266.6545906
1245,3673,p1,selection,188.32305908203125,1787512266.6586585
1245,3674,p1,selection,126.4305419921875,1787512266.6624765
1245,3675,p1,selection,173.690185546875,1787512266.6664286
1245,1244,p2,turn,11.182640075683594,1787512266.6793017
1245,3673,p2,selection,215.38504028320312,1787512266.684134
1245,3674,p2,selection,169.9026641845703,1787512266.6881657
1245,3675,p2,selection,159.69705200195312,1787512266.6919777
1246,1245,p1,turn,9.675494194030762,1787512266.7099586
1246,3676,p1,selection,205.6021728515625,1787512266.7139595
1246,3677,p1,selection,179.35609436035156,1787512266.7186763
1246,3678,p1,selection,166.96783447265625,1787512266.7236626
1246,1245,p2,turn,6.006092548370361,1787512266.738947
1246,3676,p2,selection,100.04901123046875,1787512266.74388
1246,3677,p2,selection,123.37499237060547,1787512266.748618
1246,3678,p2,selection,122.81046295166016,1787512266.753399
1247,1246,p1,turn,9.314647674560547,1787512266.7729216
1247,3679,p1,selection,199.60531616210938,1787512266.7776031
1247,3680,p1,selection,200.06488037109375,1787512266.7824035
1247,3681,p1,selection,146.99435424804688,1787512266.7873883
1247,1246,p2,turn,9.122180938720703,1787512266.801595
1247,3679,p2,selection,155.7242889404297,1787512266.8063564
1247,3680,p2,selection,99.32408905029297,1787512266.8115704
1247,3681,p2,selection,128.56802368164062,1787512266.8161623
1248,1247,p1,turn,11.514670372009277,1787512266.8392937
1248,3682,p1,selection,261.96282958984375,1787512266.8434052
1248,3683,p1,selection,176.5004119873047,1787512266.8472426
1248,3684,p1,selection,252.34555053710938,1787512266.85142
1248,1247,p2,turn,14.485472679138184,1787512266.8643634
1248,3682,p2,selection,156.617431640625,1787512266.8689125
1248,3683,p2,selection,139.06405639648438,1787512266.8733726
1248,3684,p2,selection,166.2772674560547,1787512266.8774648
1249,1248,p1,turn,9.597596168518066,1787512266.8957825
1249,3685,p1,selection,259.01300048828125,1787512266.9000154
1249,3686,p1,selection,105.15170288085938,1787512266.9043734
1249,3687,p1,selection,268.2587890625,1787512266.9083958
1249,1248,p2,turn,8.966214179992676,1787512266.921595
1249,3685,p2,selection,131.11903381347656,1787512266.925818
1249,3686,p2,selection,169.33709716796875,1787512266.9296663
1249,3687,p2,selection,130.61141967773438,1787512266.9341552
1250,1249,p1,turn,12.592878341674805,1787512266.982421
1250,3688,p1,selection,160.496337890625,1787512266.9866722
1250,3689,p1,selection,159.5214080810547,1787512266.9907272
1250,3690,p1,selection,181.60842895507812,1787512266.9948163
1250,1249,p2,turn,13.313499450683594,1787512267.0067925
1250,3688,p2,selection,147.6171112060547,1787512267.0109053
1250,3689,p2,selection,129.021240234375,1787512267.0149698
1250,3690,p2,selection,137.67308044433594,1787512267.018926
1251,1250,p1,turn,10.097809791564941,1787512267.044957
1251,3691,p1,selection,252.35975646972656,1787512267.049709
1251,3692,p1,selection,154.13894653320312,1787512267.0544467
1251,3693,p1,selection,151.0895233154297,1787512267.058531
1251,1250,p2,turn,9.039023399353027,1787512267.071525
1251,3691,p2,selection,112.31659698486328,1787512267.0755699
1251,3692,p2,selection,128.55264282226562,1787512267.080655
1251,3693,p2,selection,95.0858154296875,1787512267.0855885
1252,1251,p1,turn,10.515573501586914,1787512267.1103458
1252,3694,p1,selection,161.92654418945312,1787512267.1143756
1252,3695,p1,selection,162.70986938476562,1787512267.119461
1252,3696,p1,selection,138.88931274414062,1787512267.1237392
1252,1251,p2,turn,9.805028915405273,1787512267.1381354
1252,3694,p2,selection,110.19313049316406,1787512267.1419168
1252,3695,p2,selection,167.68545532226562,1787512267.146485
1252,3696,p2,selection,165.55300903320312,1787512267.1515014
1253,1252,p1,turn,7.838922500610352,1787512267.1734676
1253,3697,p1,selection,209.77139282226562,1787512267.1771975
1253,3698,p1,selection,223.96495056152344,1787512267.1810567
1253,3699,p1,selection,193.48275756835938,1787512267.185318
1253,1252,p2,turn,11.605339050292969,1787512267.197022
1253,3697,p2,selection,116.29747772216797,1787512267.20151
1253,3698,p2,selection,157.87615966796875,1787512267.205357
1253,3699,p2,selection,160.96417236328125,1787512267.2090244
1254,1253,p1,turn,11.17243766784668,1787512267.2268114
1254,3700,p1,selection,245.7997589111328,1787512267.230847
1254,3701,p1,selection,224.8776092529297,1787512267.234867
1254,3702,p1,selection,198.01895141601562,1787512267.2387013
1254,1253,p2,turn,13.347278594970703,1787512267.2501519
1254,3700,p2,selection,121.27303314208984,1787512267.2542963
1254,3701,p2,selection,127.68997955322266,1787512267.257954
1254,3702,p2,selection,118.78540802001953,1787512267.261627
1255,1254,p1,turn,9.541975021362305,1787512267.2797303
1255,3703,p1,selection,174.15667724609375,1787512267.2836895
1255,3704,p1,selection,169.80838012695312,1787512267.287592
1255,3705,p1,selection,239.73513793945312,1787512267.2912774
1255,1254,p2,turn,10.471118927001953,1787512267.302749
1255,3703,p2,selection,143.05003356933594,1787512267.3065403
1255,3704,p2,selection,132.22396850585938,1787512267.3102663
1255,3705,p2,selection,209.39883422851562,1787512267.31394
1256,1255,p1,turn,11.970208168029785,1787512267.3432434
1256,3706,p1,selection,228.12301635742188,1787512267.3482502
1256,3707,p1,selection,184.818359375,1787512267.353285
1256,3708,p1,selection,128.4505615234375,1787512267.3582942
1256,1255,p2,turn,10.388437271118164,1787512267.3736439
1256,3706,p2,selection,116.31881713867188,1787512267.3785844
1256,3707,p2,selection,102.40425872802734,1787512267.3834972
1256,3708,p2,selection,113.77630615234375,1787512267.3884013
1257,1256,p1,turn,10.205816268920898,1787512267.4367054
1257,3709,p1,selection,206.348388671875,1787512267.4416113
1257,3710,p1,selection,174.80563354492188,1787512267.4463112
1257,3711,p1,selection,226.83311462402344,1787512267.4511223
1257,1256,p2,turn,8.403943061828613,1787512267.4664936
1257,3709,p2,selection,123.70175170898438,1787512267.471486
1257,3710,p2,selection,117.78352355957031,1787512267.4762635
1257,3711,p2,selection,172.09767150878906,1787512267.481035
1258,1257,p1,turn,7.725723743438721,1787512267.5119233
1258,3712,p1,selection,168.22457885742188,1787512267.5156782
1258,3713,p1,selection,141.57972717285156,1787512267.5196104
1258,3714,p1,selection,207.82901000976562,1787512267.5234635
1258,1257,p2,turn,14.135459899902344,1787512267.5354357
1258,3712,p2,selection,137.81776428222656,1787512267.5392566
1258,3713,p2,selection,112.71311950683594,1787512267.5429587
1258,3714,p2,selection,107.93894958496094,1787512267.546599
1259,1258,p1,turn,10.50336742401123,1787512267.5741453
1259,3715,p1,selection,185.19497680664062,1787512267.577859
1259,3716,p1,selection,178.90020751953125,1787512267.581564
1259,3717,p1,selection,132.5126190185547,1787512267.5855026
1259,1258,p2,turn,10.001941680908203,1787512267.5971532
1259,3715,p2,selection,215.7193603515625,1787512267.6011977
1259,3716,p2,selection,139.50833129882812,1787512267.6051202
1259,3717,p2,selection,136.6841583251953,1787512267.6088567
1260,1259,p1,turn,10.779025077819824,1787512267.6284218
1260,3718,p1,selection,145.3530731201172,1787512267.6321545
1260,3719,p1,selection,174.0596466064453,1787512267.6362584
1260,3720,p1,selection,120.3756332397461,1787512267.6401036
1260,1259,p2,turn,8.64830207824707,1787512267.6517901
1260,3718,p2,selection,127.15766906738281,1787512267.6556463
1260,3719,p2,selection,124.34770202636719,1787512267.6593668
1260,3720,p2,selection,70.59967803955078,1787512267.66304
1261,1260,p1,turn,9.484350204467773,1787512267.6856048
1261,3721,p1,selection,233.0590057373047,1787512267.6894221
1261,3722,p1,selection,257.8448791503906,1787512267.693232
1261,3723,p1,selection,272.01416015625,1787512267.6969342
1261,1260,p2,turn,8.320403099060059,1787512267.7084262
1261,3721,p2,selection,182.416748046875,1787512267.7121093
1261,3722,p2,selection,134.36863708496094,1787512267.715837
1261,3723,p2,selection,133.92144775390625,1787512267.7201183
1262,1261,p1,turn,9.708695411682129,1787512267.7373023
1262,3724,p1,selection,151.43519592285156,1787512267.7410283
1262,3725,p1,selection,110.12410736083984,1787512267.7446911
1262,3726,p1,selection,161.63720703125,1787512267.7484825
1262,1261,p2,turn,10.26816177368164,1787512267.7598457
1262,3724,p2,selection,123.80052185058594,1787512267.763575
1262,3725,p2,selection,96.26799774169922,1787512267.7674263
1262,3726,p2,selection,156.95504760742188,1787512267.771196
1263,1262,p1,turn,9.051074028015137,1787512267.7909796
1263,3727,p1,selection,148.97384643554688,1787512267.7947383
1263,3728,p1,selection,148.40350341796875,1787512267.7985132
1263,3729,p1,selection,189.11599731445312,1787512267.8032436
1263,1262,p2,turn,10.078814506530762,1787512267.8168597
1263,3727,p2,selection,91.28032684326172,1787512267.8207092
1263,3728,p2,selection,134.12863159179688,1787512267.8243258
1263,3729,p2,selection,141.80555725097656,1787512267.827958
1264,1263,p1,turn,9.135292053222656,1787512267.860014
1264,3730,p1,selection,166.67662048339844,1787512267.8637478
1264,3731,p1,selection,161.3134765625,1787512267.8675597
1264,3732,p1,selection,193.2249298095703,1787512267.8713078
1264,1263,p2,turn,10.186625480651855,1787512267.8823862
1264,3730,p2,selection,183.17918395996094,1787512267.8866177
1264,3731,p2,selection,172.48028564453125,1787512267.890357
1264,3732,p2,selection,122.2112808227539,1787512267.8944023
1265,1264,p1,turn,9.303483963012695,1787512267.9282584
1265,3733,p1,selection,177.93482971191406,1787512267.9327257
1265,3734,p1,selection,217.5679473876953,1787512267.9370632
1265,3735,p1,selection,218.7629852294922,1787512267.9407506
1265,1264,p2,turn,11.43203353881836,1787512267.9524999
1265,3733,p2,selection,156.42335510253906,1787512267.9562454
1265,3734,p2,selection,123.78363800048828,1787512267.9600873
1265,3735,p2,selection,122.90498352050781,1787512267.9637535
1266,1265,p1,turn,6.551217079162598,1787512268.0354466
1266,3736,p1,selection,241.58486938476562,1787512268.0392597
1266,3737,p1,selection,192.75827026367188,1787512268.0429628
1266,3738,p1,selection,213.77999877929688,1787512268.0466287
1266,1265,p2,turn,11.346482276916504,1787512268.058158
1266,3736,p2,selection,180.49388122558594,1787512268.0618815
1266,3737,p2,selection,127.44571685791016,1787512268.0655062
1266,3738,p2,selection,129.67271423339844,1787512268.0694404
1267,1266,p1,turn,11.628890991210938,1787512268.0971062
1267,3739,p1,selection,216.48902893066406,1787512268.1013775
1267,3740,p1,selection,161.42015075683594,1787512268.1052053
1267,3741,p1,selection,215.9359893798828,1787512268.1088822
1267,1266,p2,turn,9.28669548034668,1787512268.1205444
1267,3739,p2,selection,113.22193145751953,1787512268.1242547
1267,3740,p2,selection,131.4254608154297,1787512268.1279297
1267,3741,p2,selection,124.21070098876953,1787512268.1316218
1268,1267,p1,turn,10.998875617980957,1787512268.1584628
1268,3742,p1,selection,167.39700317382812,1787512268.1623628
1268,3743,p1,selection,173.76101684570312,1787512268.1660635
1268,3744,p1,selection,196.71792602539062,1787512268.170179
1268,1267,p2,turn,6.669949531555176,1787512268.1819618
1268,3742,p2,selection,159.052734375,1787512268.1873422
1268,3743,p2,selection,183.7660675048828,1787512268.1918325
1268,3744,p2,selection,135.5332489013672,1787512268.1964338
1269,1268,p1,turn,10.927884101867676,1787512268.2184577
1269,3745,p1,selection,178.1991729736328,1787512268.2229972
1269,3746,p1,selection,279.15045166015625,1787512268.2272568
1269,3747,p1,selection,165.89749145507812,1787512268.2309358
1269,1268,p2,turn,9.764318466186523,1787512268.2427182
1269,3745,p2,selection,126.36711120605469,1787512268.246446
1269,3746,p2,selection,128.4841766357422,1787512268.2504013
1269,3747,p2,selection,123.66658020019531,1787512268.254954
1270,1269,p1,turn,9.713418006896973,1787512268.3010507
1270,3748,p1,selection,242.48240661621094,1787512268.305003
1270,3749,p1,selection,196.09225463867188,1787512268.3086474
1270,3750,p1,selection,222.14649963378906,1787512268.3125503
1270,1269,p2,turn,12.63105583190918,1787512268.3239684
1270,3748,p2,selection,150.1324005126953,1787512268.327671
1270,3749,p2,selection,88.49180603027344,1787512268.3313334
1270,3750,p2,selection,137.54705810546875,1787512268.3354378
1271,1270,p1,turn,11.173521041870117,1787512268.3535464
1271,3751,p1,selection,138.85003662109375,1787512268.3580189
1271,3752,p1,selection,182.5240020751953,1787512268.3626134
1271,3753,p1,selection,130.54786682128906,1787512268.367079
1271,1270,p2,turn,9.778728485107422,1787512268.3814883
1271,3751,p2,selection,90.8692626953125,1787512268.3860002
1271,3752,p2,selection,153.79043579101562,1787512268.3905425
1271,3753,p2,selection,88.35018157958984,1787512268.3951123
1272,1271,p1,turn,9.443897247314453,1787512268.4399285
1272,3754,p1,selection,223.73519897460938,1787512268.443977
1272,3755,p1,selection,150.60739135742188,1787512268.4481497
1272,3756,p1,selection,182.66082763671875,1787512268.4525433
1272,1271,p2,turn,8.765995025634766,1787512268.467025
1272,3754,p2,selection,151.347412109375,1787512268.4719565
1272,3755,p2,selection,164.81137084960938,1787512268.476932
1272,3756,p2,selection,125.59523010253906,1787512268.4816983
1273,1272,p1,turn,8.292875289916992,1787512268.51776
1273,3757,p1,selection,203.28268432617188,1787512268.5225558
1273,3758,p1,selection,176.5054931640625,1787512268.5275013
1273,3759,p1,selection,167.70079040527344,1787512268.532401
1273,1272,p2,turn,12.851755142211914,1787512268.5480216
1273,3757,p2,selection,167.61085510253906,1787512268.5520225
1273,3758,p2,selection,128.69346618652344,1787512268.5560153
1273,3759,p2,selection,138.9590606689453,1787512268.56008
1274,1273,p1,turn,9.397956848144531,1787512268.5870755
1274,3760,p1,selection,119.69840240478516,1787512268.591214
1274,3761,p1,selection,294.1997985839844,1787512268.5952063
1274,3762,p1,selection,236.96038818359375,1787512268.599203
1274,1273,p2,turn,13.519243240356445,1787512268.6117911
1274,3760,p2,selection,85.564208984375,1787512268.6163912
1274,3761,p2,selection,121.5181655883789,1787512268.6208832
1274,3762,p2,selection,165.5012664794922,1787512268.6248822
1275,1274,p1,turn,7.141648292541504,1787512268.6489162
1275,3763,p1,selection,181.75120544433594,1787512268.6532402
1275,3764,p1,selection,147.64639282226562,1787512268.657299
1275,3765,p1,selection,203.85491943359375,1787512268.661266
1275,1274,p2,turn,9.389681816101074,1787512268.6736574
1275,3763,p2,selection,105.78538513183594,1787512268.677698
1275,3764,p2,selection,142.0594482421875,1787512268.6815896
1275,3765,p2,selection,137.71322631835938,1787512268.68577
1276,1275,p1,turn,9.815596580505371,1787512268.7083175
1276,3766,p1,selection,133.41184997558594,1787512268.712318
1276,3767,p1,selection,274.8828125,1787512268.7163115
1276,3768,p1,selection,193.18899536132812,1787512268.720742
1276,1275,p2,turn,12.56931209564209,1787512268.733259
1276,3766,p2,selection,108.46678924560547,1787512268.7382734
1276,3767,p2,selection,142.8706817626953,1787512268.7428875
1276,3768,p2,selection,108.21955871582031,1787512268.7476635
1277,1276,p1,turn,11.216609954833984,1787512268.7710397
1277,3769,p1,selection,177.9498291015625,1787512268.7749221
1277,3770,p1,selection,232.2099609375,1787512268.7786467
1277,3771,p1,selection,185.8680877685547,1787512268.7832963
1277,1276,p2,turn,15.127589225769043,1787512268.8002417
1277,3769,p2,selection,88.59423828125,1787512268.8065314
1277,3770,p2,selection,136.92514038085938,1787512268.8113585
1277,3771,p2,selection,192.99276733398438,1787512268.8174348
1278,1277,p1,turn,7.420016288757324,1787512268.8428562
1278,3772,p1,selection,121.36382293701172,1787512268.84668
1278,3773,p1,selection,181.9534912109375,1787512268.8518171
1278,3774,p1,selection,169.02268981933594,1787512268.8580718
1278,1277,p2,turn,13.254435539245605,1787512268.8766487
1278,3772,p2,selection,138.02992248535156,1787512268.8805537
1278,3773,p2,selection,144.37237548828125,1787512268.8846462
1278,3774,p2,selection,127.99266052246094,1787512268.8888347
1279,1278,p1,turn,9.264689445495605,1787512268.907827
1279,3775,p1,selection,182.16058349609375,1787512268.9116957
1279,3776,p1,selection,237.27365112304688,1787512268.9156084
1279,3777,p1,selection,182.95602416992188,1787512268.9200525
1279,1278,p2,turn,7.2829790115356445,1787512268.9323728
1279,3775,p2,selection,127.33750915527344,1787512268.9366548
1279,3776,p2,selection,114.58717346191406,1787512268.9409277
1279,3777,p2,selection,169.0218505859375,1787512268.945022
1280,1279,p1,turn,9.934416770935059,1787512268.977038
1280,3778,p1,selection,153.921875,1787512268.9819286
1280,3779,p1,selection,156.10150146484375,1787512268.9868042
1280,3780,p1,selection,154.60415649414062,1787512268.9915636
1280,1279,p2,turn,7.711765289306641,1787512269.006172
1280,3778,p2,selection,133.0894317626953,1787512269.0110335
1280,3779,p2,selection,143.37411499023438,1787512269.0157585
1280,3780,p2,selection,147.4833984375,1787512269.0208607
1281,1280,p1,turn,15.816194534301758,1787512269.052345
1281,3781,p1,selection,184.32009887695312,1787512269.0571284
1281,3782,p1,selection,210.23538208007812,1787512269.0620205
1281,3783,p1,selection,192.53811645507812,1787512269.0662413
1281,1280,p2,turn,9.635375022888184,1787512269.0788338
1281,3781,p2,selection,127.30899810791016,1787512269.0827572
1281,3782,p2,selection,86.12825012207031,1787512269.0869026
1281,3783,p2,selection,152.48263549804688,1787512269.090848
1282,1281,p1,turn,10.883368492126465,1787512269.1190464
1282,3784,p1,selection,174.37356567382812,1787512269.122992
1282,3785,p1,selection,231.27182006835938,1787512269.127055
1282,3786,p1,selection,195.64381408691406,1787512269.1309786
1282,1281,p2,turn,13.122396469116211,1787512269.1434216
1282,3784,p2,selection,142.82984924316406,1787512269.147694
1282,3785,p2,selection,103.29065704345703,1787512269.1519158
1282,3786,p2,selection,164.48809814453125,1787512269.156081
1283,1282,p1,turn,6.496301174163818,1787512269.1747928
1283,3787,p1,selection,117.87519836425781,1787512269.178656
1283,3788,p1,selection,92.3254165649414,1787512269.1825268
1283,3789,p1,selection,162.19552612304688,1787512269.1865537
1283,1282,p2,turn,8.60926342010498,1787512269.1979475
1283,3787,p2,selection,92.75459289550781,1787512269.2018921
1283,3788,p2,selection,125.14078521728516,1787512269.205744
1283,3789,p2,selection,109.48506164550781,1787512269.2095125
1284,1283,p1,turn,7.5918426513671875,1787512269.2449255
1284,3790,p1,selection,159.99949645996094,1787512269.2488008
1284,3791,p1,selection,210.02001953125,1787512269.2530339
1284,3792,p1,selection,231.07749938964844,1787512269.2569609
1284,1283,p2,turn,13.300261497497559,1787512269.2689872
1284,3790,p2,selection,142.31442260742188,1787512269.2732332
1284,3791,p2,selection,129.3757781982422,1787512269.2771788
1284,3792,p2,selection,140.86622619628906,1787512269.2809303
1285,1284,p1,turn,7.664592266082764,1787512269.298231
1285,3793,p1,selection,179.17189025878906,1787512269.3021288
1285,3794,p1,selection,245.0550537109375,1787512269.3059926
1285,3795,p1,selection,150.63848876953125,1787512269.30975
1285,1284,p2,turn,7.578863620758057,1787512269.321079
1285,3793,p2,selection,161.90432739257812,1787512269.3248303
1285,3794,p2,selection,132.5322723388672,1787512269.3285728
1285,3795,p2,selection,131.66493225097656,1787512269.3323543
1286,1285,p1,turn,8.96342945098877,1787512269.3495464
1286,3796,p1,selection,109.47865295410156,1787512269.353596
1286,3797,p1,selection,189.0155029296875,1787512269.3573742
1286,3798,p1,selection,191.22488403320312,1787512269.3611758
1286,1285,p2,turn,12.045808792114258,1787512269.3726737
1286,3796,p2,selection,164.73516845703125,1787512269.3764808
1286,3797,p2,selection,114.71741485595703,1787512269.380353
1286,3798,p2,selection,175.86964416503906,1787512269.3844438
1287,1286,p1,turn,10.73123836517334,1787512269.4144545
1287,3799,p1,selection,201.89657592773438,1787512269.4183297
1287,3800,p1,selection,174.85752868652344,1787512269.4224925
1287,3801,p1,selection,147.68978881835938,1787512269.4263809
1287,1286,p2,turn,13.667396545410156,1787512269.4382396
1287,3799,p2,selection,144.74073791503906,1787512269.4420972
1287,3800,p2,selection,148.7511444091797,1787512269.4460526
1287,3801,p2,selection,139.39120483398438,1787512269.4499018
1288,1287,p1,turn,9.818002700805664,1787512269.4709535
1288,3802,p1,selection,117.12928771972656,1787512269.4748528
1288,3803,p1,selection,216.52976989746094,1787512269.4786286
1288,3804,p1,selection,215.3990478515625,1787512269.4824843
1288,1287,p2,turn,12.419776916503906,1787512269.494419
1288,3802,p2,selection,156.75340270996094,1787512269.498171
1288,3803,p2,selection,155.2684326171875,1787512269.5022295
1288,3804,p2,selection,151.65550231933594,1787512269.5061486
1289,1288,p1,turn,8.29815673828125,1787512269.524314
1289,3805,p1,selection,188.08914184570312,1787512269.528139
1289,3806,p1,selection,184.46826171875,1787512269.53211
1289,3807,p1,selection,206.90818786621094,1787512269.5370529
1289,1288,p2,turn,15.70044231414795,1787512269.551915
1289,3805,p2,selection,132.30453491210938,1787512269.5558097
1289,3806,p2,selection,127.91439819335938,1787512269.5596118
1289,3807,p2,selection,136.52264404296875,1787512269.5634098
1290,1289,p1,turn,9.602259635925293,1787512269.5884714
1290,3808,p1,selection,166.6779327392578,1787512269.592208
1290,3809,p1,selection,257.90496826171875,1787512269.5958838
1290,3810,p1,selection,173.92599487304688,1787512269.5996003
1290,1289,p2,turn,11.535470962524414,1787512269.610906
1290,3808,p2,selection,168.6066131591797,1787512269.6147368
1290,3809,p2,selection,188.0736846923828,1787512269.618658
1290,3810,p2,selection,141.74447631835938,1787512269.6224709
1291,1290,p1,turn,15.066526412963867,1787512269.6428316
1291,3811,p1,selection,155.8443603515625,1787512269.6468494
1291,3812,p1,selection,230.57859802246094,1787512269.6507406
1291,3813,p1,selection,283.7803039550781,1787512269.6545424
1291,1290,p2,turn,11.260055541992188,1787512269.6655831
1291,3811,p2,selection,105.78276062011719,1787512269.6694045
1291,3812,p2,selection,118.95177459716797,1787512269.6732104
1291,3813,p2,selection,146.0473175048828,1787512269.6768675
1292,1291,p1,turn,10.526297569274902,1787512269.6960132
1292,3814,p1,selection,154.56900024414062,1787512269.699726
1292,3815,p1,selection,205.35897827148438,1787512269.7037022
1292,3816,p1,selection,271.6458740234375,1787512269.7074614
1292,1291,p2,turn,9.150086402893066,1787512269.718671
1292,3814,p2,selection,117.33018493652344,1787512269.7224827
1292,3815,p2,selection,123.76276397705078,1787512269.7261672
1292,3816,p2,selection,137.6695098876953,1787512269.7298346
1293,1292,p1,turn,11.179292678833008,1787512269.7728736
1293,3817,p1,selection,203.58340454101562,1787512269.7765856
1293,3818,p1,selection,300.78070068359375,1787512269.7802153
1293,3819,p1,selection,251.94264221191406,1787512269.7843535
1293,1292,p2,turn,12.22149658203125,1787512269.7957535
1293,3817,p2,selection,105.99821472167969,1787512269.7994466
1293,3818,p2,selection,107.42207336425781,1787512269.8035166
1293,3819,p2,selection,86.11648559570312,1787512269.8072586
1294,1293,p1,turn,9.85706615447998,1787512269.8299198
1294,3820,p1,selection,151.4102783203125,1787512269.8339915
1294,3821,p1,selection,216.94036865234375,1787512269.8378217
1294,3822,p1,selection,101.2166519165039,1787512269.841572
1294,1293,p2,turn,12.050235748291016,1787512269.8532948
1294,3820,p2,selection,99.68111419677734,1787512269.8570843
1294,3821,p2,selection,98.2807846069336,1787512269.860767
1294,3822,p2,selection,181.428466796875,1787512269.86442
1295,1294,p1,turn,7.7903594970703125,1787512269.887652
1295,3823,p1,selection,247.04891967773438,1787512269.8914049
1295,3824,p1,selection,217.18861389160156,1787512269.8950822
1295,3825,p1,selection,117.6817398071289,1787512269.8994327
1295,1294,p2,turn,9.386597633361816,1787512269.9111779
1295,3823,p2,selection,89.64132690429688,1787512269.9151106
1295,3824,p2,selection,133.3501739501953,1787512269.919199
1295,3825,p2,selection,113.00516510009766,1787512269.9233844
1296,1295,p1,turn,11.111536026000977,1787512269.947433
1296,3826,p1,selection,175.121826171875,1787512269.9514267
1296,3827,p1,selection,171.1465301513672,1787512269.9552696
1296,3828,p1,selection,200.41903686523438,1787512269.9590235
1296,1295,p2,turn,13.20777416229248,1787512269.9705956
1296,3826,p2,selection,113.52830505371094,1787512269.9744635
1296,3827,p2,selection,168.4113006591797,1787512269.9783435
1296,3828,p2,selection,147.62718200683594,1787512269.9820971
1297,1296,p1,turn,9.4562349319458,1787512270.0544877
1297,3829,p1,selection,221.49163818359375,1787512270.0582862
1297,3830,p1,selection,170.97694396972656,1787512270.0619879
1297,3831,p1,selection,213.08767700195312,1787512270.0657232
1297,1296,p2,turn,6.007786750793457,1787512270.077139
1297,3829,p2,selection,129.31829833984375,1787512270.080852
1297,3830,p2,selection,123.334716796875,1787512270.0847912
1297,3831,p2,selection,164.54356384277344,1787512270.088565
1298,1297,p1,turn,11.984223365783691,1787512270.1102777
1298,3832,p1,selection,201.00747680664062,1787512270.1145005
1298,3833,p1,selection,133.36793518066406,1787512270.1188772
1298,3834,p1,selection,213.32208251953125,1787512270.1226797
1298,1297,p2,turn,11.727947235107422,1787512270.1343982
1298,3832,p2,selection,103.67388916015625,1787512270.1381264
1298,3833,p2,selection,194.3223876953125,1787512270.1417615
1298,3834,p2,selection,98.94012451171875,1787512270.1453369
1299,1298,p1,turn,11.174184799194336,1787512270.1642737
1299,3835,p1,selection,174.22373962402344,1787512270.1682615
1299,3836,p1,selection,215.20730590820312,1787512270.172071
1299,3837,p1,selection,169.10238647460938,1787512270.1757538
1299,1298,p2,turn,8.639351844787598,1787512270.1873734
1299,3835,p2,selection,148.43661499023438,1787512270.1911156
1299,3836,p2,selection,149.94081115722656,1787512270.1947749
1299,3837,p2,selection,95.00547790527344,1787512270.198473
1300,1299,p1,turn,5.7818121910095215,1787512270.2257376
1300,3838,p1,selection,151.1836700439453,1787512270.229405
1300,3839,p1,selection,193.25079345703125,1787512270.2331338
1300,3840,p1,selection,141.20350646972656,1787512270.2370608
1300,1299,p2,turn,10.809710502624512,1787512270.2480955
1300,3838,p2,selection,162.08822631835938,1787512270.2519279
1300,3839,p2,selection,196.11337280273438,1787512270.2557476
1300,3840,p2,selection,95.26802062988281,1787512270.259383
1301,1300,p1,turn,8.818341255187988,1787512270.2834873
1301,3841,p1,selection,216.3684844970703,1787512270.288641
1301,3842,p1,selection,191.58155822753906,1787512270.2932982
1301,3843,p1,selection,157.51473999023438,1787512270.2977753
1301,1300,p2,turn,13.655935287475586,1787512270.3105576
1301,3841,p2,selection,141.97630310058594,1787512270.3142428
1301,3842,p2,selection,148.34527587890625,1787512270.3186648
1301,3843,p2,selection,116.50078582763672,1787512270.3225834
1302,1301,p1,turn,11.804006576538086,1787512270.3415298
1302,3844,p1,selection,134.64111328125,1787512270.3452346
1302,3845,p1,selection,180.05523681640625,1787512270.3488884
1302,3846,p1,selection,211.33596801757812,1787512270.3527093
1302,1301,p2,turn,10.922893524169922,1787512270.3641593
1302,3844,p2,selection,164.1045379638672,1787512270.368402
1302,3845,p2,selection,177.164306640625,1787512270.3722053
1302,3846,p2,selection,101.12715148925781,1787512270.3758523
1303,1302,p1,turn,11.532597541809082,1787512270.4112375
1303,3847,p1,selection,127.8628158569336,1787512270.4152212
1303,3848,p1,selection,222.6961669921875,1787512270.4194715
1303,3849,p1,selection,205.2572021484375,1787512270.423482
1303,1302,p2,turn,6.8411102294921875,1787512270.4357781
1303,3847,p2,selection,155.27688598632812,1787512270.439949
1303,3848,p2,selection,163.47711181640625,1787512270.443854
1303,3849,p2,selection,118.8988265991211,1787512270.447755
1304,1303,p1,turn,14.865278244018555,1787512270.474049
1304,3850,p1,selection,142.65597534179688,1787512270.4785218
1304,3851,p1,selection,182.2899169921875,1787512270.4824593
1304,3852,p1,selection,230.03921508789062,1787512270.4868205
1304,1303,p2,turn,6.2766571044921875,1787512270.4989862
1304,3850,p2,selection,91.49669647216797,1787512270.5037153
1304,3851,p2,selection,141.68405151367188,1787512270.50869
1304,3852,p2,selection,124.1484146118164,1787512270.5134249
1305,1304,p1,turn,12.0875825881958,1787512270.536611
1305,3853,p1,selection,229.30880737304688,1787512270.5405695
1305,3854,p1,selection,240.91766357421875,1787512270.5443585
1305,3855,p1,selection,173.4186553955078,1787512270.5482593
1305,1304,p2,turn,7.774724006652832,1787512270.5600083
1305,3853,p2,selection,122.86544036865234,1787512270.5638003
1305,3854,p2,selection,130.22213745117188,1787512270.5680656
1305,3855,p2,selection,121.51195526123047,1787512270.5723345
1306,1305,p1,turn,9.728126525878906,1787512270.6014435
1306,3856,p1,selection,195.2991180419922,1787512270.6055849
1306,3857,p1,selection,235.18206787109375,1787512270.6101155
1306,3858,p1,selection,136.46864318847656,1787512270.6147072
1306,1305,p2,turn,12.004379272460938,1787512270.627567
1306,3856,p2,selection,150.0926055908203,1787512270.6315973
1306,3857,p2,selection,100.78974914550781,1787512270.6356595
1306,3858,p2,selection,156.83206176757812,1787512270.6395974
1307,1306,p1,turn,13.969797134399414,1787512270.681859
1307,3859,p1,selection,248.80746459960938,1787512270.6858547
1307,3860,p1,selection,278.4833984375,1787512270.6902447
1307,3861,p1,selection,239.0035858154297,1787512270.694357
1307,1306,p2,turn,12.455985069274902,1787512270.7076135
1307,3859,p2,selection,141.7493133544922,1787512270.71197
1307,3860,p2,selection,138.1206512451172,1787512270.715986
1307,3861,p2,selection,138.67465209960938,1787512270.7210677
1308,1307,p1,turn,8.746118545532227,1787512270.7447994
1308,3862,p1,selection,167.79368591308594,1787512270.7493863
1308,3863,p1,selection,214.37158203125,1787512270.7545726
1308,3864,p1,selection,160.00625610351562,1787512270.75936
1308,1307,p2,turn,8.434762954711914,1787512270.7729733
1308,3862,p2,selection,100.21713256835938,1787512270.7767267
1308,3863,p2,selection,116.16845703125,1787512270.7804983
1308,3864,p2,selection,121.82503509521484,1787512270.7844603
1309,1308,p1,turn,12.584396362304688,1787512270.8026993
1309,3865,p1,selection,167.5131378173828,1787512270.80663
1309,3866,p1,selection,230.2735595703125,1787512270.8103898
1309,3867,p1,selection,265.52203369140625,1787512270.8144956
1309,1308,p2,turn,5.589832782745361,1787512270.827151
1309,3865,p2,selection,154.9313507080078,1787512270.831427
1309,3866,p2,selection,143.57083129882812,1787512270.8359046
1309,3867,p2,selection,112.46003723144531,1787512270.8398814
1310,1309,p1,turn,9.92868423461914,1787512270.8612878
1310,3868,p1,selection,203.63278198242188,1787512270.8652604
1310,3869,p1,selection,124.31444549560547,1787512270.8703203
1310,3870,p1,selection,251.8565673828125,1787512270.8752928
1310,1309,p2,turn,11.24102783203125,1787512270.8885455
1310,3868,p2,selection,128.82110595703125,1787512270.8925552
1310,3869,p2,selection,114.54302215576172,1787512270.896644
1310,3870,p2,selection,97.40191650390625,1787512270.9013095
1311,1310,p1,turn,11.665175437927246,1787512270.9279678
1311,3871,p1,selection,165.5625457763672,1787512270.9325757
1311,3872,p1,selection,184.9228515625,1787512270.9370089
1311,3873,p1,selection,236.73431396484375,1787512270.940954
1311,1310,p2,turn,6.315923690795898,1787512270.9563506
1311,3871,p2,selection,135.52708435058594,1787512270.9610267
1311,3872,p2,selection,126.22341918945312,1787512270.9649782
1311,3873,p2,selection,95.46884155273438,1787512270.969184
1312,1311,p1,turn,10.475266456604004,1787512271.00454
1312,3874,p1,selection,168.56631469726562,1787512271.0084312
1312,3875,p1,selection,145.50526428222656,1787512271.012705
1312,3876,p1,selection,125.57684326171875,1787512271.0169399
1312,1311,p2,turn,9.056859016418457,1787512271.0325282
1312,3874,p2,selection,107.03374481201172,1787512271.0385118
1312,3875,p2,selection,148.31224060058594,1787512271.0439003
1312,3876,p2,selection,141.4851837158203,1787512271.0481565
1313,1312,p1,turn,8.293471336364746,1787512271.1432855
1313,3877,p1,selection,149.59100341796875,1787512271.1530297
1313,3878,p1,selection,149.41732788085938,1787512271.1616828
1313,3879,p1,selection,199.28915405273438,1787512271.1672525
1313,1312,p2,turn,12.859519004821777,1787512271.1834176
1313,3877,p2,selection,141.23684692382812,1787512271.1876752
1313,3878,p2,selection,171.95758056640625,1787512271.1917493
1313,3879,p2,selection,158.82241821289062,1787512271.1958148
1314,1313,p1,turn,11.60044002532959,1787512271.214871
1314,3880,p1,selection,164.95584106445312,1787512271.2190206
1314,3881,p1,selection,224.03182983398438,1787512271.2229636
1314,3882,p1,selection,199.37091064453125,1787512271.2267954
1314,1313,p2,turn,9.35477066040039,1787512271.2407596
1314,3880,p2,selection,143.13311767578125,1787512271.2454827
1314,3881,p2,selection,147.22775268554688,1787512271.2501068
1314,3882,p2,selection,87.96463012695312,1787512271.255422
1315,1314,p1,turn,10.726947784423828,1787512271.2876635
1315,3883,p1,selection,214.36734008789062,1787512271.292554
1315,3884,p1,selection,177.91358947753906,1787512271.2975137
1315,3885,p1,selection,240.21841430664062,1787512271.3023782
1315,1314,p2,turn,10.855121612548828,1787512271.3173501
1315,3883,p2,selection,162.27635192871094,1787512271.3224094
1315,3884,p2,selection,106.69807434082031,1787512271.327586
1315,3885,p2,selection,84.65562438964844,1787512271.3327155
1316,1315,p1,turn,10.224346160888672,1787512271.3650546
1316,3886,p1,selection,255.4454345703125,1787512271.3693833
1316,3887,p1,selection,164.3196563720703,1787512271.3737936
1316,3888,p1,selection,248.14540100097656,1787512271.3783593
1316,1315,p2,turn,7.417158126831055,1787512271.392971
1316,3886,p2,selection,122.1390151977539,1787512271.398043
1316,3887,p2,selection,127.96244812011719,1787512271.403099
1316,3888,p2,selection,98.71891784667969,1787512271.407999
1317,1316,p1,turn,8.472840309143066,1787512271.4318807
1317,3889,p1,selection,95.14282989501953,1787512271.4372525
1317,3890,p1,selection,199.6714630126953,1787512271.443264
1317,3891,p1,selection,218.57461547851562,1787512271.4477518
1317,1316,p2,turn,11.24971866607666,1787512271.4638276
1317,3889,p2,selection,130.45068359375,1787512271.4697394
1317,3890,p2,selection,129.6202392578125,1787512271.4756238
1317,3891,p2,selection,145.74569702148438,1787512271.4816852
1318,1317,p1,turn,7.591730117797852,1787512271.506784
1318,3892,p1,selection,280.71551513671875,1787512271.5107472
1318,3893,p1,selection,225.88201904296875,1787512271.5147705
1318,3894,p1,selection,235.43862915039062,1787512271.5194037
1318,1317,p2,turn,6.631795883178711,1787512271.5352926
1318,3892,p2,selection,120.61286926269531,1787512271.5393956
1318,3893,p2,selection,196.0572509765625,1787512271.5432868
1318,3894,p2,selection,165.45416259765625,1787512271.5471635
1319,1318,p1,turn,8.475886344909668,1787512271.5832033
1319,3895,p1,selection,193.4569091796875,1787512271.5883377
1319,3896,p1,selection,232.1140899658203,1787512271.5933769
1319,3897,p1,selection,212.28225708007812,1787512271.59814
1319,1318,p2,turn,8.404024124145508,1787512271.6132126
1319,3895,p2,selection,141.66293334960938,1787512271.618371
1319,3896,p2,selection,138.1646270751953,1787512271.6232085
1319,3897,p2,selection,200.60626220703125,1787512271.6279306
1320,1319,p1,turn,11.634119033813477,1787512271.6549418
1320,3898,p1,selection,115.73731231689453,1787512271.6589706
1320,3899,p1,selection,221.22315979003906,1787512271.6629694
1320,3900,p1,selection,242.49658203125,1787512271.667398
1320,1319,p2,turn,8.72200870513916,1787512271.6797523
1320,3898,p2,selection,161.77719116210938,1787512271.6841316
1320,3899,p2,selection,110.45770263671875,1787512271.6881623
1320,3900,p2,selection,125.02239227294922,1787512271.6922958
1321,1320,p1,turn,11.747291564941406,1787512271.7194424
1321,3901,p1,selection,134.8613739013672,1787512271.723414
1321,3902,p1,selection,178.47821044921875,1787512271.7272573
1321,3903,p1,selection,264.266357421875,1787512271.731047
1321,1320,p2,turn,9.057348251342773,1787512271.7431707
1321,3901,p2,selection,99.50492858886719,1787512271.747033
1321,3902,p2,selection,151.52767944335938,1787512271.7513175
1321,3903,p2,selection,116.61457061767578,1787512271.7554066
1322,1321,p1,turn,11.268733978271484,1787512271.8006234
1322,3904,p1,selection,178.98736572265625,1787512271.8045743
1322,3905,p1,selection,193.79257202148438,1787512271.808522
1322,3906,p1,selection,150.74594116210938,1787512271.8124068
1322,1321,p2,turn,8.619767189025879,1787512271.8246965
1322,3904,p2,selection,116.10830688476562,1787512271.8284967
1322,3905,p2,selection,151.1069793701172,1787512271.8322842
1322,3906,p2,selection,86.24142456054688,1787512271.836267
1323,1322,p1,turn,10.929938316345215,1787512271.8560688
1323,3907,p1,selection,269.68841552734375,1787512271.8599193
1323,3908,p1,selection,133.96200561523438,1787512271.8637438
1323,3909,p1,selection,182.95480346679688,1787512271.8679767
1323,1322,p2,turn,10.06224536895752,1787512271.8798482
1323,3907,p2,selection,160.13087463378906,1787512271.8838332
1323,3908,p2,selection,164.6540985107422,1787512271.8898416
1323,3909,p2,selection,125.2302017211914,1787512271.8943472
1324,1323,p1,turn,10.244507789611816,1787512271.91366
1324,3910,p1,selection,266.0378112792969,1787512271.9176981
1324,3911,p1,selection,220.68283081054688,1787512271.9216628
1324,3912,p1,selection,172.97479248046875,1787512271.925476
1324,1323,p2,turn,9.232574462890625,1787512271.9373896
1324,3910,p2,selection,162.27401733398438,1787512271.9412725
1324,3911,p2,selection,108.43924713134766,1787512271.9450614
1324,3912,p2,selection,105.81243896484375,1787512271.9488494
1325,1324,p1,turn,8.333124160766602,1787512271.9743328
1325,3913,p1,selection,183.36949157714844,1787512271.9782903
1325,3914,p1,selection,86.90145111083984,1787512271.9823644
1325,3915,p1,selection,188.0794219970703,1787512271.986517
1325,1324,p2,turn,11.42661190032959,1787512271.9985204
1325,3913,p2,selection,108.8575210571289,1787512272.0024347
1325,3914,p2,selection,129.15780639648438,1787512272.0063655
1325,3915,p2,selection,125.16783905029297,1787512272.0102067
1326,1325,p1,turn,9.90115737915039,1787512272.0441437
1326,3916,p1,selection,145.1627960205078,1787512272.0479262
1326,3917,p1,selection,153.57972717285156,1787512272.0518997
1326,3918,p1,selection,157.98629760742188,1787512272.055766
1326,1325,p2,turn,11.766863822937012,1787512272.067849
1326,3916,p2,selection,103.03336334228516,1787512272.071722
1326,3917,p2,selection,98.48446655273438,1787512272.0755808
1326,3918,p2,selection,116.50999450683594,1787512272.0793676
1327,1326,p1,turn,8.806499481201172,1787512272.1016026
1327,3919,p1,selection,174.97152709960938,1787512272.1055083
1327,3920,p1,selection,101.91580200195312,1787512272.10933
1327,3921,p1,selection,179.93934631347656,1787512272.1130502
1327,1326,p2,turn,8.434345245361328,1787512272.1246643
1327,3919,p2,selection,136.6292724609375,1787512272.1286387
1327,3920,p2,selection,129.8134765625,1787512272.1325111
1327,3921,p2,selection,144.9787139892578,1787512272.1367514
1328,1327,p1,turn,9.363067626953125,1787512272.158482
1328,3922,p1,selection,198.56727600097656,1787512272.1623473
1328,3923,p1,selection,201.33554077148438,1787512272.1661496
1328,3924,p1,selection,212.900390625,1787512272.1703212
1328,1327,p2,turn,14.16910457611084,1787512272.181983
1328,3922,p2,selection,148.9224090576172,1787512272.185961
1328,3923,p2,selection,96.6479263305664,1787512272.1898167
1328,3924,p2,selection,122.37529754638672,1787512272.193605
1329,1328,p1,turn,10.684669494628906,1787512272.2190533
1329,3925,p1,selection,256.12646484375,1787512272.2229037
1329,3926,p1,selection,121.04193115234375,1787512272.226719
1329,3927,p1,selection,131.45623779296875,1787512272.2307146
1329,1328,p2,turn,10.783049583435059,1787512272.2441502
1329,3925,p2,selection,180.74871826171875,1787512272.2484813
1329,3926,p2,selection,136.27198791503906,1787512272.2523355
1329,3927,p2,selection,116.36800384521484,1787512272.2561805
1330,1329,p1,turn,8.158174514770508,1787512272.2800312
1330,3928,p1,selection,137.47897338867188,1787512272.2839298
1330,3929,p1,selection,145.05514526367188,1787512272.28773
1330,3930,p1,selection,202.500732421875,1787512272.291415
1330,1329,p2,turn,13.07535171508789,1787512272.3034356
1330,3928,p2,selection,137.84632873535156,1787512272.3071358
1330,3929,p2,selection,135.77496337890625,1787512272.3108287
1330,3930,p2,selection,127.78743743896484,1787512272.314516
1331,1330,p1,turn,7.223992347717285,1787512272.3405132
1331,3931,p1,selection,270.7646484375,1787512272.3442621
1331,3932,p1,selection,184.04103088378906,1787512272.3481464
1331,3933,p1,selection,193.97239685058594,1787512272.3519957
1331,1330,p2,turn,15.886382102966309,1787512272.3636777
1331,3931,p2,selection,130.02340698242188,1787512272.3676856
1331,3932,p2,selection,131.4970245361328,1787512272.371541
1331,3933,p2,selection,146.0205841064453,1787512272.3751993
1332,1331,p1,turn,10.444723129272461,1787512272.3930132
1332,3934,p1,selection,192.95425415039062,1787512272.3966997
1332,3935,p1,selection,158.05776977539062,1787512272.4007885
1332,3936,p1,selection,207.8766326904297,1787512272.4047248
1332,1331,p2,turn,14.00982666015625,1787512272.4161813
1332,3934,p2,selection,167.19894409179688,1787512272.4203658
1332,3935,p2,selection,171.796630859375,1787512272.4242618
1332,3936,p2,selection,120.2200927734375,1787512272.4280796
1333,1332,p1,turn,10.694717407226562,1787512272.45997
1333,3937,p1,selection,257.712890625,1787512272.464585
1333,3938,p1,selection,149.75289916992188,1787512272.4693244
1333,3939,p1,selection,244.4772491455078,1787512272.4731348
1333,1332,p2,turn,9.899669647216797,1787512272.4864523
1333,3937,p2,selection,152.46189880371094,1787512272.4914863
1333,3938,p2,selection,139.79502868652344,1787512272.497444
1333,3939,p2,selection,177.60195922851562,1787512272.5024428
1334,1333,p1,turn,7.620493412017822,1787512272.5245414
1334,3940,p1,selection,194.36474609375,1787512272.529114
1334,3941,p1,selection,142.37615966796875,1787512272.5346456
1334,3942,p1,selection,140.54946899414062,1787512272.5402312
1334,1333,p2,turn,8.302471160888672,1787512272.5576797
1334,3940,p2,selection,146.77593994140625,1787512272.5641587
1334,3941,p2,selection,158.19146728515625,1787512272.5692298
1334,3942,p2,selection,117.24398040771484,1787512272.5735986
1335,1334,p1,turn,10.299067497253418,1787512272.602417
1335,3943,p1,selection,166.52207946777344,1787512272.6078134
1335,3944,p1,selection,224.4732666015625,1787512272.613089
1335,3945,p1,selection,216.1593017578125,1787512272.6187253
1335,1334,p2,turn,9.239381790161133,1787512272.632013
1335,3943,p2,selection,134.79249572753906,1787512272.6374266
1335,3944,p2,selection,126.57691192626953,1787512272.642331
1335,3945,p2,selection,99.30599975585938,1787512272.6470912
1336,1335,p1,turn,7.385995388031006,1787512272.6861854
1336,3946,p1,selection,202.7774658203125,1787512272.690735
1336,3947,p1,selection,196.4792938232422,1787512272.6960382
1336,3948,p1,selection,150.83901977539062,1787512272.7008853
1336,1335,p2,turn,10.581836700439453,1787512272.7146702
1336,3946,p2,selection,136.4182586669922,1787512272.7195563
1336,3947,p2,selection,137.19439697265625,1787512272.724891
1336,3948,p2,selection,118.865966796875,1787512272.7295249
1337,1336,p1,turn,11.31171703338623,1787512272.785806
1337,3949,p1,selection,192.25436401367188,1787512272.7908835
1337,3950,p1,selection,152.99615478515625,1787512272.7958775
1337,3951,p1,selection,104.5315170288086,1787512272.8002434
1337,1336,p2,turn,9.544608116149902,1787512272.8122263
1337,3949,p2,selection,149.84454345703125,1787512272.8167973
1337,3950,p2,selection,115.350341796875,1787512272.8212826
1337,3951,p2,selection,85.69206237792969,1787512272.8253682
1338,1337,p1,turn,8.729475021362305,1787512272.8487222
1338,3952,p1,selection,182.51487731933594,1787512272.8531575
1338,3953,p1,selection,103.25167083740234,1787512272.8572729
1338,3954,p1,selection,148.4961700439453,1787512272.8613503
1338,1337,p2,turn,12.197134017944336,1787512272.875678
1338,3952,p2,selection,105.93313598632812,1787512272.8795283
1338,3953,p2,selection,165.27923583984375,1787512272.8836288
1338,3954,p2,selection,153.1728973388672,1787512272.8880289
1339,1338,p1,turn,12.261717796325684,1787512272.9464273
1339,3955,p1,selection,122.91889190673828,1787512272.9503796
1339,3956,p1,selection,197.51194763183594,1787512272.9544604
1339,3957,p1,selection,183.78395080566406,1787512272.958531
1339,1338,p2,turn,11.920764923095703,1787512272.9705784
1339,3955,p2,selection,98.2288818359375,1787512272.9745579
1339,3956,p2,selection,142.35728454589844,1787512272.9787147
1339,3957,p2,selection,164.37728881835938,1787512272.9827263
1340,1339,p1,turn,8.624313354492188,1787512273.0082426
1340,3958,p1,selection,228.33584594726562,1787512273.0122027
1340,3959,p1,selection,185.47679138183594,1787512273.0164785
1340,3960,p1,selection,200.8608856201172,1787512273.0207007
1340,1339,p2,turn,9.696764945983887,1787512273.0338745
1340,3958,p2,selection,85.49267578125,1787512273.0379336
1340,3959,p2,selection,91.16766357421875,1787512273.042313
1340,3960,p2,selection,157.68478393554688,1787512273.046142
1341,1340,p1,turn,12.398849487304688,1787512273.0667465
1341,3961,p1,selection,225.83935546875,1787512273.0707932
1341,3962,p1,selection,150.87310791015625,1787512273.07458
1341,3963,p1,selection,212.48300170898438,1787512273.078897
1341,1340,p2,turn,11.569450378417969,1787512273.092753
1341,3961,p2,selection,136.08802795410156,1787512273.0976877
1341,3962,p2,selection,143.4102783203125,1787512273.1026947
1341,3963,p2,selection,143.83580017089844,1787512273.1075108
1342,1341,p1,turn,8.24587631225586,1787512273.146713
1342,3964,p1,selection,119.15699768066406,1787512273.1521978
1342,3965,p1,selection,187.93731689453125,1787512273.156828
1342,3966,p1,selection,236.22447204589844,1787512273.1628044
1342,1341,p2,turn,10.600360870361328,1787512273.1790977
1342,3964,p2,selection,173.54376220703125,1787512273.183721
1342,3965,p2,selection,113.98483276367188,1787512273.1877818
1342,3966,p2,selection,160.3776092529297,1787512273.1915798
1343,1342,p1,turn,9.114639282226562,1787512273.2123208
1343,3967,p1,selection,49.43538284301758,1787512273.2166412
1343,3968,p1,selection,161.46139526367188,1787512273.2210805
1343,3969,p1,selection,146.10256958007812,1787512273.2247496
1343,1342,p2,turn,12.804865837097168,1787512273.2373204
1343,3967,p2,selection,120.17259979248047,1787512273.2410164
1343,3968,p2,selection,105.85823059082031,1787512273.2447069
1343,3969,p2,selection,145.71884155273438,1787512273.248361
1344,1343,p1,turn,8.19486141204834,1787512273.265325
1344,3970,p1,selection,192.36895751953125,1787512273.269188
1344,3971,p1,selection,171.3900604248047,1787512273.2730744
1344,3972,p1,selection,226.62255859375,1787512273.2767656
1344,1343,p2,turn,9.570879936218262,1787512273.2886198
1344,3970,p2,selection,122.49119567871094,1787512273.292341
1344,3971,p2,selection,121.54195404052734,1787512273.2961311
1344,3972,p2,selection,156.38848876953125,1787512273.3001754
1345,1344,p1,turn,11.798434257507324,1787512273.317914
1345,3973,p1,selection,177.8768310546875,1787512273.321862
1345,3974,p1,selection,211.55770874023438,1787512273.32556
1345,3975,p1,selection,212.23895263671875,1787512273.3292482
1345,1344,p2,turn,7.829694747924805,1787512273.340999
1345,3973,p2,selection,138.2188720703125,1787512273.3447
1345,3974,p2,selection,109.86849975585938,1787512273.3483725
1345,3975,p2,selection,202.10525512695312,1787512273.3523352
1346,1345,p1,turn,11.343002319335938,1787512273.3842852
1346,3976,p1,selection,210.9660186767578,1787512273.388171
1346,3977,p1,selection,205.43020629882812,1787512273.3918884
1346,3978,p1,selection,130.4476776123047,1787512273.3955355
1346,1345,p2,turn,9.894124984741211,1787512273.4072037
1346,3976,p2,selection,104.1377944946289,1787512273.4108725
1346,3977,p2,selection,125.07377624511719,1787512273.4145558
1346,3978,p2,selection,139.968994140625,1787512273.418536
1347,1346,p1,turn,13.040168762207031,1787512273.439755
1347,3979,p1,selection,226.0569610595703,1787512273.4435108
1347,3980,p1,selection,215.55718994140625,1787512273.447153
1347,3981,p1,selection,124.77665710449219,1787512273.4511578
1347,1346,p2,turn,11.15374755859375,1787512273.4626656
1347,3979,p2,selection,136.12095642089844,1787512273.4664056
1347,3980,p2,selection,117.20003509521484,1787512273.4704225
1347,3981,p2,selection,134.1749267578125,1787512273.4741173
1348,1347,p1,turn,11.15304183959961,1787512273.5111625
1348,3982,p1,selection,179.89744567871094,1787512273.5148332
1348,3983,p1,selection,126.76371765136719,1787512273.518811
1348,3984,p1,selection,171.7552947998047,1787512273.5226476
1348,1347,p2,turn,12.962135314941406,1787512273.5347114
1348,3982,p2,selection,128.64817810058594,1787512273.5384896
1348,3983,p2,selection,142.02511596679688,1787512273.5421963
1348,3984,p2,selection,144.5528106689453,1787512273.545814
1349,1348,p1,turn,12.827582359313965,1787512273.5691326
1349,3985,p1,selection,156.80328369140625,1787512273.5729978
1349,3986,p1,selection,181.81312561035156,1787512273.5770738
1349,3987,p1,selection,238.84849548339844,1787512273.5810103
1349,1348,p2,turn,13.47768783569336,1787512273.5929189
1349,3985,p2,selection,130.72836303710938,1787512273.5967655
1349,3986,p2,selection,116.18355560302734,1787512273.6008646
1349,3987,p2,selection,91.93019104003906,1787512273.6048005
1350,1349,p1,turn,14.197687149047852,1787512273.6237075
1350,3988,p1,selection,246.95327758789062,1787512273.627907
1350,3989,p1,selection,272.9612121582031,1787512273.6359363
1350,3990,p1,selection,143.5369415283203,1787512273.6398823
1350,1349,p2,turn,12.365208625793457,1787512273.6524026
1350,3988,p2,selection,160.4982147216797,1787512273.6563582
1350,3989,p2,selection,128.6353759765625,1787512273.6601582
1350,3990,p2,selection,114.55380249023438,1787512273.6640236
1351,1350,p1,turn,10.57731819152832,1787512273.7035644
1351,3991,p1,selection,187.44509887695312,1787512273.7082937
1351,3992,p1,selection,160.25657653808594,1787512273.71288
1351,3993,p1,selection,228.0631866455078,1787512273.7175086
1351,1350,p2,turn,10.351465225219727,1787512273.7294407
1351,3991,p2,selection,132.98968505859375,1787512273.7333531
1351,3992,p2,selection,173.64720153808594,1787512273.7373798
1351,3993,p2,selection,136.30299377441406,1787512273.7411482
1352,1351,p1,turn,7.875197887420654,1787512273.7594237
1352,3994,p1,selection,189.15521240234375,1787512273.7632923
1352,3995,p1,selection,204.94720458984375,1787512273.7674465
1352,3996,p1,selection,199.29910278320312,1787512273.7713685
1352,1351,p2,turn,11.362752914428711,1787512273.7835522
1352,3994,p2,selection,132.950439453125,1787512273.7875297
1352,3995,p2,selection,111.7353515625,1787512273.791319
1352,3996,p2,selection,149.44979858398438,1787512273.795097
1353,1352,p1,turn,9.541348457336426,1787512273.8229742
1353,3997,p1,selection,163.44406127929688,1787512273.8268642
1353,3998,p1,selection,171.0059814453125,1787512273.830795
1353,3999,p1,selection,219.44561767578125,1787512273.8348746
1353,1352,p2,turn,20.45818519592285,1787512273.8468893
1353,3997,p2,selection,162.904541015625,1787512273.8510935
1353,3998,p2,selection,152.85885620117188,1787512273.8550906
1353,3999,p2,selection,119.0887451171875,1787512273.859021
1354,1353,p1,turn,12.964282989501953,1787512273.8769104
1354,4000,p1,selection,205.01992797851562,1787512273.8810492
1354,4001,p1,selection,184.20623779296875,1787512273.8854964
1354,4002,p1,selection,106.48780822753906,1787512273.8906825
1354,1353,p2,turn,8.767258644104004,1787512273.9035501
1354,4000,p2,selection,139.91392517089844,1787512273.9075696
1354,4001,p2,selection,116.98563385009766,1787512273.9113507
1354,4002,p2,selection,122.00559997558594,1787512273.9158492
1355,1354,p1,turn,8.89302921295166,1787512273.9385126
1355,4003,p1,selection,184.88169860839844,1787512273.9423094
1355,4004,p1,selection,206.1151580810547,1787512273.946124
1355,4005,p1,selection,174.06253051757812,1787512273.9499965
1355,1354,p2,turn,7.8852128982543945,1787512273.9619696
1355,4003,p2,selection,88.40133666992188,1787512273.9657645
1355,4004,p2,selection,164.89886474609375,1787512273.9697692
1355,4005,p2,selection,147.47848510742188,1787512273.9735725
1356,1355,p1,turn,9.096007347106934,1787512273.9937549
1356,4006,p1,selection,157.7133331298828,1787512273.9976146
1356,4007,p1,selection,201.70199584960938,1787512274.0018814
1356,4008,p1,selection,207.53720092773438,1787512274.0059528
1356,1355,p2,turn,9.703197479248047,1787512274.018221
1356,4006,p2,selection,182.6971893310547,1787512274.0223408
1356,4007,p2,selection,95.7621078491211,1787512274.0261874
1356,4008,p2,selection,179.04501342773438,1787512274.0299444
1357,1356,p1,turn,13.731658935546875,1787512274.0728917
1357,4009,p1,selection,191.2782745361328,1787512274.07661
1357,4010,p1,selection,181.635986328125,1787512274.080263
1357,4011,p1,selection,184.98202514648438,1787512274.0844529
1357,1356,p2,turn,7.886124134063721,1787512274.0960224
1357,4009,p2,selection,170.9761199951172,1787512274.1000645
1357,4010,p2,selection,149.35015869140625,1787512274.1040437
1357,4011,p2,selection,153.06712341308594,1787512274.1076868
1358,1357,p1,turn,10.560572624206543,1787512274.1304834
1358,4012,p1,selection,225.287109375,1787512274.1344812
1358,4013,p1,selection,194.8380126953125,1787512274.138301
1358,4014,p1,selection,171.32420349121094,1787512274.1418958
1358,1357,p2,turn,5.6161627769470215,1787512274.1536827
1358,4012,p2,selection,138.5970458984375,1787512274.1574252
1358,4013,p2,selection,135.83169555664062,1787512274.1611028
1358,4014,p2,selection,154.92758178710938,1787512274.1647007
1359,1358,p1,turn,9.550254821777344,1787512274.184746
1359,4015,p1,selection,204.76434326171875,1787512274.1885865
1359,4016,p1,selection,216.25723266601562,1787512274.1923542
1359,4017,p1,selection,214.0865478515625,1787512274.1959555
1359,1358,p2,turn,8.430586814880371,1787512274.2076378
1359,4015,p2,selection,172.75343322753906,1787512274.2112992
1359,4016,p2,selection,117.61266326904297,1787512274.2149568
1359,4017,p2,selection,203.3314666748047,1787512274.2188678
1360,1359,p1,turn,8.341081619262695,1787512274.246241
1360,4018,p1,selection,209.60955810546875,1787512274.2501428
1360,4019,p1,selection,176.09725952148438,1787512274.2542305
1360,4020,p1,selection,256.44415283203125,1787512274.257937
1360,1359,p2,turn,9.901898384094238,1787512274.2694383
1360,4018,p2,selection,113.7176284790039,1787512274.2732093
1360,4019,p2,selection,146.97125244140625,1787512274.2768183
1360,4020,p2,selection,217.72506713867188,1787512274.2804542
1361,1360,p1,turn,7.583455562591553,1787512274.306146
1361,4021,p1,selection,197.25460815429688,1787512274.3097827
1361,4022,p1,selection,228.39865112304688,1787512274.313432
1361,4023,p1,selection,226.7732391357422,1787512274.3175902
1361,1360,p2,turn,9.082141876220703,1787512274.3290823
1361,4021,p2,selection,137.08135986328125,1787512274.3328393
1361,4022,p2,selection,134.28451538085938,1787512274.3369155
1361,4023,p2,selection,172.42286682128906,1787512274.3406742
1362,1361,p1,turn,10.992288589477539,1787512274.3605065
1362,4024,p1,selection,147.72244262695312,1787512274.364203
1362,4025,p1,selection,246.22918701171875,1787512274.3682528
1362,4026,p1,selection,196.461181640625,1787512274.3721647
1362,1361,p2,turn,12.064336776733398,1787512274.383925
1362,4024,p2,selection,155.09750366210938,1787512274.387801
1362,4025,p2,selection,159.98098754882812,1787512274.3914382
1362,4026,p2,selection,143.74874877929688,1787512274.3951685
1363,1362,p1,turn,11.532538414001465,1787512274.475966
1363,4027,p1,selection,201.11715698242188,1787512274.4806902
1363,4028,p1,selection,177.98291015625,1787512274.48571
1363,4029,p1,selection,149.30667114257812,1787512274.4904442
1363,1362,p2,turn,10.510156631469727,1787512274.5052066
1363,4027,p2,selection,139.11383056640625,1787512274.509266
1363,4028,p2,selection,161.0254669189453,1787512274.5132043
1363,4029,p2,selection,149.15982055664062,1787512274.5176363
1364,1363,p1,turn,10.78653621673584,1787512274.5601778
1364,4030,p1,selection,226.41041564941406,1787512274.564236
1364,4031,p1,selection,260.8398132324219,1787512274.568632
1364,4032,p1,selection,183.61187744140625,1787512274.572676
1364,1363,p2,turn,10.95233154296875,1787512274.5852752
1364,4030,p2,selection,151.1507110595703,1787512274.5897393
1364,4031,p2,selection,155.40419006347656,1787512274.5939364
1364,4032,p2,selection,141.33157348632812,1787512274.5982845
1365,1364,p1,turn,8.815473556518555,1787512274.6361134
1365,4033,p1,selection,216.27484130859375,1787512274.6405818
1365,4034,p1,selection,158.4405975341797,1787512274.6447754
1365,4035,p1,selection,222.983154296875,1787512274.6495335
1365,1364,p2,turn,10.177313804626465,1787512274.6626194
1365,4033,p2,selection,148.0878448486328,1787512274.666805
1365,4034,p2,selection,122.61192321777344,1787512274.671088
1365,4035,p2,selection,134.62420654296875,1787512274.6749547
1366,1365,p1,turn,16.071552276611328,1787512274.6970215
1366,4036,p1,selection,243.10533142089844,1787512274.7019062
1366,4037,p1,selection,161.46633911132812,1787512274.7069147
1366,4038,p1,selection,234.87222290039062,1787512274.711864
1366,1365,p2,turn,10.773332595825195,1787512274.7237678
1366,4036,p2,selection,167.42686462402344,1787512274.727805
1366,4037,p2,selection,147.65721130371094,1787512274.7317655
1366,4038,p2,selection,146.0945281982422,1787512274.7359767
1367,1366,p1,turn,8.515436172485352,1787512274.7643383
1367,4039,p1,selection,218.7102813720703,1787512274.768597
1367,4040,p1,selection,147.444091796875,1787512274.7728188
1367,4041,p1,selection,146.6719970703125,1787512274.7766523
1367,1366,p2,turn,8.892094612121582,1787512274.7890775
1367,4039,p2,selection,144.35153198242188,1787512274.793744
1367,4040,p2,selection,166.92373657226562,1787512274.7982633
1367,4041,p2,selection,141.9960479736328,1787512274.8022585
1368,1367,p1,turn,12.848322868347168,1787512274.8328874
1368,4042,p1,selection,165.44064331054688,1787512274.836989
1368,4043,p1,selection,179.86070251464844,1787512274.8410962
1368,4044,p1,selection,193.892578125,1787512274.8451126
1368,1367,p2,turn,9.011786460876465,1787512274.8573592
1368,4042,p2,selection,93.2228012084961,1787512274.8613107
1368,4043,p2,selection,163.91061401367188,1787512274.8651829
1368,4044,p2,selection,136.8937530517578,1787512274.8694713
1369,1368,p1,turn,12.012429237365723,1787512274.8889384
1369,4045,p1,selection,192.9991455078125,1787512274.8930275
1369,4046,p1,selection,219.18650817871094,1787512274.8970375
1369,4047,p1,selection,156.84608459472656,1787512274.9014876
1369,1368,p2,turn,9.398457527160645,1787512274.9138782
1369,4045,p2,selection,127.47515106201172,1787512274.9182434
1369,4046,p2,selection,116.67720794677734,1787512274.9222312
1369,4047,p2,selection,123.60076141357422,1787512274.9260256
1370,1369,p1,turn,6.672714710235596,1787512274.9487476
1370,4048,p1,selection,235.0066680908203,1787512274.9528382
1370,4049,p1,selection,122.2853775024414,1787512274.956946
1370,4050,p1,selection,138.5665740966797,1787512274.9610915
1370,1369,p2,turn,9.244078636169434,1787512274.9726126
1370,4048,p2,selection,187.27557373046875,1787512274.9763947
1370,4049,p2,selection,163.99725341796875,1787512274.9802647
1370,4050,p2,selection,82.46177673339844,1787512274.9847121
1371,1370,p1,turn,8.035784721374512,1787512275.008923
1371,4051,p1,selection,162.4085235595703,1787512275.0135312
1371,4052,p1,selection,166.11788940429688,1787512275.0185025
1371,4053,p1,selection,128.15908813476562,1787512275.0233338
1371,1370,p2,turn,11.82082462310791,1787512275.0382173
1371,4051,p2,selection,139.23870849609375,1787512275.042694
1371,4052,p2,selection,128.07252502441406,1787512275.0466254
1371,4053,p2,selection,133.29922485351562,1787512275.0509465
1372,1371,p1,turn,11.342338562011719,1787512275.0808082
1372,4054,p1,selection,171.95751953125,1787512275.0850732
1372,4055,p1,selection,221.6610107421875,1787512275.0895264
1372,4056,p1,selection,278.6600646972656,1787512275.0934162
1372,1371,p2,turn,11.329732894897461,1787512275.1082294
1372,4054,p2,selection,144.4370880126953,1787512275.112172
1372,4055,p2,selection,160.0274658203125,1787512275.1161845
1372,4056,p2,selection,140.466552734375,1787512275.12085
1373,1372,p1,turn,14.353937149047852,1787512275.1424365
1373,4057,p1,selection,177.20884704589844,1787512275.1471808
1373,4058,p1,selection,181.19674682617188,1787512275.1526272
1373,4059,p1,selection,208.57061767578125,1787512275.1580863
1373,1372,p2,turn,11.490483283996582,1787512275.1718068
1373,4057,p2,selection,167.0951385498047,1787512275.1756845
1373,4058,p2,selection,129.72482299804688,1787512275.1797526
1373,4059,p2,selection,95.03500366210938,1787512275.185053
1374,1373,p1,turn,9.842819213867188,1787512275.2218149
1374,4060,p1,selection,149.02362060546875,1787512275.2255256
1374,4061,p1,selection,123.54785919189453,1787512275.2291694
1374,4062,p1,selection,174.56777954101562,1787512275.232835
1374,1373,p2,turn,10.62087345123291,1787512275.2445133
1374,4060,p2,selection,114.66558837890625,1787512275.2482162
1374,4061,p2,selection,88.6264419555664,1787512275.2520897
1374,4062,p2,selection,92.74546813964844,1787512275.2559023
1375,1374,p1,turn,9.495966911315918,1787512275.2748768
1375,4063,p1,selection,162.9845428466797,1787512275.2788277
1375,4064,p1,selection,290.820068359375,1787512275.2824764
1375,4065,p1,selection,196.62738037109375,1787512275.28634
1375,1374,p2,turn,10.596505165100098,1787512275.2973762
1375,4063,p2,selection,145.47828674316406,1787512275.3013015
1375,4064,p2,selection,137.87208557128906,1787512275.3050802
1375,4065,p2,selection,107.48992919921875,1787512275.3087587
1376,1375,p1,turn,7.078683853149414,1787512275.3310614
1376,4066,p1,selection,251.01954650878906,1787512275.3348436
1376,4067,p1,selection,206.23118591308594,1787512275.3385642
1376,4068,p1,selection,203.51986694335938,1787512275.34217
1376,1375,p2,turn,14.57942008972168,1787512275.3537872
1376,4066,p2,selection,181.83966064453125,1787512275.3574955
1376,4067,p2,selection,125.75677490234375,1787512275.3611505
1376,4068,p2,selection,108.73388671875,1787512275.364815
1377,1376,p1,turn,7.670958518981934,1787512275.396411
1377,4069,p1,selection,212.01483154296875,1787512275.4002376
1377,4070,p1,selection,132.7097625732422,1787512275.404032
1377,4071,p1,selection,221.74658203125,1787512275.40765
1377,1376,p2,turn,8.656672477722168,1787512275.4189637
1377,4069,p2,selection,169.15869140625,1787512275.4226496
1377,4070,p2,selection,150.0958709716797,1787512275.426325
1377,4071,p2,selection,108.15708923339844,1787512275.4300342
1378,1377,p1,turn,6.842162132263184,1787512275.4717948
1378,4072,p1,selection,201.09548950195312,1787512275.475494
1378,4073,p1,selection,209.68380737304688,1787512275.4792366
1378,4074,p1,selection,218.9059295654297,1787512275.4831371
1378,1377,p2,turn,10.146081924438477,1787512275.4956203
1378,4072,p2,selection,126.55970001220703,1787512275.4993753
1378,4073,p2,selection,116.96334838867188,1787512275.503441
1378,4074,p2,selection,149.07772827148438,1787512275.5071793
1379,1378,p1,turn,9.18250560760498,1787512275.5316057
1379,4075,p1,selection,204.7201690673828,1787512275.535489
1379,4076,p1,selection,149.28761291503906,1787512275.5393255
1379,4077,p1,selection,137.20278930664062,1787512275.5430293
1379,1378,p2,turn,15.697842597961426,1787512275.5548334
1379,4075,p2,selection,96.35176086425781,1787512275.5585465
1379,4076,p2,selection,109.79360961914062,1787512275.5622883
1379,4077,p2,selection,135.03005981445312,1787512275.5660028
1380,1379,p1,turn,12.399255752563477,1787512275.5860102
1380,4078,p1,selection,150.5819549560547,1787512275.5904245
1380,4079,p1,selection,207.49691772460938,1787512275.594915
1380,4080,p1,selection,194.74571228027344,1787512275.5993595
1380,1379,p2,turn,10.998534202575684,1787512275.6134303
1380,4078,p2,selection,113.6533203125,1787512275.6181293
1380,4079,p2,selection,157.0203094482422,1787512275.6228836
1380,4080,p2,selection,161.26609802246094,1787512275.6273873
1381,1380,p1,turn,12.567072868347168,1787512275.6500497
1381,4081,p1,selection,249.04769897460938,1787512275.6543381
1381,4082,p1,selection,214.81106567382812,1787512275.6581333
1381,4083,p1,selection,156.78814697265625,1787512275.6618388
1381,1380,p2,turn,17.03200340270996,1787512275.6734016
1381,4081,p2,selection,135.51353454589844,1787512275.6770854
1381,4082,p2,selection,106.3067398071289,1787512275.680945
1381,4083,p2,selection,117.93265533447266,1787512275.685057
1382,1381,p1,turn,11.821407318115234,1787512275.7041082
1382,4084,p1,selection,166.05992126464844,1787512275.7078564
1382,4085,p1,selection,183.77536010742188,1787512275.7115514
1382,4086,p1,selection,228.49192810058594,1787512275.7152965
1382,1381,p2,turn,11.798306465148926,1787512275.7266228
1382,4084,p2,selection,102.34571838378906,1787512275.7303016
1382,4085,p2,selection,138.98403930664062,1787512275.7340207
1382,4086,p2,selection,172.8624267578125,1787512275.737762
1383,1382,p1,turn,7.602404594421387,1787512275.7537763
1383,4087,p1,selection,149.15585327148438,1787512275.7575355
1383,4088,p1,selection,100.95379638671875,1787512275.7612114
1383,4089,p1,selection,154.78610229492188,1787512275.7649422
1383,1382,p2,turn,8.850730895996094,1787512275.7764108
1383,4087,p2,selection,130.90280151367188,1787512275.7801235
1383,4088,p2,selection,151.44003295898438,1787512275.7840385
1383,4089,p2,selection,107.31324768066406,1787512275.7878115
1384,1383,p1,turn,7.180144309997559,1787512275.8085306
1384,4090,p1,selection,121.60002136230469,1787512275.812196
1384,4091,p1,selection,150.64207458496094,1787512275.8158782
1384,4092,p1,selection,205.94198608398438,1787512275.8198755
1384,1383,p2,turn,16.99139404296875,1787512275.8314886
1384,4090,p2,selection,114.59587097167969,1787512275.8352814
1384,4091,p2,selection,119.22605895996094,1787512275.8391058
1384,4092,p2,selection,187.09375,1787512275.8428342
1385,1384,p1,turn,12.449264526367188,1787512275.859824
1385,4093,p1,selection,173.92703247070312,1787512275.8635778
1385,4094,p1,selection,152.06459045410156,1787512275.8676314
1385,4095,p1,selection,182.7091064453125,1787512275.8715794
1385,1384,p2,turn,8.603015899658203,1787512275.8830342
1385,4093,p2,selection,110.3057632446289,1787512275.8873715
1385,4094,p2,selection,110.33064270019531,1787512275.8912632
1385,4095,p2,selection,157.45404052734375,1787512275.8950531
1386,1385,p1,turn,10.372477531433105,1787512275.9123201
1386,4096,p1,selection,257.1412048339844,1787512275.9161012
1386,4097,p1,selection,230.13119506835938,1787512275.9204967
1386,4098,p1,selection,172.80198669433594,1787512275.9244258
1386,1385,p2,turn,10.767584800720215,1787512275.936198
1386,4096,p2,selection,103.2768325805664,1787512275.9401097
1386,4097,p2,selection,188.05850219726562,1787512275.9439332
1386,4098,p2,selection,131.23390197753906,1787512275.9477053
1387,1386,p1,turn,14.554401397705078,1787512275.978095
1387,4099,p1,selection,172.82113647460938,1787512275.9819467
1387,4100,p1,selection,251.79736328125,1787512275.9860835
1387,4101,p1,selection,224.50634765625,1787512275.990019
1387,1386,p2,turn,7.466179847717285,1787512276.0021183
1387,4099,p2,selection,111.91807556152344,1787512276.0060797
1387,4100,p2,selection,112.4853515625,1787512276.010092
1387,4101,p2,selection,127.31777954101562,1787512276.0139349
1388,1387,p1,turn,11.932990074157715,1787512276.0404694
1388,4102,p1,selection,136.5177001953125,1787512276.04447
1388,4103,p1,selection,170.89109802246094,1787512276.048369
1388,4104,p1,selection,213.2848663330078,1787512276.0525086
1388,1387,p2,turn,9.576749801635742,1787512276.065207
1388,4102,p2,selection,130.49697875976562,1787512276.069176
1388,4103,p2,selection,147.45504760742188,1787512276.073173
1388,4104,p2,selection,86.00527954101562,1787512276.0771487
1389,1388,p1,turn,11.396842956542969,1787512276.1111472
1389,4105,p1,selection,214.5968475341797,1787512276.1149492
1389,4106,p1,selection,214.08871459960938,1787512276.1188724
1389,4107,p1,selection,231.20657348632812,1787512276.1230714
1389,1388,p2,turn,8.300480842590332,1787512276.1352453
1389,4105,p2,selection,87.76614379882812,1787512276.1393604
1389,4106,p2,selection,148.95806884765625,1787512276.1432893
1389,4107,p2,selection,121.36864471435547,1787512276.147376
1390,1389,p1,turn,13.630247116088867,1787512276.1688404
1390,4108,p1,selection,152.23146057128906,1787512276.1731248
1390,4109,p1,selection,201.25955200195312,1787512276.1769607
1390,4110,p1,selection,187.7020263671875,1787512276.1807814
1390,1389,p2,turn,9.45670223236084,1787512276.1961825
1390,4108,p2,selection,111.06282043457031,1787512276.201493
1390,4109,p2,selection,201.6094970703125,1787512276.2054577
1390,4110,p2,selection,131.97695922851562,1787512276.209239
1391,1390,p1,turn,9.605714797973633,1787512276.2263536
1391,4111,p1,selection,153.21292114257812,1787512276.2301638
1391,4112,p1,selection,206.1402130126953,1787512276.2343025
1391,4113,p1,selection,185.74986267089844,1787512276.2381902
1391,1390,p2,turn,6.891822814941406,1787512276.2494867
1391,4111,p2,selection,120.79791259765625,1787512276.253547
1391,4112,p2,selection,150.91195678710938,1787512276.257305
1391,4113,p2,selection,107.66401672363281,1787512276.2609732
1392,1391,p1,turn,13.000038146972656,1787512276.28638
1392,4114,p1,selection,357.4197692871094,1787512276.2902572
1392,4115,p1,selection,189.12013244628906,1787512276.2940433
1392,4116,p1,selection,278.7005920410156,1787512276.2977424
1392,1391,p2,turn,10.928772926330566,1787512276.3094597
1392,4114,p2,selection,107.94325256347656,1787512276.3132026
1392,4115,p2,selection,132.02586364746094,1787512276.3180118
1392,4116,p2,selection,128.8266143798828,1787512276.3218737
1393,1392,p1,turn,10.730611801147461,1787512276.3429608
1393,4117,p1,selection,242.2076873779297,1787512276.3466341
1393,4118,p1,selection,154.16146850585938,1787512276.3505685
1393,4119,p1,selection,221.48199462890625,1787512276.3544087
1393,1392,p2,turn,12.52942180633545,1787512276.3656807
1393,4117,p2,selection,115.40310668945312,1787512276.371237
1393,4118,p2,selection,115.981689453125,1787512276.3749588
1393,4119,p2,selection,167.18829345703125,1787512276.37873
1394,1393,p1,turn,8.940260887145996,1787512276.4381206
1394,4120,p1,selection,154.08103942871094,1787512276.4425228
1394,4121,p1,selection,211.531982421875,1787512276.44654
1394,4122,p1,selection,166.22994995117188,1787512276.4514513
1394,1393,p2,turn,11.240917205810547,1787512276.465145
1394,4120,p2,selection,159.51211547851562,1787512276.4698677
1394,4121,p2,selection,118.08207702636719,1787512276.4739673
1394,4122,p2,selection,169.40365600585938,1787512276.4779975
1395,1394,p1,turn,12.24759292602539,1787512276.512096
1395,4123,p1,selection,121.77885437011719,1787512276.5161319
1395,4124,p1,selection,228.39187622070312,1787512276.521572
1395,4125,p1,selection,235.2523193359375,1787512276.526565
1395,1394,p2,turn,9.566408157348633,1787512276.540019
1395,4123,p2,selection,114.58372497558594,1787512276.5439188
1395,4124,p2,selection,213.83853149414062,1787512276.547842
1395,4125,p2,selection,109.89994812011719,1787512276.5519168
1396,1395,p1,turn,11.545572280883789,1787512276.5681033
1396,4126,p1,selection,166.03472900390625,1787512276.5722475
1396,4127,p1,selection,159.86032104492188,1787512276.576326
1396,4128,p1,selection,169.44061279296875,1787512276.5802686
1396,1395,p2,turn,14.394942283630371,1787512276.5926135
1396,4126,p2,selection,165.4473419189453,1787512276.5965436
1396,4127,p2,selection,125.6917724609375,1787512276.6015604
1396,4128,p2,selection,131.24569702148438,1787512276.610314
1397,1396,p1,turn,9.635551452636719,1787512276.6406283
1397,4129,p1,selection,196.49581909179688,1787512276.6464581
1397,4130,p1,selection,220.1021270751953,1787512276.6543558
1397,4131,p1,selection,233.00189208984375,1787512276.660148
1397,1396,p2,turn,9.929566383361816,1787512276.6753361
1397,4129,p2,selection,161.02737426757812,1787512276.680207
1397,4130,p2,selection,113.83183288574219,1787512276.6854517
1397,4131,p2,selection,101.17887878417969,1787512276.6906028
1398,1397,p1,turn,10.559252738952637,1787512276.7127428
1398,4132,p1,selection,306.67010498046875,1787512276.716932
1398,4133,p1,selection,168.80987548828125,1787512276.7212355
1398,4134,p1,selection,163.9766845703125,1787512276.725058
1398,1397,p2,turn,12.034842491149902,1787512276.7372596
1398,4132,p2,selection,137.46957397460938,1787512276.741028
1398,4133,p2,selection,148.41873168945312,1787512276.744877
1398,4134,p2,selection,107.31328582763672,1787512276.748782
1399,1398,p1,turn,12.776750564575195,1787512276.766531
1399,4135,p1,selection,231.1177978515625,1787512276.7708426
1399,4136,p1,selection,189.37574768066406,1787512276.7747204
1399,4137,p1,selection,128.5585479736328,1787512276.7786849
1399,1398,p2,turn,13.514143943786621,1787512276.790656
1399,4135,p2,selection,82.0862808227539,1787512276.7946367
1399,4136,p2,selection,101.24191284179688,1787512276.7984946
1399,4137,p2,selection,110.30406188964844,1787512276.8031273
1400,1399,p1,turn,7.635924816131592,1787512276.831629
1400,4138,p1,selection,129.5269012451172,1787512276.835687
1400,4139,p1,selection,227.4999542236328,1787512276.8397253
1400,4140,p1,selection,170.7818145751953,1787512276.843638
1400,1399,p2,turn,10.16104507446289,1787512276.8555648
1400,4138,p2,selection,104.2846908569336,1787512276.859723
1400,4139,p2,selection,215.67625427246094,1787512276.863776
1400,4140,p2,selection,156.75204467773438,1787512276.8680766
1401,1400,p1,turn,12.956815719604492,1787512276.9066868
1401,4141,p1,selection,280.4340515136719,1787512276.9114978
1401,4142,p1,selection,202.66970825195312,1787512276.9157267
1401,4143,p1,selection,195.00262451171875,1787512276.9208906
1401,1400,p2,turn,9.805462837219238,1787512276.9381232
1401,4141,p2,selection,162.2554931640625,1787512276.9445684
1401,4142,p2,selection,159.89346313476562,1787512276.951207
1401,4143,p2,selection,127.57621765136719,1787512276.9575405
1402,1401,p1,turn,12.479299545288086,1787512277.004829
1402,4144,p1,selection,223.67152404785156,1787512277.0108519
1402,4145,p1,selection,157.3504180908203,1787512277.0153995
1402,4146,p1,selection,117.86188507080078,1787512277.0205016
1402,1401,p2,turn,12.010839462280273,1787512277.0368626
1402,4144,p2,selection,85.19855499267578,1787512277.0422008
1402,4145,p2,selection,122.4491958618164,1787512277.0481908
1402,4146,p2,selection,130.85171508789062,1787512277.053703
1403,1402,p1,turn,11.79745864868164,1787512277.0764933
1403,4147,p1,selection,129.50509643554688,1787512277.0807168
1403,4148,p1,selection,214.53558349609375,1787512277.0854688
1403,4149,p1,selection,229.26724243164062,1787512277.090569
1403,1402,p2,turn,12.00894832611084,1787512277.1055534
1403,4147,p2,selection,124.85134887695312,1787512277.1109877
1403,4148,p2,selection,129.21327209472656,1787512277.1160748
1403,4149,p2,selection,138.14683532714844,1787512277.1213424
1404,1403,p1,turn,9.927946090698242,1787512277.148722
1404,4150,p1,selection,223.71255493164062,1787512277.1553576
1404,4151,p1,selection,79.22024536132812,1787512277.1616526
1404,4152,p1,selection,213.9979248046875,1787512277.1685874
1404,1403,p2,turn,13.317438125610352,1787512277.183812
1404,4150,p2,selection,172.95361328125,1787512277.188603
1404,4151,p2,selection,114.03533172607422,1787512277.1934261
1404,4152,p2,selection,141.6607666015625,1787512277.1987717
1405,1404,p1,turn,10.849740982055664,1787512277.2226496
1405,4153,p1,selection,210.51329040527344,1787512277.2274728
1405,4154,p1,selection,105.46074676513672,1787512277.2322435
1405,4155,p1,selection,270.8323059082031,1787512277.23726
1405,1404,p2,turn,9.97258472442627,1787512277.2522953
1405,4153,p2,selection,92.71121215820312,1787512277.2566283
1405,4154,p2,selection,154.86497497558594,1787512277.2606926
1405,4155,p2,selection,122.340576171875,1787512277.2650235
1406,1405,p1,turn,11.499821662902832,1787512277.2885373
1406,4156,p1,selection,116.7880859375,1787512277.2926834
1406,4157,p1,selection,299.5688171386719,1787512277.2967777
1406,4158,p1,selection,294.748291015625,1787512277.3011167
1406,1405,p2,turn,9.876279830932617,1787512277.3134513
1406,4156,p2,selection,127.49984741210938,1787512277.317855
1406,4157,p2,selection,172.6654510498047,1787512277.3220847
1406,4158,p2,selection,123.54025268554688,1787512277.3260722
1407,1406,p1,turn,8.926687240600586,1787512277.3597631
1407,4159,p1,selection,169.55772399902344,1787512277.3638108
1407,4160,p1,selection,148.88360595703125,1787512277.368128
1407,4161,p1,selection,173.0112762451172,1787512277.3723178
1407,1406,p2,turn,11.432504653930664,1787512277.3844929
1407,4159,p2,selection,165.98397827148438,1787512277.3887458
1407,4160,p2,selection,119.91525268554688,1787512277.3928568
1407,4161,p2,selection,149.58522033691406,1787512277.3967903
1408,1407,p1,turn,4.901060104370117,1787512277.428554
1408,4162,p1,selection,102.45609283447266,1787512277.4333653
1408,4163,p1,selection,204.02694702148438,1787512277.4383612
1408,4164,p1,selection,195.3507080078125,1787512277.4430933
1408,1407,p2,turn,9.732492446899414,1787512277.4554894
1408,4162,p2,selection,100.5346450805664,1787512277.4593408
1408,4163,p2,selection,104.04525756835938,1787512277.4631896
1408,4164,p2,selection,123.2850341796875,1787512277.4671862
1409,1408,p1,turn,6.833461284637451,1787512277.49153
1409,4165,p1,selection,167.13699340820312,1787512277.4954226
1409,4166,p1,selection,261.99090576171875,1787512277.4993036
1409,4167,p1,selection,121.84902954101562,1787512277.5037735
1409,1408,p2,turn,7.818266868591309,1787512277.5153174
1409,4165,p2,selection,188.0657501220703,1787512277.5192587
1409,4166,p2,selection,104.46968841552734,1787512277.5232732
1409,4167,p2,selection,148.91976928710938,1787512277.5270889
1410,1409,p1,turn,6.7864484786987305,1787512277.5455847
1410,4168,p1,selection,154.22186279296875,1787512277.5498457
1410,4169,p1,selection,177.06443786621094,1787512277.5569205
1410,4170,p1,selection,136.18397521972656,1787512277.5627875
1410,1409,p2,turn,11.898187637329102,1787512277.5802479
1410,4168,p2,selection,126.18414306640625,1787512277.585161
1410,4169,p2,selection,67.79203033447266,1787512277.5893168
1410,4170,p2,selection,107.71586608886719,1787512277.5931923
1411,1410,p1,turn,10.479025840759277,1787512277.6301281
1411,4171,p1,selection,184.67730712890625,1787512277.6349504
1411,4172,p1,selection,126.44611358642578,1787512277.6397724
1411,4173,p1,selection,246.32647705078125,1787512277.6444664
1411,1410,p2,turn,10.723164558410645,1787512277.6586792
1411,4171,p2,selection,142.552490234375,1787512277.6632516
1411,4172,p2,selection,97.54951477050781,1787512277.6674848
1411,4173,p2,selection,153.50205993652344,1787512277.6714458
1412,1411,p1,turn,8.660181045532227,1787512277.6947098
1412,4174,p1,selection,177.84205627441406,1787512277.699762
1412,4175,p1,selection,177.505615234375,1787512277.7048466
1412,4176,p1,selection,184.28790283203125,1787512277.7097754
1412,1411,p2,turn,10.70531940460205,1787512277.7247217
1412,4174,p2,selection,125.17471313476562,1787512277.729647
1412,4175,p2,selection,113.17762756347656,1787512277.7343862
1412,4176,p2,selection,129.85647583007812,1787512277.7390687
1413,1412,p1,turn,10.842638969421387,1787512277.7655754
1413,4177,p1,selection,172.38766479492188,1787512277.7704127
1413,4178,p1,selection,158.4068603515625,1787512277.7752995
1413,4179,p1,selection,275.9887390136719,1787512277.7791514
1413,1412,p2,turn,6.703310012817383,1787512277.7930677
1413,4177,p2,selection,153.2941131591797,1787512277.7976131
1413,4178,p2,selection,164.28143310546875,1787512277.8022661
1413,4179,p2,selection,166.51699829101562,1787512277.806775
1414,1413,p1,turn,9.632750511169434,1787512277.836266
1414,4180,p1,selection,191.17898559570312,1787512277.8412654
1414,4181,p1,selection,163.9425048828125,1787512277.8457937
1414,4182,p1,selection,140.8768310546875,1787512277.8510172
1414,1413,p2,turn,11.49999713897705,1787512277.8647904
1414,4180,p2,selection,112.17037963867188,1787512277.868858
1414,4181,p2,selection,132.27056884765625,1787512277.872812
1414,4182,p2,selection,175.8029022216797,1787512277.8765476
1415,1414,p1,turn,8.948883056640625,1787512277.8987699
1415,4183,p1,selection,185.95559692382812,1787512277.9037662
1415,4184,p1,selection,264.0062255859375,1787512277.908882
1415,4185,p1,selection,207.1570587158203,1787512277.9140866
1415,1414,p2,turn,9.389476776123047,1787512277.9306712
1415,4183,p2,selection,171.8267822265625,1787512277.9364192
1415,4184,p2,selection,137.9737091064453,1787512277.941903
1415,4185,p2,selection,167.46192932128906,1787512277.9472206
1416,1415,p1,turn,10.939525604248047,1787512277.975557
1416,4186,p1,selection,290.6181640625,1787512277.9812267
1416,4187,p1,selection,323.0067138671875,1787512277.985852
1416,4188,p1,selection,211.3313751220703,1787512277.9906752
1416,1415,p2,turn,10.500356674194336,1787512278.0058835
1416,4186,p2,selection,148.42279052734375,1787512278.0113194
1416,4187,p2,selection,137.10165405273438,1787512278.0162928
1416,4188,p2,selection,121.775390625,1787512278.0215945
1417,1416,p1,turn,11.767522811889648,1787512278.044008
1417,4189,p1,selection,178.3619842529297,1787512278.0481782
1417,4190,p1,selection,165.9315185546875,1787512278.0525877
1417,4191,p1,selection,203.69488525390625,1787512278.057032
1417,1416,p2,turn,7.6717305183410645,1787512278.0701845
1417,4189,p2,selection,143.23121643066406,1787512278.0751927
1417,4190,p2,selection,128.42938232421875,1787512278.079614
1417,4191,p2,selection,94.73695373535156,1787512278.0850341
1418,1417,p1,turn,8.005452156066895,1787512278.1153154
1418,4192,p1,selection,163.07447814941406,1787512278.1202931
1418,4193,p1,selection,169.6536407470703,1787512278.1247835
1418,4194,p1,selection,119.46377563476562,1787512278.129062
1418,1417,p2,turn,11.220852851867676,1787512278.1439195
1418,4192,p2,selection,96.49369049072266,1787512278.148825
1418,4193,p2,selection,149.80899047851562,1787512278.1538515
1418,4194,p2,selection,163.4142608642578,1787512278.1589284
1419,1418,p1,turn,6.156207084655762,1787512278.1995335
1419,4195,p1,selection,160.09405517578125,1787512278.205008
1419,4196,p1,selection,154.81179809570312,1787512278.2106
1419,4197,p1,selection,230.89892578125,1787512278.214973
1419,1418,p2,turn,13.821678161621094,1787512278.2303617
1419,4195,p2,selection,130.80287170410156,1787512278.235851
1419,4196,p2,selection,169.64877319335938,1787512278.2410593
1419,4197,p2,selection,107.21135711669922,1787512278.2463315
1420,1419,p1,turn,11.996291160583496,1787512278.2766056
1420,4198,p1,selection,170.1021270751953,1787512278.2815714
1420,4199,p1,selection,181.60679626464844,1787512278.286726
1420,4200,p1,selection,159.41546630859375,1787512278.2921624
1420,1419,p2,turn,13.040817260742188,1787512278.3081963
1420,4198,p2,selection,124.77995300292969,1787512278.3130875
1420,4199,p2,selection,135.07798767089844,1787512278.3174174
1420,4200,p2,selection,162.6615753173828,1787512278.3218873
1421,1420,p1,turn,10.377521514892578,1787512278.3443012
1421,4201,p1,selection,206.9630889892578,1787512278.3483107
1421,4202,p1,selection,198.43222045898438,1787512278.3530192
1421,4203,p1,selection,236.208251953125,1787512278.3578968
1421,1420,p2,turn,10.756516456604004,1787512278.372575
1421,4201,p2,selection,96.48799896240234,1787512278.377304
1421,4202,p2,selection,152.29286193847656,1787512278.381993
1421,4203,p2,selection,171.4476318359375,1787512278.3868196
1422,1421,p1,turn,11.379463195800781,1787512278.412779
1422,4204,p1,selection,205.2403106689453,1787512278.4171338
1422,4205,p1,selection,151.1926727294922,1787512278.421378
1422,4206,p1,selection,240.35879516601562,1787512278.4254732
1422,1421,p2,turn,11.109865188598633,1787512278.4415255
1422,4204,p2,selection,143.6197052001953,1787512278.4466803
1422,4205,p2,selection,116.73529052734375,1787512278.4522595
1422,4206,p2,selection,160.81703186035156,1787512278.4572034
1423,1422,p1,turn,9.957128524780273,1787512278.4797213
1423,4207,p1,selection,219.375732421875,1787512278.4842072
1423,4208,p1,selection,203.21121215820312,1787512278.488524
1423,4209,p1,selection,182.25064086914062,1787512278.4927716
1423,1422,p2,turn,12.179367065429688,1787512278.5054438
1423,4207,p2,selection,157.1954345703125,1787512278.5093591
1423,4208,p2,selection,116.72258758544922,1787512278.5134203
1423,4209,p2,selection,129.36289978027344,1787512278.5176985
1424,1423,p1,turn,11.740238189697266,1787512278.5432048
1424,4210,p1,selection,220.31288146972656,1787512278.5474334
1424,4211,p1,selection,220.9236602783203,1787512278.5520833
1424,4212,p1,selection,248.24658203125,1787512278.5564415
1424,1423,p2,turn,10.818134307861328,1787512278.569741
1424,4210,p2,selection,122.24683380126953,1787512278.5747335
1424,4211,p2,selection,118.91352844238281,1787512278.5797474
1424,4212,p2,selection,174.49461364746094,1787512278.5850537
1425,1424,p1,turn,11.993077278137207,1787512278.6120868
1425,4213,p1,selection,143.69569396972656,1787512278.6173718
1425,4214,p1,selection,292.1617736816406,1787512278.6217425
1425,4215,p1,selection,82.01007080078125,1787512278.6258276
1425,1424,p2,turn,8.542732238769531,1787512278.6388538
1425,4213,p2,selection,110.48572540283203,1787512278.642981
1425,4214,p2,selection,169.90786743164062,1787512278.6471226
1425,4215,p2,selection,123.46827697753906,1787512278.6516454
1426,1425,p1,turn,8.813676834106445,1787512278.6758049
1426,4216,p1,selection,217.14450073242188,1787512278.679983
1426,4217,p1,selection,217.2432861328125,1787512278.6844392
1426,4218,p1,selection,143.50442504882812,1787512278.6886563
1426,1425,p2,turn,9.809012413024902,1787512278.70397
1426,4216,p2,selection,106.65567016601562,1787512278.710224
1426,4217,p2,selection,165.47499084472656,1787512278.7157047
1426,4218,p2,selection,111.46619415283203,1787512278.7222972
1427,1426,p1,turn,11.57883071899414,1787512278.7482429
1427,4219,p1,selection,111.14525604248047,1787512278.7525911
1427,4220,p1,selection,239.2462921142578,1787512278.7569087
1427,4221,p1,selection,196.52908325195312,1787512278.7609162
1427,1426,p2,turn,8.841255187988281,1787512278.773442
1427,4219,p2,selection,135.61203002929688,1787512278.7774205
1427,4220,p2,selection,122.40583801269531,1787512278.7814755
1427,4221,p2,selection,143.65139770507812,1787512278.785644
1428,1427,p1,turn,11.144891738891602,1787512278.8105924
1428,4222,p1,selection,227.8099822998047,1787512278.8152475
1428,4223,p1,selection,199.96604919433594,1787512278.8206053
1428,4224,p1,selection,169.65428161621094,1787512278.8259387
1428,1427,p2,turn,8.976954460144043,1787512278.842068
1428,4222,p2,selection,121.79549407958984,1787512278.8471785
1428,4223,p2,selection,222.20498657226562,1787512278.85247
1428,4224,p2,selection,129.75192260742188,1787512278.857618
1429,1428,p1,turn,8.583563804626465,1787512278.8859105
1429,4225,p1,selection,176.41331481933594,1787512278.89077
1429,4226,p1,selection,128.82725524902344,1787512278.8955202
1429,4227,p1,selection,187.22254943847656,1787512278.900803
1429,1428,p2,turn,9.155195236206055,1787512278.9166923
1429,4225,p2,selection,116.55184173583984,1787512278.9221559
1429,4226,p2,selection,161.982177734375,1787512278.927559
1429,4227,p2,selection,153.54124450683594,1787512278.9329224
1430,1429,p1,turn,9.828069686889648,1787512278.9608815
1430,4228,p1,selection,208.7840576171875,1787512278.9656734
1430,4229,p1,selection,161.21429443359375,1787512278.970768
1430,4230,p1,selection,168.31597900390625,1787512278.975863
1430,1429,p2,turn,14.233317375183105,1787512278.9888875
1430,4228,p2,selection,113.08119201660156,1787512278.9930766
1430,4229,p2,selection,163.3411102294922,1787512278.9972045
1430,4230,p2,selection,94.16646575927734,1787512279.0015268
1431,1430,p1,turn,9.94201374053955,1787512279.0229673
1431,4231,p1,selection,187.3319549560547,1787512279.0270162
1431,4232,p1,selection,166.8773651123047,1787512279.0310907
1431,4233,p1,selection,230.86993408203125,1787512279.0354955
1431,1430,p2,turn,6.93146276473999,1787512279.047983
1431,4231,p2,selection,120.26753997802734,1787512279.052069
1431,4232,p2,selection,103.02117919921875,1787512279.056245
1431,4233,p2,selection,120.42805480957031,1787512279.0603147
1432,1431,p1,turn,7.1375412940979,1787512279.0922084
1432,4234,p1,selection,146.65158081054688,1787512279.0970025
1432,4235,p1,selection,188.61422729492188,1787512279.1019804
1432,4236,p1,selection,264.88543701171875,1787512279.1070852
1432,1431,p2,turn,15.257871627807617,1787512279.1217399
1432,4234,p2,selection,166.23976135253906,1787512279.1261
1432,4235,p2,selection,120.31060028076172,1787512279.1315007
1432,4236,p2,selection,151.75062561035156,1787512279.1370182
1433,1432,p1,turn,8.770774841308594,1787512279.1605003
1433,4237,p1,selection,122.74501037597656,1787512279.1643546
1433,4238,p1,selection,211.49050903320312,1787512279.1688483
1433,4239,p1,selection,165.90499877929688,1787512279.1728606
1433,1432,p2,turn,11.189719200134277,1787512279.184647
1433,4237,p2,selection,116.5541000366211,1787512279.188571
1433,4238,p2,selection,168.33746337890625,1787512279.19233
1433,4239,p2,selection,139.2726287841797,1787512279.1960201
1434,1433,p1,turn,8.976909637451172,1787512279.2146566
1434,4240,p1,selection,225.33547973632812,1787512279.218493
1434,4241,p1,selection,237.662109375,1787512279.2223973
1434,4242,p1,selection,211.26451110839844,1787512279.2260447
1434,1433,p2,turn,5.61353063583374,1787512279.2380672
1434,4240,p2,selection,105.02581787109375,1787512279.2417438
1434,4241,p2,selection,153.6092529296875,1787512279.2454138
1434,4242,p2,selection,117.348876953125,1787512279.249442
1435,1434,p1,turn,8.700630187988281,1787512279.2820363
1435,4243,p1,selection,219.47613525390625,1787512279.2859955
1435,4244,p1,selection,258.70135498046875,1787512279.2897415
1435,4245,p1,selection,117.98759460449219,1787512279.2934127
1435,1434,p2,turn,7.524565696716309,1787512279.3052855
1435,4243,p2,selection,101.90894317626953,1787512279.3089557
1435,4244,p2,selection,127.89077758789062,1787512279.3127131
1435,4245,p2,selection,146.73524475097656,1787512279.3164358
1436,1435,p1,turn,10.319496154785156,1787512279.3517942
1436,4246,p1,selection,126.35154724121094,1787512279.3556805
1436,4247,p1,selection,218.86709594726562,1787512279.3593717
1436,4248,p1,selection,240.99679565429688,1787512279.3630254
1436,1435,p2,turn,11.857156753540039,1787512279.374437
1436,4246,p2,selection,140.33912658691406,1787512279.3780994
1436,4247,p2,selection,119.40608215332031,1787512279.3820102
1436,4248,p2,selection,137.0911102294922,1787512279.3858278
1437,1436,p1,turn,12.515496253967285,1787512279.4016457
1437,4249,p1,selection,133.97119140625,1787512279.4055169
1437,4250,p1,selection,188.16015625,1787512279.4094281
1437,4251,p1,selection,137.55093383789062,1787512279.4131217
1437,1436,p2,turn,10.569852828979492,1787512279.424429
1437,4249,p2,selection,106.68416595458984,1787512279.4281116
1437,4250,p2,selection,160.2234649658203,1787512279.4320626
1437,4251,p2,selection,150.81527709960938,1787512279.4359298
1438,1437,p1,turn,10.464736938476562,1787512279.4804854
1438,4252,p1,selection,134.34133911132812,1787512279.4848967
1438,4253,p1,selection,247.26065063476562,1787512279.4888985
1438,4254,p1,selection,173.43429565429688,1787512279.492752
1438,1437,p2,turn,9.494308471679688,1787512279.5046284
1438,4252,p2,selection,145.59043884277344,1787512279.5083635
1438,4253,p2,selection,135.51792907714844,1787512279.5120244
1438,4254,p2,selection,149.87554931640625,1787512279.515647
1439,1438,p1,turn,11.51436710357666,1787512279.5332198
1439,4255,p1,selection,177.2626495361328,1787512279.5371647
1439,4256,p1,selection,243.1841278076172,1787512279.5409925
1439,4257,p1,selection,199.24057006835938,1787512279.5446773
1439,1438,p2,turn,11.170614242553711,1787512279.5560913
1439,4255,p2,selection,117.51879119873047,1787512279.5597975
1439,4256,p2,selection,104.36029815673828,1787512279.5634615
1439,4257,p2,selection,152.1093292236328,1787512279.567342
1440,1439,p1,turn,7.521346092224121,1787512279.5862663
1440,4258,p1,selection,152.4228057861328,1787512279.5900471
1440,4259,p1,selection,192.22891235351562,1787512279.593702
1440,4260,p1,selection,215.3616485595703,1787512279.5973923
1440,1439,p2,turn,6.796550750732422,1787512279.6087437
1440,4258,p2,selection,114.83143615722656,1787512279.6124012
1440,4259,p2,selection,136.73744201660156,1787512279.6169844
1440,4260,p2,selection,159.8697052001953,1787512279.6211486
1441,1440,p1,turn,8.274140357971191,1787512279.646354
1441,4261,p1,selection,166.25408935546875,1787512279.6510618
1441,4262,p1,selection,172.8486785888672,1787512279.6549883
1441,4263,p1,selection,219.23800659179688,1787512279.6586578
1441,1440,p2,turn,10.385686874389648,1787512279.6700852
1441,4261,p2,selection,115.61966705322266,1787512279.673889
1441,4262,p2,selection,148.91073608398438,1787512279.6775234
1441,4263,p2,selection,94.7113265991211,1787512279.6811724
1442,1441,p1,turn,8.986549377441406,1787512279.7014315
1442,4264,p1,selection,219.09310913085938,1787512279.705333
1442,4265,p1,selection,116.02379608154297,1787512279.7091877
1442,4266,p1,selection,122.1947250366211,1787512279.7129238
1442,1441,p2,turn,11.494070053100586,1787512279.7260468
1442,4264,p2,selection,125.02069091796875,1787512279.7305434
1442,4265,p2,selection,113.77711486816406,1787512279.7352269
1442,4266,p2,selection,131.7148895263672,1787512279.739744
1443,1442,p1,turn,11.010483741760254,1787512279.7593453
1443,4267,p1,selection,162.44265747070312,1787512279.7629974
1443,4268,p1,selection,173.6342010498047,1787512279.7668626
1443,4269,p1,selection,140.44813537597656,1787512279.770713
1443,1442,p2,turn,7.951775074005127,1787512279.7817333
1443,4267,p2,selection,104.2688980102539,1787512279.785567
1443,4268,p2,selection,151.58062744140625,1787512279.789294
1443,4269,p2,selection,148.72657775878906,1787512279.7929795
1444,1443,p1,turn,6.4838480949401855,1787512279.811777
1444,4270,p1,selection,189.54405212402344,1787512279.8155308
1444,4271,p1,selection,169.06585693359375,1787512279.819467
1444,4272,p1,selection,243.240234375,1787512279.8232465
1444,1443,p2,turn,6.925443172454834,1787512279.834606
1444,4270,p2,selection,127.52867889404297,1787512279.8383963
1444,4271,p2,selection,123.68840026855469,1787512279.842047
1444,4272,p2,selection,165.96420288085938,1787512279.8457308
1445,1444,p1,turn,8.68426513671875,1787512279.8647213
1445,4273,p1,selection,215.20054626464844,1787512279.8686497
1445,4274,p1,selection,250.2615966796875,1787512279.872445
1445,4275,p1,selection,172.5974884033203,1787512279.8761022
1445,1444,p2,turn,12.192397117614746,1787512279.888449
1445,4273,p2,selection,136.55038452148438,1787512279.893095
1445,4274,p2,selection,117.66122436523438,1787512279.8976724
1445,4275,p2,selection,164.80020141601562,1787512279.9024765
1446,1445,p1,turn,9.22738265991211,1787512279.935414
1446,4276,p1,selection,211.15179443359375,1787512279.9391892
1446,4277,p1,selection,283.22381591796875,1787512279.9428961
1446,4278,p1,selection,153.21603393554688,1787512279.9471982
1446,1445,p2,turn,8.645337104797363,1787512279.9586928
1446,4276,p2,selection,140.3967742919922,1787512279.962431
1446,4277,p2,selection,127.06839752197266,1787512279.966061
1446,4278,p2,selection,199.10462951660156,1787512279.9700587
1447,1446,p1,turn,9.356987953186035,1787512280.0029132
1447,4279,p1,selection,243.09165954589844,1787512280.0066051
1447,4280,p1,selection,154.24827575683594,1787512280.0102768
1447,4281,p1,selection,236.177001953125,1787512280.0138597
1447,1446,p2,turn,18.201534271240234,1787512280.025381
1447,4279,p2,selection,150.8018035888672,1787512280.029123
1447,4280,p2,selection,153.49853515625,1787512280.033155
1447,4281,p2,selection,139.7495574951172,1787512280.0372996
1448,1447,p1,turn,11.928664207458496,1787512280.0550375
1448,4282,p1,selection,193.73019409179688,1787512280.0587149
1448,4283,p1,selection,142.72576904296875,1787512280.06252
1448,4284,p1,selection,198.26797485351562,1787512280.0662887
1448,1447,p2,turn,9.387954711914062,1787512280.0789976
1448,4282,p2,selection,87.83715057373047,1787512280.0828207
1448,4283,p2,selection,150.53857421875,1787512280.086925
1448,4284,p2,selection,185.6081085205078,1787512280.0907543
1449,1448,p1,turn,11.276976585388184,1787512280.1094341
1449,4285,p1,selection,138.8612823486328,1787512280.114528
1449,4286,p1,selection,238.65908813476562,1787512280.119693
1449,4287,p1,selection,250.40408325195312,1787512280.1247113
1449,1448,p2,turn,13.833917617797852,1787512280.139801
1449,4285,p2,selection,131.0552978515625,1787512280.1449938
1449,4286,p2,selection,117.21712493896484,1787512280.149983
1449,4287,p2,selection,117.66899108886719,1787512280.1554034
1450,1449,p1,turn,10.305612564086914,1787512280.1817286
1450,4288,p1,selection,178.1766357421875,1787512280.186774
1450,4289,p1,selection,165.35794067382812,1787512280.1916711
1450,4290,p1,selection,244.666259765625,1787512280.1962955
1450,1449,p2,turn,9.317660331726074,1787512280.2103553
1450,4288,p2,selection,92.08001708984375,1787512280.2148707
1450,4289,p2,selection,134.9565887451172,1787512280.218963
1450,4290,p2,selection,174.97201538085938,1787512280.222825
1451,1450,p1,turn,11.435526847839355,1787512280.253874
1451,4291,p1,selection,188.15528869628906,1787512280.257742
1451,4292,p1,selection,173.56336975097656,1787512280.2615697
1451,4293,p1,selection,237.95494079589844,1787512280.265303
1451,1450,p2,turn,7.860326766967773,1787512280.2799556
1451,4291,p2,selection,121.2628173828125,1787512280.284529
1451,4292,p2,selection,147.37672424316406,1787512280.288301
1451,4293,p2,selection,187.05972290039062,1787512280.2920501
1452,1451,p1,turn,10.279037475585938,1787512280.3120184
1452,4294,p1,selection,212.28570556640625,1787512280.3157232
1452,4295,p1,selection,156.46302795410156,1787512280.3197732
1452,4296,p1,selection,275.0466613769531,1787512280.3236127
1452,1451,p2,turn,9.827445030212402,1787512280.3357139
1452,4294,p2,selection,114.03968811035156,1787512280.3395462
1452,4295,p2,selection,149.52308654785156,1787512280.3432763
1452,4296,p2,selection,106.087158203125,1787512280.34704
1453,1452,p1,turn,7.44672155380249,1787512280.3668387
1453,4297,p1,selection,198.9619598388672,1787512280.3707821
1453,4298,p1,selection,193.9310302734375,1787512280.374578
1453,4299,p1,selection,241.14491271972656,1787512280.3783073
1453,1452,p2,turn,11.525335311889648,1787512280.3905272
1453,4297,p2,selection,93.18880462646484,1787512280.3943937
1453,4298,p2,selection,122.16500854492188,1787512280.399092
1453,4299,p2,selection,119.86114501953125,1787512280.4042563
1454,1453,p1,turn,9.088624954223633,1787512280.4378924
1454,4300,p1,selection,286.24334716796875,1787512280.4424622
1454,4301,p1,selection,172.10800170898438,1787512280.447075
1454,4302,p1,selection,186.41973876953125,1787512280.4517467
1454,1453,p2,turn,9.53187370300293,1787512280.4657805
1454,4300,p2,selection,159.4727020263672,1787512280.4703577
1454,4301,p2,selection,124.54192352294922,1787512280.4755094
1454,4302,p2,selection,97.52070617675781,1787512280.4795268
1455,1454,p1,turn,9.347274780273438,1787512280.506801
1455,4303,p1,selection,232.7922821044922,1787512280.5116303
1455,4304,p1,selection,166.61380004882812,1787512280.5162513
1455,4305,p1,selection,147.76495361328125,1787512280.5207334
1455,1454,p2,turn,9.777615547180176,1787512280.5341613
1455,4303,p2,selection,135.01893615722656,1787512280.5394518
1455,4304,p2,selection,164.92758178710938,1787512280.5440886
1455,4305,p2,selection,117.12712097167969,1787512280.5490782
1456,1455,p1,turn,15.155613899230957,1787512280.6159337
1456,4306,p1,selection,227.55088806152344,1787512280.6221302
1456,4307,p1,selection,172.91644287109375,1787512280.6270685
1456,4308,p1,selection,182.81878662109375,1787512280.6316478
1456,1455,p2,turn,9.277473449707031,1787512280.6448743
1456,4306,p2,selection,191.7684326171875,1787512280.64886
1456,4307,p2,selection,174.4351348876953,1787512280.6541998
1456,4308,p2,selection,132.04364013671875,1787512280.6582167
1457,1456,p1,turn,6.437264442443848,1787512280.6893837
1457,4309,p1,selection,198.63937377929688,1787512280.693457
1457,4310,p1,selection,187.182861328125,1787512280.697318
1457,4311,p1,selection,156.28317260742188,1787512280.7022443
1457,1456,p2,turn,7.588800430297852,1787512280.7145355
1457,4309,p2,selection,148.7145233154297,1787512280.718661
1457,4310,p2,selection,148.03622436523438,1787512280.722753
1457,4311,p2,selection,127.7217025756836,1787512280.7268045
1458,1457,p1,turn,12.194426536560059,1787512280.7502282
1458,4312,p1,selection,232.47891235351562,1787512280.755015
1458,4313,p1,selection,171.34075927734375,1787512280.7597992
1458,4314,p1,selection,209.06240844726562,1787512280.7644074
1458,1457,p2,turn,9.516217231750488,1787512280.7788005
1458,4312,p2,selection,202.02801513671875,1787512280.7835386
1458,4313,p2,selection,110.89552307128906,1787512280.7883775
1458,4314,p2,selection,155.2388916015625,1787512280.792969
1459,1458,p1,turn,12.341678619384766,1787512280.8557794
1459,4315,p1,selection,187.07931518554688,1787512280.859721
1459,4316,p1,selection,179.2645721435547,1787512280.863917
1459,4317,p1,selection,236.07159423828125,1787512280.8682437
1459,1458,p2,turn,11.02513599395752,1787512280.8806667
1459,4315,p2,selection,117.73694610595703,1787512280.88478
1459,4316,p2,selection,165.19052124023438,1787512280.8887372
1459,4317,p2,selection,187.9065704345703,1787512280.892732
1460,1459,p1,turn,8.937121391296387,1787512280.9227233
1460,4318,p1,selection,177.87933349609375,1787512280.9266875
1460,4319,p1,selection,168.83627319335938,1787512280.930781
1460,4320,p1,selection,187.8114471435547,1787512280.9350514
1460,1459,p2,turn,9.983794212341309,1787512280.9464016
1460,4318,p2,selection,93.30264282226562,1787512280.9517133
1460,4319,p2,selection,159.98919677734375,1787512280.9565141
1460,4320,p2,selection,140.53076171875,1787512280.9612672
1461,1460,p1,turn,6.699177265167236,1787512280.985438
1461,4321,p1,selection,137.30758666992188,1787512280.989634
1461,4322,p1,selection,248.62918090820312,1787512280.9936016
1461,4323,p1,selection,154.58642578125,1787512280.997682
1461,1460,p2,turn,12.040304183959961,1787512281.0096436
1461,4321,p2,selection,115.40326690673828,1787512281.013579
1461,4322,p2,selection,89.41554260253906,1787512281.017883
1461,4323,p2,selection,159.78060913085938,1787512281.0220625
1462,1461,p1,turn,7.498534679412842,1787512281.0544536
1462,4324,p1,selection,292.4138488769531,1787512281.058571
1462,4325,p1,selection,199.4633331298828,1787512281.0626776
1462,4326,p1,selection,205.2710723876953,1787512281.0666916
1462,1461,p2,turn,9.036075592041016,1787512281.078885
1462,4324,p2,selection,142.72471618652344,1787512281.0829499
1462,4325,p2,selection,145.4563446044922,1787512281.0872655
1462,4326,p2,selection,133.59597778320312,1787512281.0913582
1463,1462,p1,turn,8.31848430633545,1787512281.1182044
1463,4327,p1,selection,252.657958984375,1787512281.122229
1463,4328,p1,selection,153.82798767089844,1787512281.126171
1463,4329,p1,selection,165.54803466796875,1787512281.1299453
1463,1462,p2,turn,8.483043670654297,1787512281.14178
1463,4327,p2,selection,183.62017822265625,1787512281.145599
1463,4328,p2,selection,148.7003631591797,1787512281.149494
1463,4329,p2,selection,116.87936401367188,1787512281.1536417
1464,1463,p1,turn,13.605535507202148,1787512281.1840057
1464,4330,p1,selection,172.85147094726562,1787512281.1882625
1464,4331,p1,selection,219.2544708251953,1787512281.1923206
1464,4332,p1,selection,141.163818359375,1787512281.1963391
1464,1463,p2,turn,9.5699462890625,1787512281.207925
1464,4330,p2,selection,123.75151824951172,1787512281.2116234
1464,4331,p2,selection,113.1155776977539,1787512281.2152722
1464,4332,p2,selection,165.99520874023438,1787512281.219172
1465,1464,p1,turn,9.75652027130127,1787512281.2388043
1465,4333,p1,selection,131.0676727294922,1787512281.2424743
1465,4334,p1,selection,256.6794128417969,1787512281.2461064
1465,4335,p1,selection,198.57237243652344,1787512281.2498188
1465,1464,p2,turn,10.272140502929688,1787512281.261394
1465,4333,p2,selection,122.49200439453125,1787512281.2651224
1465,4334,p2,selection,167.1291046142578,1787512281.268923
1465,4335,p2,selection,113.52168273925781,1787512281.2727473
1466,1465,p1,turn,9.914142608642578,1787512281.3002937
1466,4336,p1,selection,199.02639770507812,1787512281.304125
1466,4337,p1,selection,180.2613525390625,1787512281.3077395
1466,4338,p1,selection,190.88507080078125,1787512281.311334
1466,1465,p2,turn,9.423467636108398,1787512281.322404
1466,4336,p2,selection,128.19680786132812,1787512281.3260336
1466,4337,p2,selection,199.68421936035156,1787512281.329707
1466,4338,p2,selection,104.45436096191406,1787512281.3334656
1467,1466,p1,turn,11.161651611328125,1787512281.3596823
1467,4339,p1,selection,119.3795166015625,1787512281.3634276
1467,4340,p1,selection,148.09414672851562,1787512281.3672726
1467,4341,p1,selection,243.95765686035156,1787512281.371093
1467,1466,p2,turn,9.753862380981445,1787512281.3821125
1467,4339,p2,selection,167.5797119140625,1787512281.3859808
1467,4340,p2,selection,119.23493957519531,1787512281.3896885
1467,4341,p2,selection,136.62118530273438,1787512281.3935204
1468,1467,p1,turn,6.725754737854004,1787512281.4125574
1468,4342,p1,selection,172.56288146972656,1787512281.4163067
1468,4343,p1,selection,234.27601623535156,1787512281.4202344
1468,4344,p1,selection,193.1888885498047,1787512281.4239433
1468,1467,p2,turn,8.839614868164062,1787512281.435271
1468,4342,p2,selection,198.86761474609375,1787512281.4392693
1468,4343,p2,selection,121.97935485839844,1787512281.4439168
1468,4344,p2,selection,152.09083557128906,1787512281.4484487
1469,1468,p1,turn,15.265911102294922,1787512281.471492
1469,4345,p1,selection,159.2616424560547,1787512281.4751465
1469,4346,p1,selection,151.64735412597656,1787512281.478766
1469,4347,p1,selection,272.2654113769531,1787512281.4824276
1469,1468,p2,turn,8.91738510131836,1787512281.4939144
1469,4345,p2,selection,180.44479370117188,1787512281.4975488
1469,4346,p2,selection,123.24603271484375,1787512281.5015419
1469,4347,p2,selection,95.5597915649414,1787512281.5053215
1470,1469,p1,turn,6.9993791580200195,1787512281.5463426
1470,4348,p1,selection,262.8902587890625,1787512281.5501096
1470,4349,p1,selection,163.51231384277344,1787512281.5539794
1470,4350,p1,selection,158.30868530273438,1787512281.5578828
1470,1469,p2,turn,7.395164489746094,1787512281.569418
1470,4348,p2,selection,122.59266662597656,1787512281.573178
1470,4349,p2,selection,133.69552612304688,1787512281.5769048
1470,4350,p2,selection,137.70028686523438,1787512281.5808141
1471,1470,p1,turn,9.804971694946289,1787512281.6461315
1471,4351,p1,selection,138.57176208496094,1787512281.6499345
1471,4352,p1,selection,225.9357452392578,1787512281.6538396
1471,4353,p1,selection,169.42044067382812,1787512281.6575167
1471,1470,p2,turn,6.2830705642700195,1787512281.6690106
1471,4351,p2,selection,93.72687530517578,1787512281.6728213
1471,4352,p2,selection,111.9603042602539,1787512281.6764781
1471,4353,p2,selection,126.74579620361328,1787512281.6801615
1472,1471,p1,turn,9.700228691101074,1787512281.7045412
1472,4354,p1,selection,148.6490020751953,1787512281.7083287
1472,4355,p1,selection,216.78591918945312,1787512281.7120304
1472,4356,p1,selection,179.96490478515625,1787512281.715719
1472,1471,p2,turn,9.322855949401855,1787512281.7279866
1472,4354,p2,selection,129.01812744140625,1787512281.7316358
1472,4355,p2,selection,156.00437927246094,1787512281.735499
1472,4356,p2,selection,108.94873046875,1787512281.7392895
1473,1472,p1,turn,11.212875366210938,1787512281.7594237
1473,4357,p1,selection,128.51046752929688,1787512281.763115
1473,4358,p1,selection,204.2235107421875,1787512281.766898
1473,4359,p1,selection,240.40673828125,1787512281.7708182
1473,1472,p2,turn,8.535152435302734,1787512281.7823813
1473,4357,p2,selection,132.5534210205078,1787512281.7863226
1473,4358,p2,selection,132.69482421875,1787512281.7901018
1473,4359,p2,selection,99.30590057373047,1787512281.7937412
1474,1473,p1,turn,10.154356956481934,1787512281.8333635
1474,4360,p1,selection,189.8802947998047,1787512281.8372488
1474,4361,p1,selection,116.63510131835938,1787512281.8409564
1474,4362,p1,selection,181.74624633789062,1787512281.8446717
1474,1473,p2,turn,9.844675064086914,1787512281.856297
1474,4360,p2,selection,148.91726684570312,1787512281.8599846
1474,4361,p2,selection,192.88662719726562,1787512281.8636205
1474,4362,p2,selection,99.76873779296875,1787512281.8674688
1475,1474,p1,turn,9.091968536376953,1787512281.9030924
1475,4363,p1,selection,216.78366088867188,1787512281.9069307
1475,4364,p1,selection,176.86990356445312,1787512281.9105828
1475,4365,p1,selection,178.70054626464844,1787512281.9142942
1475,1474,p2,turn,11.001948356628418,1787512281.925812
1475,4363,p2,selection,130.9352264404297,1787512281.9294693
1475,4364,p2,selection,211.64413452148438,1787512281.9331498
1475,4365,p2,selection,126.84797668457031,1787512281.9370208
1476,1475,p1,turn,8.269632339477539,1787512281.9582956
1476,4366,p1,selection,162.91331481933594,1787512281.962007
1476,4367,p1,selection,226.86863708496094,1787512281.965652
1476,4368,p1,selection,86.50228118896484,1787512281.9698584
1476,1475,p2,turn,13.271757125854492,1787512281.9814837
1476,4366,p2,selection,131.05335998535156,1787512281.9856844
1476,4367,p2,selection,103.41067504882812,1787512281.9895685
1476,4368,p2,selection,84.35913848876953,1787512281.993242
1477,1476,p1,turn,8.633697509765625,1787512282.01797
1477,4369,p1,selection,175.58653259277344,1787512282.0225768
1477,4370,p1,selection,155.7376251220703,1787512282.0269563
1477,4371,p1,selection,219.9144287109375,1787512282.032397
1477,1476,p2,turn,13.447453498840332,1787512282.0439847
1477,4369,p2,selection,109.7138900756836,1787512282.0476558
1477,4370,p2,selection,149.95745849609375,1787512282.0514796
1477,4371,p2,selection,189.2488250732422,1787512282.0552464
1478,1477,p1,turn,12.535268783569336,1787512282.0884082
1478,4372,p1,selection,157.84136962890625,1787512282.092134
1478,4373,p1,selection,236.4781951904297,1787512282.0958555
1478,4374,p1,selection,250.82200622558594,1787512282.09956
1478,1477,p2,turn,8.600534439086914,1787512282.1112869
1478,4372,p2,selection,138.81980895996094,1787512282.1149564
1478,4373,p2,selection,149.30128479003906,1787512282.1188235
1478,4374,p2,selection,122.2175521850586,1787512282.1225884
1479,1478,p1,turn,7.8636932373046875,1787512282.1389534
1479,4375,p1,selection,164.13778686523438,1787512282.142691
1479,4376,p1,selection,222.75559997558594,1787512282.1463661
1479,4377,p1,selection,230.75238037109375,1787512282.1506536
1479,1478,p2,turn,12.49271297454834,1787512282.162596
1479,4375,p2,selection,137.150146484375,1787512282.1665876
1479,4376,p2,selection,112.33794403076172,1787512282.170747
1479,4377,p2,selection,113.3555679321289,1787512282.174742
1480,1479,p1,turn,11.207001686096191,1787512282.1995864
1480,4378,p1,selection,176.9915008544922,1787512282.2035697
1480,4379,p1,selection,131.80873107910156,1787512282.2072184
1480,4380,p1,selection,122.47978210449219,1787512282.2108967
1480,1479,p2,turn,7.376336097717285,1787512282.2225142
1480,4378,p2,selection,205.07228088378906,1787512282.2261875
1480,4379,p2,selection,149.65673828125,1787512282.22987
1480,4380,p2,selection,134.17544555664062,1787512282.234378
1481,1480,p1,turn,9.962763786315918,1787512282.2591467
1481,4381,p1,selection,273.0987854003906,1787512282.2628639
1481,4382,p1,selection,159.0745849609375,1787512282.266649
1481,4383,p1,selection,207.38294982910156,1787512282.2706153
1481,1480,p2,turn,15.865354537963867,1787512282.2819576
1481,4381,p2,selection,150.77874755859375,1787512282.2858233
1481,4382,p2,selection,118.71930694580078,1787512282.2896261
1481,4383,p2,selection,140.47299194335938,1787512282.2932262
1482,1481,p1,turn,7.533169746398926,1787512282.3215592
1482,4384,p1,selection,170.32252502441406,1787512282.3253121
1482,4385,p1,selection,187.64698791503906,1787512282.329032
1482,4386,p1,selection,171.4228515625,1787512282.3327801
1482,1481,p2,turn,9.582853317260742,1787512282.3444903
1482,4384,p2,selection,82.23446655273438,1787512282.3483024
1482,4385,p2,selection,133.29122924804688,1787512282.352249
1482,4386,p2,selection,82.62655639648438,1787512282.356202
1483,1482,p1,turn,12.175533294677734,1787512282.37636
1483,4387,p1,selection,207.53024291992188,1787512282.3802361
1483,4388,p1,selection,182.38417053222656,1787512282.384508
1483,4389,p1,selection,183.2805938720703,1787512282.3891609
1483,1482,p2,turn,12.33087158203125,1787512282.4022853
1483,4387,p2,selection,104.11277770996094,1787512282.4064898
1483,4388,p2,selection,115.2350082397461,1787512282.4105604
1483,4389,p2,selection,117.31214904785156,1787512282.414706
1484,1483,p1,turn,8.708282470703125,1787512282.4401405
1484,4390,p1,selection,151.86251831054688,1787512282.444268
1484,4391,p1,selection,124.94824981689453,1787512282.4484105
1484,4392,p1,selection,191.85052490234375,1787512282.45299
1484,1483,p2,turn,8.676347732543945,1787512282.465906
1484,4390,p2,selection,147.8243865966797,1787512282.470588
1484,4391,p2,selection,127.11082458496094,1787512282.4750156
1484,4392,p2,selection,140.1852569580078,1787512282.4790173
1485,1484,p1,turn,9.909960746765137,1787512282.5170047
1485,4393,p1,selection,117.56769561767578,1787512282.5221655
1485,4394,p1,selection,147.2884521484375,1787512282.526923
1485,4395,p1,selection,151.31886291503906,1787512282.5308645
1485,1484,p2,turn,10.0858793258667,1787512282.5434408
1485,4393,p2,selection,105.7896728515625,1787512282.5472803
1485,4394,p2,selection,98.42977142333984,1787512282.5532055
1485,4395,p2,selection,105.96013641357422,1787512282.5588505
1486,1485,p1,turn,12.509239196777344,1787512282.590152
1486,4396,p1,selection,216.28668212890625,1787512282.5943465
1486,4397,p1,selection,164.77687072753906,1787512282.5984082
1486,4398,p1,selection,180.56654357910156,1787512282.6041706
1486,1485,p2,turn,8.426217079162598,1787512282.6213815
1486,4396,p2,selection,160.36257934570312,1787512282.6263158
1486,4397,p2,selection,99.8365249633789,1787512282.6324537
1486,4398,p2,selection,167.99049377441406,1787512282.6382542
1487,1486,p1,turn,10.443964004516602,1787512282.6692836
1487,4399,p1,selection,188.71597290039062,1787512282.6752732
1487,4400,p1,selection,187.92776489257812,1787512282.6800184
1487,4401,p1,selection,269.625732421875,1787512282.686251
1487,1486,p2,turn,10.921671867370605,1787512282.703521
1487,4399,p2,selection,88.91532897949219,1787512282.7082055
1487,4400,p2,selection,116.53279113769531,1787512282.7122874
1487,4401,p2,selection,119.66114807128906,1787512282.7160823
1488,1487,p1,turn,9.03901481628418,1787512282.7471092
1488,4402,p1,selection,268.18499755859375,1787512282.7534547
1488,4403,p1,selection,222.22732543945312,1787512282.763203
1488,4404,p1,selection,164.68478393554688,1787512282.7706666
1488,1487,p2,turn,10.359847068786621,1787512282.7902782
1488,4402,p2,selection,175.78948974609375,1787512282.7977014
1488,4403,p2,selection,117.82441711425781,1787512282.8034325
1488,4404,p2,selection,133.31846618652344,1787512282.8090026
1489,1488,p1,turn,7.098246097564697,1787512282.8786414
1489,4405,p1,selection,193.83949279785156,1787512282.882945
1489,4406,p1,selection,146.80587768554688,1787512282.8872387
1489,4407,p1,selection,234.98573303222656,1787512282.8929777
1489,1488,p2,turn,9.919236183166504,1787512282.9091763
1489,4405,p2,selection,174.95306396484375,1787512282.9132662
1489,4406,p2,selection,144.8557586669922,1787512282.9175456
1489,4407,p2,selection,91.57395935058594,1787512282.9223354
1490,1489,p1,turn,11.755847930908203,1787512282.960189
1490,4408,p1,selection,163.82443237304688,1787512282.9651043
1490,4409,p1,selection,171.67715454101562,1787512282.9700077
1490,4410,p1,selection,175.15060424804688,1787512282.9747102
1490,1489,p2,turn,9.144153594970703,1787512282.9889183
1490,4408,p2,selection,163.8180389404297,1787512282.9936075
1490,4409,p2,selection,147.13165283203125,1787512282.9986145
1490,4410,p2,selection,207.223876953125,1787512283.0034752
1491,1490,p1,turn,15.010418891906738,1787512283.041136
1491,4411,p1,selection,139.35733032226562,1787512283.0450077
1491,4412,p1,selection,227.15623474121094,1787512283.0488958
1491,4413,p1,selection,207.0980224609375,1787512283.055317
1491,1490,p2,turn,8.645292282104492,1787512283.0676239
1491,4411,p2,selection,126.1187515258789,1787512283.0716786
1491,4412,p2,selection,144.3690643310547,1787512283.0757565
1491,4413,p2,selection,118.73662567138672,1787512283.0797493
1492,1491,p1,turn,6.081202030181885,1787512283.107088
1492,4414,p1,selection,181.6592254638672,1787512283.111126
1492,4415,p1,selection,122.46434020996094,1787512283.1150966
1492,4416,p1,selection,157.30824279785156,1787512283.119264
1492,1491,p2,turn,8.6134672164917,1787512283.1311548
1492,4414,p2,selection,179.53909301757812,1787512283.1354861
1492,4415,p2,selection,161.27279663085938,1787512283.139517
1492,4416,p2,selection,126.7685546875,1787512283.1435413
1493,1492,p1,turn,10.2979736328125,1787512283.163499
1493,4417,p1,selection,234.0234832763672,1787512283.1675694
1493,4418,p1,selection,137.03851318359375,1787512283.171698
1493,4419,p1,selection,184.45277404785156,1787512283.175618
1493,1492,p2,turn,11.815442085266113,1787512283.1907413
1493,4417,p2,selection,109.31449127197266,1787512283.1947324
1493,4418,p2,selection,134.7318878173828,1787512283.198543
1493,4419,p2,selection,109.95370483398438,1787512283.2025547
1494,1493,p1,turn,11.075860977172852,1787512283.2256584
1494,4420,p1,selection,164.25148010253906,1787512283.229403
1494,4421,p1,selection,197.1331787109375,1787512283.2331898
1494,4422,p1,selection,191.83071899414062,1787512283.2370992
1494,1493,p2,turn,12.191811561584473,1787512283.2485034
1494,4420,p2,selection,150.26710510253906,1787512283.2524068
1494,4421,p2,selection,140.35726928710938,1787512283.2561948
1494,4422,p2,selection,177.84681701660156,1787512283.2598827
1495,1494,p1,turn,11.261595726013184,1787512283.2824657
1495,4423,p1,selection,237.05447387695312,1787512283.286567
1495,4424,p1,selection,193.62989807128906,1787512283.2903678
1495,4425,p1,selection,212.71469116210938,1787512283.2940333
1495,1494,p2,turn,8.200949668884277,1787512283.3056374
1495,4423,p2,selection,152.01402282714844,1787512283.3093288
1495,4424,p2,selection,157.79042053222656,1787512283.31298
1495,4425,p2,selection,119.45724487304688,1787512283.3168404
1496,1495,p1,turn,8.502504348754883,1787512283.338308
1496,4426,p1,selection,174.6136932373047,1787512283.3420136
1496,4427,p1,selection,238.31214904785156,1787512283.3456893
1496,4428,p1,selection,195.45895385742188,1787512283.3494914
1496,1495,p2,turn,12.004411697387695,1787512283.3608575
1496,4426,p2,selection,191.51272583007812,1787512283.3645458
1496,4427,p2,selection,132.4142303466797,1787512283.368479
1496,4428,p2,selection,124.34891510009766,1787512283.372313
1497,1496,p1,turn,10.523735046386719,1787512283.3990407
1497,4429,p1,selection,206.3226776123047,1787512283.403039
1497,4430,p1,selection,143.9657440185547,1787512283.406822
1497,4431,p1,selection,200.43972778320312,1787512283.4105349
1497,1496,p2,turn,10.999839782714844,1787512283.4225037
1497,4429,p2,selection,100.59130859375,1787512283.4261553
1497,4430,p2,selection,166.63258361816406,1787512283.4297936
1497,4431,p2,selection,132.66455078125,1787512283.433735
1498,1497,p1,turn,12.495800971984863,1787512283.4549806
1498,4432,p1,selection,177.83689880371094,1787512283.4587338
1498,4433,p1,selection,158.25856018066406,1787512283.462657
1498,4434,p1,selection,237.60525512695312,1787512283.4663882
1498,1497,p2,turn,9.29507827758789,1787512283.4776895
1498,4432,p2,selection,106.53021240234375,1787512283.4813213
1498,4433,p2,selection,119.2210922241211,1787512283.4851146
1498,4434,p2,selection,128.76907348632812,1787512283.488957
1499,1498,p1,turn,9.335396766662598,1787512283.5060456
1499,4435,p1,selection,219.1830291748047,1787512283.509767
1499,4436,p1,selection,200.8320770263672,1787512283.513462
1499,4437,p1,selection,209.66351318359375,1787512283.5174046
1499,1498,p2,turn,5.965538024902344,1787512283.528717
1499,4435,p2,selection,105.81233215332031,1787512283.5323234
1499,4436,p2,selection,112.58319091796875,1787512283.5362494
1499,4437,p2,selection,152.74710083007812,1787512283.540102
1500,1499,p1,turn,11.904281616210938,1787512283.5582378
1500,4438,p1,selection,161.77926635742188,1787512283.561882
1500,4439,p1,selection,136.62725830078125,1787512283.5655336
1500,4440,p1,selection,199.34149169921875,1787512283.5700796
1500,1499,p2,turn,11.72423267364502,1787512283.5813563
1500,4438,p2,selection,189.60121154785156,1787512283.585796
1500,4439,p2,selection,157.82814025878906,1787512283.5903687
1500,4440,p2,selection,160.25686645507812,1787512283.5948043
1501,1500,p1,turn,8.813080787658691,1787512283.6365612
1501,4441,p1,selection,208.96087646484375,1787512283.6404035
1501,4442,p1,selection,171.49737548828125,1787512283.644137
1501,4443,p1,selection,162.55979919433594,1787512283.64781
1501,1500,p2,turn,7.893085479736328,1787512283.6598928
1501,4441,p2,selection,164.1925048828125,1787512283.663531
1501,4442,p2,selection,151.49798583984375,1787512283.6675158
1501,4443,p2,selection,155.6527099609375,1787512283.6713645
1502,1501,p1,turn,6.303600311279297,1787512283.6915212
1502,4444,p1,selection,161.07371520996094,1787512283.6952374
1502,4445,p1,selection,145.1904754638672,1787512283.6988878
1502,4446,p1,selection,207.25320434570312,1787512283.703048
1502,1501,p2,turn,10.010618209838867,1787512283.7142105
1502,4444,p2,selection,98.99458312988281,1787512283.7183232
1502,4445,p2,selection,115.29549407958984,1787512283.7220848
1502,4446,p2,selection,112.16956329345703,1787512283.7258077
1503,1502,p1,turn,5.561585426330566,1787512283.7842205
1503,4447,p1,selection,259.0234069824219,1787512283.788079
1503,4448,p1,selection,130.85716247558594,1787512283.7918565
1503,4449,p1,selection,189.28366088867188,1787512283.7956424
1503,1502,p2,turn,9.871977806091309,1787512283.8070374
1503,4447,p2,selection,130.7245330810547,1787512283.8108094
1503,4448,p2,selection,134.50828552246094,1787512283.8145173
1503,4449,p2,selection,139.5293731689453,1787512283.818448
1504,1503,p1,turn,10.276079177856445,1787512283.872965
1504,4450,p1,selection,169.2294158935547,1787512283.8769324
1504,4451,p1,selection,180.70703125,1787512283.8807008
1504,4452,p1,selection,166.1878204345703,1787512283.8848634
1504,1503,p2,turn,10.49994945526123,1787512283.8955455
1504,4450,p2,selection,84.0688247680664,1787512283.8996186
1504,4451,p2,selection,171.91665649414062,1787512283.9036152
1504,4452,p2,selection,102.72312927246094,1787512283.907442
1505,1504,p1,turn,10.260930061340332,1787512283.9242725
1505,4453,p1,selection,200.68019104003906,1787512283.9279535
1505,4454,p1,selection,181.876708984375,1787512283.9316218
1505,4455,p1,selection,220.60443115234375,1787512283.935474
1505,1504,p2,turn,13.116524696350098,1787512283.9469218
1505,4453,p2,selection,120.3128662109375,1787512283.9509015
1505,4454,p2,selection,156.79110717773438,1787512283.9546502
1505,4455,p2,selection,145.231201171875,1787512283.9583447
1506,1505,p1,turn,9.929481506347656,1787512283.985734
1506,4456,p1,selection,176.71966552734375,1787512283.9895515
1506,4457,p1,selection,169.53018188476562,1787512283.9932787
1506,4458,p1,selection,175.6830596923828,1787512283.9971523
1506,1505,p2,turn,10.522672653198242,1787512284.0085497
1506,4456,p2,selection,149.07740783691406,1787512284.0123756
1506,4457,p2,selection,115.18402099609375,1787512284.0161085
1506,4458,p2,selection,128.9325714111328,1787512284.02012
1507,1506,p1,turn,11.594831466674805,1787512284.0367103
1507,4459,p1,selection,201.1814727783203,1787512284.0404434
1507,4460,p1,selection,148.7179718017578,1787512284.0440955
1507,4461,p1,selection,170.75454711914062,1787512284.0477493
1507,1506,p2,turn,9.052630424499512,1787512284.0592923
1507,4459,p2,selection,117.06969451904297,1787512284.063052
1507,4460,p2,selection,108.57002258300781,1787512284.0670164
1507,4461,p2,selection,146.42343139648438,1787512284.0708916
1508,1507,p1,turn,8.347951889038086,1787512284.108418
1508,4462,p1,selection,305.4005126953125,1787512284.1128454
1508,4463,p1,selection,149.43490600585938,1787512284.116701
1508,4464,p1,selection,223.67555236816406,1787512284.1206198
1508,1507,p2,turn,11.322697639465332,1787512284.131427
1508,4462,p2,selection,111.89484405517578,1787512284.1360414
1508,4463,p2,selection,137.9688720703125,1787512284.1397789
1508,4464,p2,selection,174.43482971191406,1787512284.143515
1509,1508,p1,turn,10.551973342895508,1787512284.1759324
1509,4465,p1,selection,168.13320922851562,1787512284.179685
1509,4466,p1,selection,134.61900329589844,1787512284.1835074
1509,4467,p1,selection,115.14754486083984,1787512284.1873612
1509,1508,p2,turn,11.787513732910156,1787512284.1988971
1509,4465,p2,selection,107.1294937133789,1787512284.2029388
1509,4466,p2,selection,144.97378540039062,1787512284.2068021
1509,4467,p2,selection,177.10549926757812,1787512284.2105832
1510,1509,p1,turn,7.801548004150391,1787512284.2404966
1510,4468,p1,selection,189.86537170410156,1787512284.2442503
1510,4469,p1,selection,169.19927978515625,1787512284.2479599
1510,4470,p1,selection,179.42759704589844,1787512284.2517939
1510,1509,p2,turn,10.567142486572266,1787512284.2633858
1510,4468,p2,selection,119.82259368896484,1787512284.2672904
1510,4469,p2,selection,181.8086700439453,1787512284.271137
1510,4470,p2,selection,155.24887084960938,1787512284.2748384
1511,1510,p1,turn,9.323881149291992,1787512284.2909446
1511,4471,p1,selection,228.42697143554688,1787512284.2946038
1511,4472,p1,selection,210.09848022460938,1787512284.2982576
1511,4473,p1,selection,197.265869140625,1787512284.3020756
1511,1510,p2,turn,7.956002235412598,1787512284.3132143
1511,4471,p2,selection,144.06190490722656,1787512284.3171008
1511,4472,p2,selection,151.46719360351562,1787512284.3209298
1511,4473,p2,selection,178.7482147216797,1787512284.3246186
1512,1511,p1,turn,12.404449462890625,1787512284.3500104
1512,4474,p1,selection,132.7221221923828,1787512284.3538587
1512,4475,p1,selection,135.71466064453125,1787512284.357549
1512,4476,p1,selection,210.2974395751953,1787512284.361356
1512,1511,p2,turn,9.857431411743164,1787512284.3732297
1512,4474,p2,selection,120.34913635253906,1787512284.3768864
1512,4475,p2,selection,132.60867309570312,1787512284.3805225
1512,4476,p2,selection,94.92697143554688,1787512284.3847716
1513,1512,p1,turn,8.793744087219238,1787512284.4069479
1513,4477,p1,selection,175.9993896484375,1787512284.4115417
1513,4478,p1,selection,161.78936767578125,1787512284.4157875
1513,4479,p1,selection,170.08177185058594,1787512284.4201653
1513,1512,p2,turn,8.985426902770996,1787512284.431914
1513,4477,p2,selection,149.8968048095703,1787512284.4361944
1513,4478,p2,selection,90.30247497558594,1787512284.4401684
1513,4479,p2,selection,116.82173156738281,1787512284.4440885
1514,1513,p1,turn,6.300838947296143,1787512284.4727392
1514,4480,p1,selection,140.683349609375,1787512284.4776673
1514,4481,p1,selection,215.85678100585938,1787512284.4825914
1514,4482,p1,selection,233.78518676757812,1787512284.4880023
1514,1513,p2,turn,10.425026893615723,1787512284.5009549
1514,4480,p2,selection,157.7489013671875,1787512284.5053873
1514,4481,p2,selection,89.49940490722656,1787512284.509454
1514,4482,p2,selection,140.81292724609375,1787512284.5136883
1515,1514,p1,turn,9.90473461151123,1787512284.5356162
1515,4483,p1,selection,188.4218292236328,1787512284.5407474
1515,4484,p1,selection,171.54397583007812,1787512284.5457191
1515,4485,p1,selection,259.1654052734375,1787512284.5503612
1515,1514,p2,turn,12.12613582611084,1787512284.56296
1515,4483,p2,selection,145.73410034179688,1787512284.5673409
1515,4484,p2,selection,129.0330047607422,1787512284.571715
1515,4485,p2,selection,129.68771362304688,1787512284.5759976
1516,1515,p1,turn,7.090336799621582,1787512284.5968819
1516,4486,p1,selection,293.67767333984375,1787512284.601254
1516,4487,p1,selection,203.9351348876953,1787512284.605595
1516,4488,p1,selection,209.40478515625,1787512284.609656
1516,1515,p2,turn,6.749845027923584,1787512284.623474
1516,4486,p2,selection,142.84007263183594,1787512284.6276767
1516,4487,p2,selection,130.92660522460938,1787512284.6316898
1516,4488,p2,selection,143.5331268310547,1787512284.6366472
1517,1516,p1,turn,14.53283405303955,1787512284.672543
1517,4489,p1,selection,183.55612182617188,1787512284.6774209
1517,4490,p1,selection,130.8276824951172,1787512284.6821215
1517,4491,p1,selection,152.48866271972656,1787512284.686629
1517,1516,p2,turn,10.263689994812012,1787512284.7038305
1517,4489,p2,selection,149.01856994628906,1787512284.7077756
1517,4490,p2,selection,195.5170440673828,1787512284.7128184
1517,4491,p2,selection,117.33655548095703,1787512284.7188075
1518,1517,p1,turn,7.283730506896973,1787512284.751136
1518,4492,p1,selection,172.10830688476562,1787512284.7552154
1518,4493,p1,selection,156.71673583984375,1787512284.7592394
1518,4494,p1,selection,223.90008544921875,1787512284.7634718
1518,1517,p2,turn,8.250544548034668,1787512284.7793076
1518,4492,p2,selection,163.11293029785156,1787512284.7848432
1518,4493,p2,selection,162.132080078125,1787512284.790426
1518,4494,p2,selection,144.28854370117188,1787512284.7960923
1519,1518,p1,turn,10.809999465942383,1787512284.822337
1519,4495,p1,selection,151.45785522460938,1787512284.827566
1519,4496,p1,selection,261.7641906738281,1787512284.8325562
1519,4497,p1,selection,227.70614624023438,1787512284.8387024
1519,1518,p2,turn,7.582867622375488,1787512284.8529408
1519,4495,p2,selection,155.01004028320312,1787512284.8590844
1519,4496,p2,selection,139.98675537109375,1787512284.8642373
1519,4497,p2,selection,130.13673400878906,1787512284.8692431
1520,1519,p1,turn,7.4859466552734375,1787512284.914807
1520,4498,p1,selection,243.8858184814453,1787512284.919825
1520,4499,p1,selection,204.59559631347656,1787512284.9242306
1520,4500,p1,selection,154.8814697265625,1787512284.9285858
1520,1519,p2,turn,6.628194332122803,1787512284.942327
1520,4498,p2,selection,149.51527404785156,1787512284.9465642
1520,4499,p2,selection,117.83480072021484,1787512284.9519384
1520,4500,p2,selection,117.93292999267578,1787512284.9573967
1521,1520,p1,turn,8.907317161560059,1787512284.9775844
1521,4501,p1,selection,151.8701934814453,1787512284.9816644
1521,4502,p1,selection,132.27255249023438,1787512284.9862304
1521,4503,p1,selection,164.81106567382812,1787512284.9906359
1521,1520,p2,turn,6.952449798583984,1787512285.0038278
1521,4501,p2,selection,85.49500274658203,1787512285.0082316
1521,4502,p2,selection,160.68283081054688,1787512285.0132704
1521,4503,p2,selection,148.93565368652344,1787512285.0185962
1522,1521,p1,turn,9.692359924316406,1787512285.0390372
1522,4504,p1,selection,137.35263061523438,1787512285.0431092
1522,4505,p1,selection,109.62154388427734,1787512285.047187
1522,4506,p1,selection,241.181884765625,1787512285.052043
1522,1521,p2,turn,12.55224895477295,1787512285.0683155
1522,4504,p2,selection,153.68731689453125,1787512285.0736148
1522,4505,p2,selection,130.7340087890625,1787512285.0787342
1522,4506,p2,selection,102.05384826660156,1787512285.0850372
1523,1522,p1,turn,9.056679725646973,1787512285.1334753
1523,4507,p1,selection,205.11416625976562,1787512285.139181
1523,4508,p1,selection,182.60508728027344,1787512285.144591
1523,4509,p1,selection,169.91835021972656,1787512285.1505713
1523,1522,p2,turn,6.930390357971191,1787512285.1665657
1523,4507,p2,selection,124.6372299194336,1787512285.1711533
1523,4508,p2,selection,135.8868408203125,1787512285.175691
1523,4509,p2,selection,125.6583480834961,1787512285.1813061
1524,1523,p1,turn,8.314945220947266,1787512285.2064474
1524,4510,p1,selection,216.70701599121094,1787512285.2107854
1524,4511,p1,selection,175.17234802246094,1787512285.2159514
1524,4512,p1,selection,155.30136108398438,1787512285.2211967
1524,1523,p2,turn,9.589380264282227,1787512285.2368715
1524,4510,p2,selection,137.1617889404297,1787512285.2417018
1524,4511,p2,selection,106.721435546875,1787512285.2463942
1524,4512,p2,selection,130.5892333984375,1787512285.2513912
1525,1524,p1,turn,11.500835418701172,1787512285.2727962
1525,4513,p1,selection,175.8685302734375,1787512285.2766047
1525,4514,p1,selection,107.1871566772461,1787512285.2804437
1525,4515,p1,selection,143.55014038085938,1787512285.284414
1525,1524,p2,turn,15.648193359375,1787512285.2958949
1525,4513,p2,selection,150.43702697753906,1787512285.2998052
1525,4514,p2,selection,134.52206420898438,1787512285.303872
1525,4515,p2,selection,157.95938110351562,1787512285.3077214
1526,1525,p1,turn,7.002336502075195,1787512285.3262043
1526,4516,p1,selection,143.04527282714844,1787512285.3301253
1526,4517,p1,selection,193.02345275878906,1787512285.3343143
1526,4518,p1,selection,141.35415649414062,1787512285.3382597
1526,1525,p2,turn,10.433395385742188,1787512285.3504043
1526,4516,p2,selection,125.30735778808594,1787512285.3543644
1526,4517,p2,selection,124.17510986328125,1787512285.3581457
1526,4518,p2,selection,122.0665283203125,1787512285.361963
1527,1526,p1,turn,10.023515701293945,1787512285.4075127
1527,4519,p1,selection,233.12306213378906,1787512285.4115083
1527,4520,p1,selection,169.2372589111328,1787512285.4156015
1527,4521,p1,selection,196.30322265625,1787512285.4198074
1527,1526,p2,turn,12.791411399841309,1787512285.4320774
1527,4519,p2,selection,153.91241455078125,1787512285.4365158
1527,4520,p2,selection,121.5291519165039,1787512285.440921
1527,4521,p2,selection,162.65530395507812,1787512285.445077
1528,1527,p1,turn,10.390523910522461,1787512285.4762259
1528,4522,p1,selection,205.37841796875,1787512285.4808757
1528,4523,p1,selection,201.90008544921875,1787512285.4856422
1528,4524,p1,selection,110.67530059814453,1787512285.4903457
1528,1527,p2,turn,11.020149230957031,1787512285.5026512
1528,4522,p2,selection,166.362548828125,1787512285.5066931
1528,4523,p2,selection,148.83370971679688,1787512285.5104587
1528,4524,p2,selection,81.2711410522461,1787512285.5142868
1529,1528,p1,turn,15.070484161376953,1787512285.5318253
1529,4525,p1,selection,210.47694396972656,1787512285.535913
1529,4526,p1,selection,152.75149536132812,1787512285.5399222
1529,4527,p1,selection,224.85536193847656,1787512285.543696
1529,1528,p2,turn,10.884504318237305,1787512285.5562232
1529,4525,p2,selection,168.23426818847656,1787512285.5606282
1529,4526,p2,selection,135.9538116455078,1787512285.5653389
1529,4527,p2,selection,171.549560546875,1787512285.5700934
1530,1529,p1,turn,7.955108642578125,1787512285.5873926
1530,4528,p1,selection,247.30267333984375,1787512285.591296
1530,4529,p1,selection,163.71002197265625,1787512285.5951912
1530,4530,p1,selection,213.5753173828125,1787512285.599097
1530,1529,p2,turn,11.263315200805664,1787512285.6108193
1530,4528,p2,selection,85.26689910888672,1787512285.6148174
1530,4529,p2,selection,81.82941436767578,1787512285.618926
1530,4530,p2,selection,141.52613830566406,1787512285.6229687
1531,1530,p1,turn,11.173345565795898,1787512285.6442916
1531,4531,p1,selection,240.1609649658203,1787512285.6481981
1531,4532,p1,selection,116.81327819824219,1787512285.6522942
1531,4533,p1,selection,147.3966064453125,1787512285.6563485
1531,1530,p2,turn,9.362836837768555,1787512285.6688259
1531,4531,p2,selection,135.07498168945312,1787512285.67285
1531,4532,p2,selection,130.55511474609375,1787512285.6767216
1531,4533,p2,selection,119.17805480957031,1787512285.6806192
1532,1531,p1,turn,9.941996574401855,1787512285.7196379
1532,4534,p1,selection,149.32040405273438,1787512285.7236097
1532,4535,p1,selection,283.44549560546875,1787512285.7274768
1532,4536,p1,selection,140.2674560546875,1787512285.731326
1532,1531,p2,turn,10.780327796936035,1787512285.7435994
1532,4534,p2,selection,162.92251586914062,1787512285.7474372
1532,4535,p2,selection,119.67891693115234,1787512285.7516344
1532,4536,p2,selection,120.75251007080078,1787512285.756116
1533,1532,p1,turn,13.258939743041992,1787512285.797724
1533,4537,p1,selection,157.77908325195312,1787512285.802264
1533,4538,p1,selection,199.60369873046875,1787512285.8066745
1533,4539,p1,selection,313.9134826660156,1787512285.8108385
1533,1532,p2,turn,10.205195426940918,1787512285.8228514
1533,4537,p2,selection,148.82176208496094,1787512285.8266995
1533,4538,p2,selection,196.68490600585938,1787512285.8304923
1533,4539,p2,selection,126.51527404785156,1787512285.8346667
1534,1533,p1,turn,13.318284034729004,1787512285.853126
1534,4540,p1,selection,145.91336059570312,1787512285.8569782
1534,4541,p1,selection,325.96405029296875,1787512285.860793
1534,4542,p1,selection,234.5481414794922,1787512285.8646784
1534,1533,p2,turn,9.76658821105957,1787512285.8794012
1534,4540,p2,selection,149.85275268554688,1787512285.8840926
1534,4541,p2,selection,175.31353759765625,1787512285.8882515
1534,4542,p2,selection,141.63052368164062,1787512285.8921168
1535,1534,p1,turn,11.955362319946289,1787512285.919452
1535,4543,p1,selection,123.0621109008789,1787512285.9251192
1535,4544,p1,selection,165.0983428955078,1787512285.9302464
1535,4545,p1,selection,196.8846893310547,1787512285.9352684
1535,1534,p2,turn,14.75352668762207,1787512285.9486768
1535,4543,p2,selection,114.0050048828125,1787512285.9526546
1535,4544,p2,selection,90.21537017822266,1787512285.9564679
1535,4545,p2,selection,186.7498779296875,1787512285.9602084
1536,1535,p1,turn,8.988239288330078,1787512285.9813778
1536,4546,p1,selection,210.13177490234375,1787512285.9852738
1536,4547,p1,selection,293.2405090332031,1787512285.9890938
1536,4548,p1,selection,138.06130981445312,1787512285.9928157
1536,1535,p2,turn,7.603794574737549,1787512286.0042586
1536,4546,p2,selection,139.88839721679688,1787512286.0079572
1536,4547,p2,selection,172.0186309814453,1787512286.0116274
1536,4548,p2,selection,189.5989990234375,1787512286.01526
1537,1536,p1,turn,9.726247787475586,1787512286.0903904
1537,4549,p1,selection,261.61846923828125,1787512286.0940614
1537,4550,p1,selection,212.32923889160156,1787512286.0980115
1537,4551,p1,selection,222.05813598632812,1787512286.1018589
1537,1536,p2,turn,12.675168991088867,1787512286.1132782
1537,4549,p2,selection,96.31631469726562,1787512286.1171331
1537,4550,p2,selection,123.53521728515625,1787512286.12111
1537,4551,p2,selection,184.2266845703125,1787512286.1247535
1538,1537,p1,turn,7.756642818450928,1787512286.1477203
1538,4552,p1,selection,248.1760711669922,1787512286.1524596
1538,4553,p1,selection,205.21995544433594,1787512286.1570132
1538,4554,p1,selection,244.63418579101562,1787512286.1613848
1538,1537,p2,turn,7.897882461547852,1787512286.1737084
1538,4552,p2,selection,120.1277084350586,1787512286.1773212
1538,4553,p2,selection,103.59595489501953,1787512286.1809278
1538,4554,p2,selection,198.96133422851562,1787512286.1850047
1539,1538,p1,turn,9.002189636230469,1787512286.2086353
1539,4555,p1,selection,121.44740295410156,1787512286.2122893
1539,4556,p1,selection,180.8317413330078,1787512286.2167356
1539,4557,p1,selection,213.3095703125,1787512286.220604
1539,1538,p2,turn,8.443513870239258,1787512286.2323322
1539,4555,p2,selection,113.41541290283203,1787512286.2365324
1539,4556,p2,selection,121.15133666992188,1787512286.241692
1539,4557,p2,selection,172.52870178222656,1787512286.2465441
1540,1539,p1,turn,11.053910255432129,1787512286.2726278
1540,4558,p1,selection,177.4657440185547,1787512286.2765725
1540,4559,p1,selection,216.55502319335938,1787512286.280451
1540,4560,p1,selection,148.12423706054688,1787512286.2845256
1540,1539,p2,turn,11.843300819396973,1787512286.2961328
1540,4558,p2,selection,171.32630920410156,1787512286.3000338
1540,4559,p2,selection,182.35769653320312,1787512286.3038807
1540,4560,p2,selection,182.90740966796875,1787512286.30761
1541,1540,p1,turn,9.073097229003906,1787512286.3262682
1541,4561,p1,selection,92.88850402832031,1787512286.3299966
1541,4562,p1,selection,228.04507446289062,1787512286.3340127
1541,4563,p1,selection,163.83384704589844,1787512286.337857
1541,1540,p2,turn,11.938383102416992,1787512286.3493898
1541,4561,p2,selection,121.95441436767578,1787512286.353421
1541,4562,p2,selection,197.4947967529297,1787512286.3572316
1541,4563,p2,selection,121.98332214355469,1787512286.360983
1542,1541,p1,turn,10.092718124389648,1787512286.3808987
1542,4564,p1,selection,219.76116943359375,1787512286.3849664
1542,4565,p1,selection,145.32638549804688,1787512286.388839
1542,4566,p1,selection,266.4732666015625,1787512286.3926144
1542,1541,p2,turn,10.01091194152832,1787512286.4047015
1542,4564,p2,selection,122.64807891845703,1787512286.4085546
1542,4565,p2,selection,112.98970031738281,1787512286.4125602
1542,4566,p2,selection,117.78361511230469,1787512286.4165027
1543,1542,p1,turn,8.683294296264648,1787512286.4370902
1543,4567,p1,selection,189.47189331054688,1787512286.441084
1543,4568,p1,selection,159.90695190429688,1787512286.4449687
1543,4569,p1,selection,198.73025512695312,1787512286.4488976
1543,1542,p2,turn,7.902197360992432,1787512286.4626741
1543,4567,p2,selection,173.4701690673828,1787512286.4673176
1543,4568,p2,selection,146.92880249023438,1787512286.4720535
1543,4569,p2,selection,140.0879364013672,1787512286.4767673
1544,1543,p1,turn,8.817695617675781,1787512286.4990647
1544,4570,p1,selection,195.944580078125,1787512286.5034082
1544,4571,p1,selection,206.86244201660156,1787512286.507546
1544,4572,p1,selection,154.25894165039062,1787512286.5113795
1544,1543,p2,turn,8.284513473510742,1787512286.528
1544,4570,p2,selection,118.71331787109375,1787512286.5334904
1544,4571,p2,selection,130.03057861328125,1787512286.5375288
1544,4572,p2,selection,124.17552947998047,1787512286.5418732
1545,1544,p1,turn,15.152210235595703,1787512286.561043
1545,4573,p1,selection,232.99600219726562,1787512286.564811
1545,4574,p1,selection,229.42494201660156,1787512286.5690038
1545,4575,p1,selection,146.37432861328125,1787512286.5730116
1545,1544,p2,turn,11.537925720214844,1787512286.585624
1545,4573,p2,selection,109.02275085449219,1787512286.589889
1545,4574,p2,selection,86.7613754272461,1787512286.5937443
1545,4575,p2,selection,117.21880340576172,1787512286.5986514
1546,1545,p1,turn,8.370162010192871,1787512286.640989
1546,4576,p1,selection,248.47019958496094,1787512286.6453457
1546,4577,p1,selection,90.32500457763672,1787512286.6495173
1546,4578,p1,selection,162.80328369140625,1787512286.6552992
1546,1545,p2,turn,9.937213897705078,1787512286.6698985
1546,4576,p2,selection,125.88346862792969,1787512286.6739736
1546,4577,p2,selection,129.46026611328125,1787512286.6783178
1546,4578,p2,selection,136.1728515625,1787512286.6826422
1547,1546,p1,turn,11.69347858428955,1787512286.7020981
1547,4579,p1,selection,271.2318115234375,1787512286.7060554
1547,4580,p1,selection,281.192138671875,1787512286.7099254
1547,4581,p1,selection,243.72894287109375,1787512286.7138069
1547,1546,p2,turn,6.248149871826172,1787512286.7281666
1547,4579,p2,selection,168.68759155273438,1787512286.7331336
1547,4580,p2,selection,156.26605224609375,1787512286.7383583
1547,4581,p2,selection,112.6003646850586,1787512286.7434356
1548,1547,p1,turn,10.973649024963379,1787512286.7637408
1548,4582,p1,selection,262.99481201171875,1787512286.7687862
1548,4583,p1,selection,265.16058349609375,1787512286.7729535
1548,4584,p1,selection,223.35235595703125,1787512286.7771482
1548,1547,p2,turn,12.373054504394531,1787512286.792495
1548,4582,p2,selection,134.70166015625,1787512286.7974615
1548,4583,p2,selection,155.5150604248047,1787512286.8024588
1548,4584,p2,selection,80.17572784423828,1787512286.8075912
1549,1548,p1,turn,9.68237018585205,1787512286.8306477
1549,4585,p1,selection,139.82061767578125,1787512286.8354797
1549,4586,p1,selection,164.01747131347656,1787512286.8405764
1549,4587,p1,selection,226.8406982421875,1787512286.8445523
1549,1548,p2,turn,7.856105327606201,1787512286.861273
1549,4585,p2,selection,117.86695861816406,1787512286.8664396
1549,4586,p2,selection,107.06578063964844,1787512286.870837
1549,4587,p2,selection,146.85682678222656,1787512286.8753297
1550,1549,p1,turn,9.532791137695312,1787512286.9041414
1550,4588,p1,selection,235.4992218017578,1787512286.9089222
1550,4589,p1,selection,229.10906982421875,1787512286.9134028
1550,4590,p1,selection,162.6083984375,1787512286.9187636
1550,1549,p2,turn,11.851088523864746,1787512286.9337254
1550,4588,p2,selection,179.42518615722656,1787512286.9385262
1550,4589,p2,selection,102.69234466552734,1787512286.9437718
1550,4590,p2,selection,197.13388061523438,1787512286.9485905
1551,1550,p1,turn,9.039262771606445,1787512286.9846582
1551,4591,p1,selection,168.54908752441406,1787512286.990158
1551,4592,p1,selection,181.1959228515625,1787512286.9952207
1551,4593,p1,selection,216.39390563964844,1787512287.0006227
1551,1550,p2,turn,11.808645248413086,1787512287.0137544
1551,4591,p2,selection,153.66395568847656,1787512287.0180376
1551,4592,p2,selection,163.05018615722656,1787512287.0221899
1551,4593,p2,selection,161.59292602539062,1787512287.0260754
1552,1551,p1,turn,6.980684757232666,1787512287.0434418
1552,4594,p1,selection,187.57969665527344,1787512287.0472653
1552,4595,p1,selection,199.29489135742188,1787512287.051489
1552,4596,p1,selection,188.91412353515625,1787512287.0554466
1552,1551,p2,turn,6.574808120727539,1787512287.0683508
1552,4594,p2,selection,151.87814331054688,1787512287.0728555
1552,4595,p2,selection,102.19735717773438,1787512287.076714
1552,4596,p2,selection,152.39222717285156,1787512287.080461
1553,1552,p1,turn,8.411093711853027,1787512287.1114352
1553,4597,p1,selection,240.20118713378906,1787512287.1154706
1553,4598,p1,selection,156.997314453125,1787512287.1197972
1553,4599,p1,selection,194.54673767089844,1787512287.1238513
1553,1552,p2,turn,7.309169292449951,1787512287.1361992
1553,4597,p2,selection,124.71047973632812,1787512287.140363
1553,4598,p2,selection,110.82939147949219,1787512287.144328
1553,4599,p2,selection,197.97731018066406,1787512287.1488042
1554,1553,p1,turn,9.295646667480469,1787512287.1664937
1554,4600,p1,selection,175.3411865234375,1787512287.1708682
1554,4601,p1,selection,164.54872131347656,1787512287.1746402
1554,4602,p1,selection,155.6316375732422,1787512287.1786644
1554,1553,p2,turn,9.130996704101562,1787512287.1907482
1554,4600,p2,selection,120.42295837402344,1787512287.1947405
1554,4601,p2,selection,117.87396240234375,1787512287.198489
1554,4602,p2,selection,155.12423706054688,1787512287.2029338
1555,1554,p1,turn,14.058911323547363,1787512287.2449198
1555,4603,p1,selection,276.181884765625,1787512287.2487493
1555,4604,p1,selection,185.88369750976562,1787512287.25272
1555,4605,p1,selection,171.33682250976562,1787512287.256525
1555,1554,p2,turn,10.387492179870605,1787512287.2686675
1555,4603,p2,selection,109.55418395996094,1787512287.272484
1555,4604,p2,selection,142.12747192382812,1787512287.2762198
1555,4605,p2,selection,191.92349243164062,1787512287.2799265
1556,1555,p1,turn,9.847911834716797,1787512287.3092604
1556,4606,p1,selection,129.03140258789062,1787512287.3130121
1556,4607,p1,selection,205.96432495117188,1787512287.3171048
1556,4608,p1,selection,197.8782501220703,1787512287.3209136
1556,1555,p2,turn,9.22724723815918,1787512287.3322291
1556,4606,p2,selection,89.55192565917969,1787512287.3362665
1556,4607,p2,selection,125.56365966796875,1787512287.3400106
1556,4608,p2,selection,193.4818115234375,1787512287.3436759
1557,1556,p1,turn,10.911383628845215,1787512287.3609846
1557,4609,p1,selection,152.35494995117188,1787512287.3647444
1557,4610,p1,selection,162.0525360107422,1787512287.3687844
1557,4611,p1,selection,156.81642150878906,1787512287.3726428
1557,1556,p2,turn,8.887575149536133,1787512287.3844774
1557,4609,p2,selection,125.94251251220703,1787512287.3883011
1557,4610,p2,selection,122.602783203125,1787512287.3920069
1557,4611,p2,selection,143.1973114013672,1787512287.395707
1558,1557,p1,turn,13.816361427307129,1787512287.4152272
1558,4612,p1,selection,183.15443420410156,1787512287.419339
1558,4613,p1,selection,219.88082885742188,1787512287.4229941
1558,4614,p1,selection,205.9811553955078,1787512287.42666
1558,1557,p2,turn,8.524496078491211,1787512287.4385362
1558,4612,p2,selection,117.31853485107422,1787512287.442312
1558,4613,p2,selection,157.5169677734375,1787512287.446131
1558,4614,p2,selection,132.57530212402344,1787512287.4502358
1559,1558,p1,turn,8.255062103271484,1787512287.475228
1559,4615,p1,selection,188.88685607910156,1787512287.4792027
1559,4616,p1,selection,214.79283142089844,1787512287.4831038
1559,4617,p1,selection,167.69525146484375,1787512287.4871747
1559,1558,p2,turn,9.715081214904785,1787512287.4985952
1559,4615,p2,selection,188.05230712890625,1787512287.5025954
1559,4616,p2,selection,134.15191650390625,1787512287.5063906
1559,4617,p2,selection,165.8742218017578,1787512287.5101004
1560,1559,p1,turn,12.37252426147461,1787512287.5357125
1560,4618,p1,selection,315.0730285644531,1787512287.5395548
1560,4619,p1,selection,294.783203125,1787512287.543367
1560,4620,p1,selection,189.10044860839844,1787512287.547074
1560,1559,p2,turn,10.600790023803711,1787512287.5588639
1560,4618,p2,selection,107.43711853027344,1787512287.5626175
1560,4619,p2,selection,94.51078796386719,1787512287.5666578
1560,4620,p2,selection,132.15957641601562,1787512287.5706036
1561,1560,p1,turn,6.134903907775879,1787512287.5949676
1561,4621,p1,selection,181.12060546875,1787512287.598791
1561,4622,p1,selection,169.3528289794922,1787512287.6028357
1561,4623,p1,selection,186.4327850341797,1787512287.606723
1561,1560,p2,turn,10.537152290344238,1787512287.6187665
1561,4621,p2,selection,131.38525390625,1787512287.6226163
1561,4622,p2,selection,188.45281982421875,1787512287.6263397
1561,4623,p2,selection,134.52830505371094,1787512287.6301553
1562,1561,p1,turn,9.81615161895752,1787512287.6505632
1562,4624,p1,selection,190.9622344970703,1787512287.6543796
1562,4625,p1,selection,238.29083251953125,1787512287.6581464
1562,4626,p1,selection,149.74252319335938,1787512287.6618953
1562,1561,p2,turn,7.01042366027832,1787512287.6735878
1562,4624,p2,selection,118.30789184570312,1787512287.677316
1562,4625,p2,selection,112.41266632080078,1787512287.6811144
1562,4626,p2,selection,134.62432861328125,1787512287.6852627
1563,1562,p1,turn,11.355337142944336,1787512287.7208848
1563,4627,p1,selection,244.91241455078125,1787512287.725334
1563,4628,p1,selection,122.96590423583984,1787512287.7298594
1563,4629,p1,selection,167.9405517578125,1787512287.7345564
1563,1562,p2,turn,8.78635311126709,1787512287.7476182
1563,4627,p2,selection,105.96149444580078,1787512287.7515435
1563,4628,p2,selection,117.20210266113281,1787512287.7554147
1563,4629,p2,selection,134.5606689453125,1787512287.759051
1564,1563,p1,turn,8.892975807189941,1787512287.7877858
1564,4630,p1,selection,163.81227111816406,1787512287.7923405
1564,4631,p1,selection,235.5250701904297,1787512287.7968414
1564,4632,p1,selection,186.75076293945312,1787512287.8014176
1564,1563,p2,turn,12.193171501159668,1787512287.815215
1564,4630,p2,selection,129.475830078125,1787512287.8198187
1564,4631,p2,selection,146.10443115234375,1787512287.8242579
1564,4632,p2,selection,138.55935668945312,1787512287.8286808
1565,1564,p1,turn,11.528741836547852,1787512287.852892
1565,4633,p1,selection,146.85879516601562,1787512287.8575108
1565,4634,p1,selection,265.6502380371094,1787512287.8619514
1565,4635,p1,selection,315.7039489746094,1787512287.8663683
1565,1564,p2,turn,11.583540916442871,1787512287.8799927
1565,4633,p2,selection,153.63607788085938,1787512287.884723
1565,4634,p2,selection,106.59126281738281,1787512287.8885894
1565,4635,p2,selection,149.27879333496094,1787512287.892304
1566,1565,p1,turn,10.638787269592285,1787512287.9198782
1566,4636,p1,selection,213.0751953125,1787512287.9237468
1566,4637,p1,selection,242.86827087402344,1787512287.927429
1566,4638,p1,selection,174.9743194580078,1787512287.931204
1566,1565,p2,turn,8.094409942626953,1787512287.9427094
1566,4636,p2,selection,114.58541107177734,1787512287.9464283
1566,4637,p2,selection,129.09495544433594,1787512287.9503698
1566,4638,p2,selection,153.41098022460938,1787512287.9541748
1567,1566,p1,turn,12.898914337158203,1787512287.977644
1567,4639,p1,selection,216.65037536621094,1787512287.981399
1567,4640,p1,selection,209.5538330078125,1787512287.9852643
1567,4641,p1,selection,183.72076416015625,1787512287.9890904
1567,1566,p2,turn,10.682674407958984,1787512288.0010712
1567,4639,p2,selection,123.15264892578125,1787512288.004947
1567,4640,p2,selection,192.281494140625,1787512288.008637
1567,4641,p2,selection,90.44377136230469,1787512288.0123732
1568,1567,p1,turn,11.747243881225586,1787512288.0326817
1568,4642,p1,selection,189.06411743164062,1787512288.0367684
1568,4643,p1,selection,266.4537048339844,1787512288.040547
1568,4644,p1,selection,200.59234619140625,1787512288.0441654
1568,1567,p2,turn,10.120903015136719,1787512288.0558076
1568,4642,p2,selection,146.9239044189453,1787512288.0595226
1568,4643,p2,selection,100.38238525390625,1787512288.0632117
1568,4644,p2,selection,188.65757751464844,1787512288.0672064
1569,1568,p1,turn,7.42641544342041,1787512288.1418555
1569,4645,p1,selection,98.17817687988281,1787512288.145527
1569,4646,p1,selection,224.6107940673828,1787512288.1491783
1569,4647,p1,selection,153.23599243164062,1787512288.15358
1569,1568,p2,turn,11.258743286132812,1787512288.164723
1569,4645,p2,selection,127.3922348022461,1787512288.1689339
1569,4646,p2,selection,141.1925506591797,1787512288.1727433
1569,4647,p2,selection,137.71444702148438,1787512288.176394
1570,1569,p1,turn,8.721622467041016,1787512288.234064
1570,4648,p1,selection,142.69839477539062,1787512288.2386622
1570,4649,p1,selection,164.1902618408203,1787512288.2430842
1570,4650,p1,selection,252.1078338623047,1787512288.2477415
1570,1569,p2,turn,6.584133148193359,1787512288.2609594
1570,4648,p2,selection,142.04026794433594,1787512288.2648563
1570,4649,p2,selection,173.12437438964844,1787512288.2687423
1570,4650,p2,selection,167.46839904785156,1787512288.272892
1571,1570,p1,turn,4.749148368835449,1787512288.2986972
1571,4651,p1,selection,261.0220642089844,1787512288.3030612
1571,4652,p1,selection,206.48348999023438,1787512288.3070807
1571,4653,p1,selection,197.91183471679688,1787512288.3110342
1571,1570,p2,turn,7.4021735191345215,1787512288.3228986
1571,4651,p2,selection,132.24734497070312,1787512288.3266652
1571,4652,p2,selection,101.45402526855469,1787512288.3304584
1571,4653,p2,selection,97.4645004272461,1787512288.334797
1572,1571,p1,turn,10.570758819580078,1787512288.355924
1572,4654,p1,selection,201.35714721679688,1787512288.3596795
1572,4655,p1,selection,204.66387939453125,1787512288.3634083
1572,4656,p1,selection,134.32177734375,1787512288.3675754
1572,1571,p2,turn,8.186903953552246,1787512288.3788972
1572,4654,p2,selection,249.13375854492188,1787512288.3826048
1572,4655,p2,selection,120.31575012207031,1787512288.3869145
1572,4656,p2,selection,143.12893676757812,1787512288.3908334
1573,1572,p1,turn,10.09939193725586,1787512288.4214394
1573,4657,p1,selection,198.10919189453125,1787512288.425479
1573,4658,p1,selection,251.51734924316406,1787512288.4294894
1573,4659,p1,selection,184.7816162109375,1787512288.4338415
1573,1572,p2,turn,9.679850578308105,1787512288.4461632
1573,4657,p2,selection,80.95525360107422,1787512288.4507027
1573,4658,p2,selection,116.84344482421875,1787512288.4548376
1573,4659,p2,selection,120.85357666015625,1787512288.4589138
1574,1573,p1,turn,9.292871475219727,1787512288.4769
1574,4660,p1,selection,214.90771484375,1787512288.4808521
1574,4661,p1,selection,129.9885711669922,1787512288.4853663
1574,4662,p1,selection,167.28378295898438,1787512288.4895701
1574,1573,p2,turn,11.013837814331055,1787512288.5019908
1574,4660,p2,selection,70.6629867553711,1787512288.5061398
1574,4661,p2,selection,101.59481811523438,1787512288.5102475
1574,4662,p2,selection,101.2179946899414,1787512288.5143654
1575,1574,p1,turn,6.533348083496094,1787512288.5695488
1575,4663,p1,selection,142.23045349121094,1787512288.57455
1575,4664,p1,selection,241.03109741210938,1787512288.5793567
1575,4665,p1,selection,261.7503662109375,1787512288.5839214
1575,1574,p2,turn,14.277050018310547,1787512288.595997
1575,4663,p2,selection,129.04379272460938,1787512288.6010513
1575,4664,p2,selection,141.17572021484375,1787512288.605982
1575,4665,p2,selection,127.82676696777344,1787512288.6115742
1576,1575,p1,turn,7.886448860168457,1787512288.6452668
1576,4666,p1,selection,254.31008911132812,1787512288.6492586
1576,4667,p1,selection,231.27354431152344,1787512288.6537614
1576,4668,p1,selection,208.04994201660156,1787512288.6584907
1576,1575,p2,turn,10.560636520385742,1787512288.6737046
1576,4666,p2,selection,140.7295684814453,1787512288.6789644
1576,4667,p2,selection,145.5250701904297,1787512288.6851573
1576,4668,p2,selection,137.584716796875,1787512288.6912892
1577,1576,p1,turn,13.0853271484375,1787512288.7133634
1577,4669,p1,selection,200.59523010253906,1787512288.7176712
1577,4670,p1,selection,228.4442596435547,1787512288.723224
1577,4671,p1,selection,239.48406982421875,1787512288.7294042
1577,1576,p2,turn,13.761276245117188,1787512288.7440093
1577,4669,p2,selection,94.57925415039062,1787512288.7480752
1577,4670,p2,selection,181.3408203125,1787512288.7535212
1577,4671,p2,selection,115.69624328613281,1787512288.7575116
1578,1577,p1,turn,9.899717330932617,1787512288.7778275
1578,4672,p1,selection,157.6006622314453,1787512288.7817812
1578,4673,p1,selection,252.35755920410156,1787512288.7860925
1578,4674,p1,selection,177.3830108642578,1787512288.7903285
1578,1577,p2,turn,14.711201667785645,1787512288.8033035
1578,4672,p2,selection,158.98648071289062,1787512288.8073459
1578,4673,p2,selection,96.86488342285156,1787512288.8115044
1578,4674,p2,selection,141.70448303222656,1787512288.815669
1579,1578,p1,turn,9.378896713256836,1787512288.849335
1579,4675,p1,selection,212.76019287109375,1787512288.853858
1579,4676,p1,selection,165.65176391601562,1787512288.8580408
1579,4677,p1,selection,156.93301391601562,1787512288.8623285
1579,1578,p2,turn,11.585067749023438,1787512288.8774571
1579,4675,p2,selection,114.78379821777344,1787512288.8816195
1579,4676,p2,selection,189.38482666015625,1787512288.885826
1579,4677,p2,selection,112.36021423339844,1787512288.8900383
1580,1579,p1,turn,12.150118827819824,1787512288.9139428
1580,4678,p1,selection,119.03096771240234,1787512288.9183617
1580,4679,p1,selection,219.36224365234375,1787512288.9224544
1580,4680,p1,selection,187.0915985107422,1787512288.926528
1580,1579,p2,turn,10.752106666564941,1787512288.9388504
1580,4678,p2,selection,158.33633422851562,1787512288.9429064
1580,4679,p2,selection,135.86441040039062,1787512288.9468696
1580,4680,p2,selection,157.06939697265625,1787512288.9512773
1581,1580,p1,turn,10.660077095031738,1787512288.969225
1581,4681,p1,selection,237.92083740234375,1787512288.9732778
1581,4682,p1,selection,178.541015625,1787512288.977451
1581,4683,p1,selection,358.04364013671875,1787512288.981359
1581,1580,p2,turn,11.87539291381836,1787512288.9937367
1581,4681,p2,selection,132.19590759277344,1787512288.9990656
1581,4682,p2,selection,170.35939025878906,1787512289.0034132
1581,4683,p2,selection,128.2250213623047,1787512289.0073042
1582,1581,p1,turn,16.115694046020508,1787512289.0234077
1582,4684,p1,selection,183.68206787109375,1787512289.0275176
1582,4685,p1,selection,259.3064270019531,1787512289.0315597
1582,4686,p1,selection,164.10055541992188,1787512289.0357509
1582,1581,p2,turn,7.956239700317383,1787512289.0483863
1582,4684,p2,selection,144.5699005126953,1787512289.05252
1582,4685,p2,selection,93.90193939208984,1787512289.056736
1582,4686,p2,selection,122.96459197998047,1787512289.0608406
1583,1582,p1,turn,11.06954288482666,1787512289.0829976
1583,4687,p1,selection,239.09579467773438,1787512289.0874865
1583,4688,p1,selection,109.17758178710938,1787512289.0915365
1583,4689,p1,selection,225.05426025390625,1787512289.095359
1583,1582,p2,turn,11.238768577575684,1787512289.1073215
1583,4687,p2,selection,105.52503204345703,1787512289.1113856
1583,4688,p2,selection,113.68972778320312,1787512289.1152666
1583,4689,p2,selection,130.09271240234375,1787512289.1192758
1584,1583,p1,turn,11.376423835754395,1787512289.1492953
1584,4690,p1,selection,129.21768188476562,1787512289.1539094
1584,4691,p1,selection,167.51235961914062,1787512289.1578205
1584,4692,p1,selection,232.94117736816406,1787512289.1619096
1584,1583,p2,turn,10.018671035766602,1787512289.173482
1584,4690,p2,selection,143.47317504882812,1787512289.1775765
1584,4691,p2,selection,148.37579345703125,1787512289.1814992
1584,4692,p2,selection,142.78411865234375,1787512289.1855934
1585,1584,p1,turn,6.523991107940674,1787512289.2293677
1585,4693,p1,selection,199.2259979248047,1787512289.2332437
1585,4694,p1,selection,282.25830078125,1787512289.237185
1585,4695,p1,selection,200.33401489257812,1787512289.2408412
1585,1584,p2,turn,9.653243064880371,1787512289.2523687
1585,4693,p2,selection,110.7096939086914,1787512289.256205
1585,4694,p2,selection,117.73894500732422,1787512289.259851
1585,4695,p2,selection,122.2409439086914,1787512289.2636292
1586,1585,p1,turn,14.401154518127441,1787512289.2866175
1586,4696,p1,selection,186.16453552246094,1787512289.2903707
1586,4697,p1,selection,179.38885498046875,1787512289.2940526
1586,4698,p1,selection,169.71905517578125,1787512289.2976892
1586,1585,p2,turn,11.43465518951416,1787512289.3089693
1586,4696,p2,selection,137.3115692138672,1787512289.31263
1586,4697,p2,selection,141.639404296875,1787512289.316548
1586,4698,p2,selection,142.43560791015625,1787512289.3204515
1587,1586,p1,turn,9.87013053894043,1787512289.3433397
1587,4699,p1,selection,180.4823760986328,1787512289.3496988
1587,4700,p1,selection,117.29376220703125,1787512289.356828
1587,4701,p1,selection,259.6100158691406,1787512289.3632984
1587,1586,p2,turn,13.143799781799316,1787512289.3815367
1587,4699,p2,selection,123.36125183105469,1787512289.3879967
1587,4700,p2,selection,102.0683822631836,1787512289.3922842
1587,4701,p2,selection,104.0692367553711,1787512289.3964665
1588,1587,p1,turn,9.621969223022461,1787512289.4156027
1588,4702,p1,selection,239.0033416748047,1787512289.419716
1588,4703,p1,selection,171.2139892578125,1787512289.42352
1588,4704,p1,selection,198.63990783691406,1787512289.4271913
1588,1587,p2,turn,7.055728912353516,1787512289.438758
1588,4702,p2,selection,128.4058837890625,1787512289.4425123
1588,4703,p2,selection,121.76048278808594,1787512289.4461746
1588,4704,p2,selection,120.0736312866211,1787512289.4500425
1589,1588,p1,turn,4.843977928161621,1787512289.4739974
1589,4705,p1,selection,141.95547485351562,1787512289.4777036
1589,4706,p1,selection,179.96832275390625,1787512289.4818814
1589,4707,p1,selection,186.16943359375,1787512289.4865203
1589,1588,p2,turn,9.19206428527832,1787512289.5003345
1589,4705,p2,selection,139.90904235839844,1787512289.5049531
1589,4706,p2,selection,86.91571807861328,1787512289.509535
1589,4707,p2,selection,107.37476348876953,1787512289.5133586
1590,1589,p1,turn,10.327876091003418,1787512289.5320747
1590,4708,p1,selection,186.8546905517578,1787512289.5360281
1590,4709,p1,selection,195.40435791015625,1787512289.5398254
1590,4710,p1,selection,141.11619567871094,1787512289.5437284
1590,1589,p2,turn,10.834314346313477,1787512289.555122
1590,4708,p2,selection,168.21405029296875,1787512289.5588048
1590,4709,p2,selection,122.3416748046875,1787512289.5624278
1590,4710,p2,selection,104.43079376220703,1787512289.5661092
1591,1590,p1,turn,8.856332778930664,1787512289.586594
1591,4711,p1,selection,205.913818359375,1787512289.590541
1591,4712,p1,selection,191.06515502929688,1787512289.5945513
1591,4713,p1,selection,154.6968994140625,1787512289.5982406
1591,1590,p2,turn,17.26849937438965,1787512289.6098902
1591,4711,p2,selection,166.67178344726562,1787512289.6135855
1591,4712,p2,selection,73.19068908691406,1787512289.617612
1591,4713,p2,selection,153.460205078125,1787512289.6214886
1592,1591,p1,turn,10.526026725769043,1787512289.641209
1592,4714,p1,selection,199.54937744140625,1787512289.6449132
1592,4715,p1,selection,182.82212829589844,1787512289.6485991
1592,4716,p1,selection,143.3094940185547,1787512289.652679
1592,1591,p2,turn,11.882349014282227,1787512289.66806
1592,4714,p2,selection,115.45901489257812,1787512289.6723611
1592,4715,p2,selection,170.23663330078125,1787512289.6760437
1592,4716,p2,selection,89.85192108154297,1787512289.6798089
1593,1592,p1,turn,14.632914543151855,1787512289.7099462
1593,4717,p1,selection,317.1403503417969,1787512289.7136438
1593,4718,p1,selection,291.5712890625,1787512289.717774
1593,4719,p1,selection,224.3544158935547,1787512289.7215893
1593,1592,p2,turn,11.41785717010498,1787512289.733244
1593,4717,p2,selection,174.7268829345703,1787512289.7371764
1593,4718,p2,selection,119.08708190917969,1787512289.7408302
1593,4719,p2,selection,139.287109375,1787512289.7445161
1594,1593,p1,turn,10.482248306274414,1787512289.764459
1594,4720,p1,selection,224.31251525878906,1787512289.7684076
1594,4721,p1,selection,200.7790985107422,1787512289.7722013
1594,4722,p1,selection,220.11558532714844,1787512289.7758446
1594,1593,p2,turn,11.66955280303955,1787512289.787617
1594,4720,p2,selection,163.95790100097656,1787512289.7912796
1594,4721,p2,selection,186.43312072753906,1787512289.7950377
1594,4722,p2,selection,113.85122680664062,1787512289.7987115
1595,1594,p1,turn,11.802961349487305,1787512289.818274
1595,4723,p1,selection,128.69850158691406,1787512289.8220444
1595,4724,p1,selection,155.46688842773438,1787512289.8256588
1595,4725,p1,selection,162.26849365234375,1787512289.8292918
1595,1594,p2,turn,11.484346389770508,1787512289.840984
1595,4723,p2,selection,109.26036834716797,1787512289.845454
1595,4724,p2,selection,105.99085998535156,1787512289.8491018
1595,4725,p2,selection,158.82382202148438,1787512289.853153
1596,1595,p1,turn,10.111183166503906,1787512289.870661
1596,4726,p1,selection,223.95217895507812,1787512289.8743641
1596,4727,p1,selection,218.349365234375,1787512289.878401
1596,4728,p1,selection,249.54466247558594,1787512289.8834891
1596,1595,p2,turn,9.341558456420898,1787512289.9001493
1596,4726,p2,selection,112.6839828491211,1787512289.9052293
1596,4727,p2,selection,123.9190902709961,1787512289.91038
1596,4728,p2,selection,123.78707885742188,1787512289.915838
1597,1596,p1,turn,9.753870010375977,1787512289.9403434
1597,4729,p1,selection,133.246337890625,1787512289.9441123
1597,4730,p1,selection,127.70197296142578,1787512289.9478538
1597,4731,p1,selection,229.26670837402344,1787512289.9518325
1597,1596,p2,turn,9.759825706481934,1787512289.9631145
1597,4729,p2,selection,159.3122100830078,1787512289.96716
1597,4730,p2,selection,133.01988220214844,1787512289.9709575
1597,4731,p2,selection,121.79158020019531,1787512289.9746625
1598,1597,p1,turn,8.680366516113281,1787512290.0289886
1598,4732,p1,selection,195.05906677246094,1787512290.0327575
1598,4733,p1,selection,146.9676513671875,1787512290.0367994
1598,4734,p1,selection,164.1688690185547,1787512290.040543
1598,1597,p2,turn,9.39954662322998,1787512290.0524063
1598,4732,p2,selection,174.09835815429688,1787512290.0562098
1598,4733,p2,selection,135.56288146972656,1787512290.0599334
1598,4734,p2,selection,120.0777587890625,1787512290.0636315
1599,1598,p1,turn,9.785237312316895,1787512290.0948825
1599,4735,p1,selection,360.2004089355469,1787512290.0985484
1599,4736,p1,selection,188.8940887451172,1787512290.1025152
1599,4737,p1,selection,270.49365234375,1787512290.106336
1599,1598,p2,turn,8.26689624786377,1787512290.1189127
1599,4735,p2,selection,152.4062957763672,1787512290.1227324
1599,4736,p2,selection,122.37348937988281,1787512290.1264613
1599,4737,p2,selection,177.10496520996094,1787512290.130132
1600,1599,p1,turn,11.484213829040527,1787512290.1466637
1600,4738,p1,selection,198.9407958984375,1787512290.1506968
1600,4739,p1,selection,122.31770324707031,1787512290.1545784
1600,4740,p1,selection,167.55760192871094,1787512290.158282
1600,1599,p2,turn,11.490631103515625,1787512290.17009
1600,4738,p2,selection,154.2170867919922,1787512290.1738498
1600,4739,p2,selection,98.45057678222656,1787512290.177494
1600,4740,p2,selection,112.89567565917969,1787512290.1811767
1601,1600,p1,turn,13.608344078063965,1787512290.2054143
1601,4741,p1,selection,168.06118774414062,1787512290.210053
1601,4742,p1,selection,228.97296142578125,1787512290.2145302
1601,4743,p1,selection,154.2847900390625,1787512290.2192266
1601,1600,p2,turn,10.706232070922852,1787512290.2348182
1601,4741,p2,selection,100.1455307006836,1787512290.239367
1601,4742,p2,selection,99.14797973632812,1787512290.2438035
1601,4743,p2,selection,159.00543212890625,1787512290.2482288
1602,1601,p1,turn,10.688089370727539,1787512290.2753966
1602,4744,p1,selection,222.75393676757812,1787512290.2790873
1602,4745,p1,selection,190.85914611816406,1787512290.2831218
1602,4746,p1,selection,192.722412109375,1787512290.2869737
1602,1601,p2,turn,12.716621398925781,1787512290.298164
1602,4744,p2,selection,136.07899475097656,1787512290.3021126
1602,4745,p2,selection,125.13246154785156,1787512290.3058693
1602,4746,p2,selection,101.57011413574219,1787512290.3095334
1603,1602,p1,turn,10.954696655273438,1787512290.3399928
1603,4747,p1,selection,140.2992401123047,1787512290.3438237
1603,4748,p1,selection,246.26116943359375,1787512290.347719
1603,4749,p1,selection,198.41346740722656,1787512290.3518715
1603,1602,p2,turn,9.174278259277344,1787512290.363367
1603,4747,p2,selection,161.23431396484375,1787512290.367376
1603,4748,p2,selection,92.21666717529297,1787512290.371205
1603,4749,p2,selection,156.95510864257812,1787512290.3748467
1604,1603,p1,turn,6.68287467956543,1787512290.399865
1604,4750,p1,selection,198.7064666748047,1787512290.4042807
1604,4751,p1,selection,147.9405059814453,1787512290.4083867
1604,4752,p1,selection,243.02273559570312,1787512290.4123764
1604,1603,p2,turn,8.89983081817627,1787512290.4245565
1604,4750,p2,selection,137.85533142089844,1787512290.4288478
1604,4751,p2,selection,123.10020446777344,1787512290.4332616
1604,4752,p2,selection,122.07310485839844,1787512290.4375036
1605,1604,p1,turn,8.255267143249512,1787512290.4696517
1605,4753,p1,selection,243.26058959960938,1787512290.47457
1605,4754,p1,selection,246.1923370361328,1787512290.4792252
1605,4755,p1,selection,224.8567352294922,1787512290.4840362
1605,1604,p2,turn,7.582061290740967,1787512290.496282
1605,4753,p2,selection,149.26222229003906,1787512290.5006742
1605,4754,p2,selection,134.0039825439453,1787512290.5047078
1605,4755,p2,selection,146.86141967773438,1787512290.508711
1606,1605,p1,turn,13.01417350769043,1787512290.5282714
1606,4756,p1,selection,204.60052490234375,1787512290.5322928
1606,4757,p1,selection,174.67254638671875,1787512290.5365477
1606,4758,p1,selection,196.64776611328125,1787512290.5407124
1606,1605,p2,turn,8.662625312805176,1787512290.5530965
1606,4756,p2,selection,129.819091796875,1787512290.5572963
1606,4757,p2,selection,172.96275329589844,1787512290.5612319
1606,4758,p2,selection,175.27413940429688,1787512290.5651093
1607,1606,p1,turn,10.417553901672363,1787512290.5863452
1607,4759,p1,selection,132.79727172851562,1787512290.5903618
1607,4760,p1,selection,220.0155487060547,1787512290.5944777
1607,4761,p1,selection,154.1044158935547,1787512290.598716
1607,1606,p2,turn,7.867711067199707,1787512290.6112628
1607,4759,p2,selection,132.6761474609375,1787512290.615747
1607,4760,p2,selection,119.58317565917969,1787512290.6202714
1607,4761,p2,selection,166.89442443847656,1787512290.624349
1608,1607,p1,turn,9.550315856933594,1787512290.6448529
1608,4762,p1,selection,171.4578094482422,1787512290.6494367
1608,4763,p1,selection,218.05593872070312,1787512290.6540468
1608,4764,p1,selection,196.0798797607422,1787512290.658092
1608,1607,p2,turn,11.805204391479492,1787512290.6707354
1608,4762,p2,selection,152.5529327392578,1787512290.674804
1608,4763,p2,selection,131.61199951171875,1787512290.6790385
1608,4764,p2,selection,129.9432830810547,1787512290.6833997
1609,1608,p1,turn,8.536224365234375,1787512290.7048736
1609,4765,p1,selection,137.7495880126953,1787512290.708935
1609,4766,p1,selection,158.17904663085938,1787512290.7129292
1609,4767,p1,selection,162.9445037841797,1787512290.7171514
1609,1608,p2,turn,8.435039520263672,1787512290.729294
1609,4765,p2,selection,191.5801239013672,1787512290.7334733
1609,4766,p2,selection,159.16160583496094,1787512290.7376075
1609,4767,p2,selection,135.8118133544922,1787512290.7417119
1610,1609,p1,turn,10.34547233581543,1787512290.7661662
1610,4768,p1,selection,182.244140625,1787512290.7713878
1610,4769,p1,selection,159.40765380859375,1787512290.7755792
1610,4770,p1,selection,140.2535400390625,1787512290.7799592
1610,1609,p2,turn,9.810586929321289,1787512290.7963777
1610,4768,p2,selection,137.6036376953125,1787512290.8017976
1610,4769,p2,selection,94.98677062988281,1787512290.806217
1610,4770,p2,selection,124.29719543457031,1787512290.8105168
1611,1610,p1,turn,13.277593612670898,1787512290.8439832
1611,4771,p1,selection,200.8361358642578,1787512290.8489552
1611,4772,p1,selection,195.573486328125,1787512290.8541572
1611,4773,p1,selection,264.9312438964844,1787512290.858679
1611,1610,p2,turn,10.37582015991211,1787512290.8725114
1611,4771,p2,selection,97.77249145507812,1787512290.8774064
1611,4772,p2,selection,109.73399353027344,1787512290.8823063
1611,4773,p2,selection,108.16357421875,1787512290.8875058
1612,1611,p1,turn,12.700590133666992,1787512290.9167867
1612,4774,p1,selection,184.5333251953125,1787512290.9220665
1612,4775,p1,selection,167.00306701660156,1787512290.9271579
1612,4776,p1,selection,206.58975219726562,1787512290.932033
1612,1611,p2,turn,8.105586051940918,1787512290.9450827
1612,4774,p2,selection,151.2675018310547,1787512290.949216
1612,4775,p2,selection,156.81729125976562,1787512290.9542468
1612,4776,p2,selection,155.77731323242188,1787512290.9584012
1613,1612,p1,turn,10.955060958862305,1787512290.9827352
1613,4777,p1,selection,235.63909912109375,1787512290.987149
1613,4778,p1,selection,243.31201171875,1787512290.991422
1613,4779,p1,selection,126.09764862060547,1787512290.9956522
1613,1612,p2,turn,11.092167854309082,1787512291.0111392
1613,4777,p2,selection,93.92986297607422,1787512291.0164392
1613,4778,p2,selection,124.79039001464844,1787512291.021173
1613,4779,p2,selection,154.623779296875,1787512291.025168
1614,1613,p1,turn,13.222024917602539,1787512291.0486066
1614,4780,p1,selection,195.29481506347656,1787512291.0529802
1614,4781,p1,selection,249.72598266601562,1787512291.0572438
1614,4782,p1,selection,197.184814453125,1787512291.06155
1614,1613,p2,turn,8.204005241394043,1787512291.0743911
1614,4780,p2,selection,89.29261779785156,1787512291.0784307
1614,4781,p2,selection,100.87078857421875,1787512291.0825214
1614,4782,p2,selection,100.3154296875,1787512291.0869207
1615,1614,p1,turn,6.2449493408203125,1787512291.119813
1615,4783,p1,selection,223.19589233398438,1787512291.123829
1615,4784,p1,selection,202.07769775390625,1787512291.1277952
1615,4785,p1,selection,213.40475463867188,1787512291.1318119
1615,1614,p2,turn,10.713847160339355,1787512291.147044
1615,4783,p2,selection,122.08548736572266,1787512291.1521769
1615,4784,p2,selection,154.32272338867188,1787512291.1570008
1615,4785,p2,selection,111.4119644165039,1787512291.1617272
1616,1615,p1,turn,11.487064361572266,1787512291.1874728
1616,4786,p1,selection,215.14666748046875,1787512291.1914687
1616,4787,p1,selection,166.54129028320312,1787512291.1954389
1616,4788,p1,selection,203.34115600585938,1787512291.1996005
1616,1615,p2,turn,7.871436595916748,1787512291.2121186
1616,4786,p2,selection,104.0956039428711,1787512291.216181
1616,4787,p2,selection,152.0103759765625,1787512291.220347
1616,4788,p2,selection,154.96212768554688,1787512291.2243156
1617,1616,p1,turn,13.416563034057617,1787512291.2417955
1617,4789,p1,selection,223.35317993164062,1787512291.2459955
1617,4790,p1,selection,113.78497314453125,1787512291.250348
1617,4791,p1,selection,191.2155303955078,1787512291.2555332
1617,1616,p2,turn,11.900035858154297,1787512291.2708588
1617,4789,p2,selection,105.91035461425781,1787512291.2748952
1617,4790,p2,selection,128.79981994628906,1787512291.2788284
1617,4791,p2,selection,129.75418090820312,1787512291.2828667
1618,1617,p1,turn,8.791873931884766,1787512291.3126194
1618,4792,p1,selection,143.40618896484375,1787512291.316714
1618,4793,p1,selection,170.84185791015625,1787512291.3207731
1618,4794,p1,selection,198.7349853515625,1787512291.3246326
1618,1617,p2,turn,13.95612907409668,1787512291.336861
1618,4792,p2,selection,92.4729232788086,1787512291.3409078
1618,4793,p2,selection,126.93888854980469,1787512291.3448722
1618,4794,p2,selection,139.72128295898438,1787512291.3494985
1619,1618,p1,turn,7.286247730255127,1787512291.3811433
1619,4795,p1,selection,197.55938720703125,1787512291.3851995
1619,4796,p1,selection,128.54156494140625,1787512291.3890345
1619,4797,p1,selection,236.33155822753906,1787512291.3926628
1619,1618,p2,turn,12.183237075805664,1787512291.4047265
1619,4795,p2,selection,141.10658264160156,1787512291.4083772
1619,4796,p2,selection,126.69654083251953,1787512291.4120767
1619,4797,p2,selection,144.82699584960938,1787512291.4157178
1620,1619,p1,turn,14.862520217895508,1787512291.4374473
1620,4798,p1,selection,308.37939453125,1787512291.4411619
1620,4799,p1,selection,195.62652587890625,1787512291.4448726
1620,4800,p1,selection,138.6140899658203,1787512291.4487758
1620,1619,p2,turn,8.232442855834961,1787512291.4609494
1620,4798,p2,selection,107.46709442138672,1787512291.4646318
1620,4799,p2,selection,164.99505615234375,1787512291.4685876
1620,4800,p2,selection,146.37327575683594,1787512291.472605
1621,1620,p1,turn,13.40990924835205,1787512291.4925134
1621,4801,p1,selection,144.53387451171875,1787512291.4962292
1621,4802,p1,selection,186.4593963623047,1787512291.5004056
1621,4803,p1,selection,135.53985595703125,1787512291.5042846
1621,1620,p2,turn,9.765066146850586,1787512291.5156686
1621,4801,p2,selection,86.77606964111328,1787512291.519761
1621,4802,p2,selection,145.3663787841797,1787512291.524351
1621,4803,p2,selection,164.96780395507812,1787512291.5280845
1622,1621,p1,turn,8.620062828063965,1787512291.548023
1622,4804,p1,selection,180.89572143554688,1787512291.5520587
1622,4805,p1,selection,136.19456481933594,1787512291.5559604
1622,4806,p1,selection,174.44940185546875,1787512291.5597699
1622,1621,p2,turn,14.494421005249023,1787512291.5715065
1622,4804,p2,selection,160.55596923828125,1787512291.576044
1622,4805,p2,selection,102.70016479492188,1787512291.580106
1622,4806,p2,selection,114.59422302246094,1787512291.5844939
1623,1622,p1,turn,9.730019569396973,1787512291.670927
1623,4807,p1,selection,224.97616577148438,1787512291.6758745
1623,4808,p1,selection,156.14486694335938,1787512291.6805403
1623,4809,p1,selection,280.0875549316406,1787512291.6848588
1623,1622,p2,turn,10.932086944580078,1787512291.696963
1623,4807,p2,selection,110.91104125976562,1787512291.702355
1623,4808,p2,selection,132.52377319335938,1787512291.7070365
1623,4809,p2,selection,133.17193603515625,1787512291.710888
1624,1623,p1,turn,10.262321472167969,1787512291.728368
1624,4810,p1,selection,196.45704650878906,1787512291.7326763
1624,4811,p1,selection,199.07339477539062,1787512291.7374048
1624,4812,p1,selection,186.980224609375,1787512291.7421362
1624,1623,p2,turn,10.585721969604492,1787512291.756614
1624,4810,p2,selection,165.01101684570312,1787512291.7611933
1624,4811,p2,selection,127.66717529296875,1787512291.765817
1624,4812,p2,selection,136.81268310546875,1787512291.7704632
1625,1624,p1,turn,7.494784832000732,1787512291.8014808
1625,4813,p1,selection,248.52182006835938,1787512291.8063452
1625,4814,p1,selection,256.1845397949219,1787512291.8109915
1625,4815,p1,selection,169.13893127441406,1787512291.815597
1625,1624,p2,turn,9.165398597717285,1787512291.828531
1625,4813,p2,selection,125.98311614990234,1787512291.8324554
1625,4814,p2,selection,172.4415740966797,1787512291.8367674
1625,4815,p2,selection,139.0032958984375,1787512291.840723
1626,1625,p1,turn,8.960729598999023,1787512291.8647258
1626,4816,p1,selection,220.78460693359375,1787512291.869725
1626,4817,p1,selection,197.1522979736328,1787512291.8748636
1626,4818,p1,selection,142.80227661132812,1787512291.8798668
1626,1625,p2,turn,9.455401420593262,1787512291.894987
1626,4816,p2,selection,116.9746322631836,1787512291.9001417
1626,4817,p2,selection,126.86893463134766,1787512291.9056
1626,4818,p2,selection,103.6666488647461,1787512291.9100096
1627,1626,p1,turn,8.052837371826172,1787512291.9445043
1627,4819,p1,selection,158.34042358398438,1787512291.948583
1627,4820,p1,selection,190.3595428466797,1787512291.9534461
1627,4821,p1,selection,239.6068115234375,1787512291.9582312
1627,1626,p2,turn,9.145794868469238,1787512291.97383
1627,4819,p2,selection,135.18896484375,1787512291.9785886
1627,4820,p2,selection,143.30392456054688,1787512291.9833853
1627,4821,p2,selection,122.11460876464844,1787512291.987853
1628,1627,p1,turn,7.29974365234375,1787512292.0126424
1628,4822,p1,selection,106.648681640625,1787512292.016984
1628,4823,p1,selection,237.37985229492188,1787512292.0225866
1628,4824,p1,selection,168.3926239013672,1787512292.0275674
1628,1627,p2,turn,9.023397445678711,1787512292.0399187
1628,4822,p2,selection,157.7253875732422,1787512292.0439208
1628,4823,p2,selection,148.74722290039062,1787512292.0478256
1628,4824,p2,selection,141.6544647216797,1787512292.051891
1629,1628,p1,turn,9.805124282836914,1787512292.0764346
1629,4825,p1,selection,214.00999450683594,1787512292.08026
1629,4826,p1,selection,203.1980438232422,1787512292.0846078
1629,4827,p1,selection,204.13052368164062,1787512292.088521
1629,1628,p2,turn,6.325098991394043,1787512292.1004102
1629,4825,p2,selection,107.10408020019531,1787512292.1043637
1629,4826,p2,selection,124.20101928710938,1787512292.1082373
1629,4827,p2,selection,136.38031005859375,1787512292.1120439
1630,1629,p1,turn,8.95290756225586,1787512292.1435537
1630,4828,p1,selection,232.01043701171875,1787512292.147424
1630,4829,p1,selection,246.28475952148438,1787512292.1516242
1630,4830,p1,selection,152.18421936035156,1787512292.1555927
1630,1629,p2,turn,10.390238761901855,1787512292.1675935
1630,4828,p2,selection,158.24668884277344,1787512292.1715682
1630,4829,p2,selection,186.90773010253906,1787512292.1753917
1630,4830,p2,selection,125.72684478759766,1787512292.1792467
1631,1630,p1,turn,9.692920684814453,1787512292.2010565
1631,4831,p1,selection,271.99163818359375,1787512292.204982
1631,4832,p1,selection,159.03585815429688,1787512292.2088048
1631,4833,p1,selection,246.68711853027344,1787512292.2126591
1631,1630,p2,turn,10.590682983398438,1787512292.2250555
1631,4831,p2,selection,152.77261352539062,1787512292.2293825
1631,4832,p2,selection,218.7270965576172,1787512292.2335036
1631,4833,p2,selection,138.18084716796875,1787512292.237516
1632,1631,p1,turn,9.322712898254395,1787512292.2790422
1632,4834,p1,selection,184.72097778320312,1787512292.2830877
1632,4835,p1,selection,100.89824676513672,1787512292.2871466
1632,4836,p1,selection,212.32882690429688,1787512292.290987
1632,1631,p2,turn,7.726449489593506,1787512292.3030717
1632,4834,p2,selection,124.57977294921875,1787512292.3071015
1632,4835,p2,selection,172.92300415039062,1787512292.3109221
1632,4836,p2,selection,131.74134826660156,1787512292.314742
1633,1632,p1,turn,10.335553169250488,1787512292.3390121
1633,4837,p1,selection,108.56682586669922,1787512292.3428147
1633,4838,p1,selection,144.06527709960938,1787512292.3466482
1633,4839,p1,selection,173.53744506835938,1787512292.3507733
1633,1632,p2,turn,11.962796211242676,1787512292.3655384
1633,4837,p2,selection,168.5635223388672,1787512292.3701332
1633,4838,p2,selection,116.28936767578125,1787512292.3742564
1633,4839,p2,selection,134.6141357421875,1787512292.3785217
1634,1633,p1,turn,11.934553146362305,1787512292.420076
1634,4840,p1,selection,203.2135772705078,1787512292.4243991
1634,4841,p1,selection,103.76594543457031,1787512292.4284875
1634,4842,p1,selection,180.9842071533203,1787512292.4328742
1634,1633,p2,turn,11.251913070678711,1787512292.4452467
1634,4840,p2,selection,191.814453125,1787512292.4494922
1634,4841,p2,selection,130.62721252441406,1787512292.45399
1634,4842,p2,selection,115.64278411865234,1787512292.4580314
1635,1634,p1,turn,10.605844497680664,1787512292.4836843
1635,4843,p1,selection,80.6600570678711,1787512292.4880078
1635,4844,p1,selection,167.1748809814453,1787512292.492223
1635,4845,p1,selection,142.01187133789062,1787512292.4964466
1635,1634,p2,turn,10.642546653747559,1787512292.5084982
1635,4843,p2,selection,189.6000213623047,1787512292.5127163
1635,4844,p2,selection,103.16381072998047,1787512292.5174372
1635,4845,p2,selection,161.03427124023438,1787512292.5225372
1636,1635,p1,turn,10.860078811645508,1787512292.561652
1636,4846,p1,selection,223.21942138671875,1787512292.5657592
1636,4847,p1,selection,77.76457977294922,1787512292.5704048
1636,4848,p1,selection,150.30911254882812,1787512292.5747807
1636,1635,p2,turn,11.092815399169922,1787512292.588555
1636,4846,p2,selection,155.13668823242188,1787512292.5938082
1636,4847,p2,selection,90.3573226928711,1787512292.598609
1636,4848,p2,selection,131.04637145996094,1787512292.6040409
1637,1636,p1,turn,6.415461540222168,1787512292.6329331
1637,4849,p1,selection,190.6151580810547,1787512292.637752
1637,4850,p1,selection,226.60472106933594,1787512292.6422024
1637,4851,p1,selection,232.17369079589844,1787512292.646111
1637,1636,p2,turn,10.984440803527832,1787512292.6590557
1637,4849,p2,selection,116.04072570800781,1787512292.663133
1637,4850,p2,selection,176.091552734375,1787512292.6679885
1637,4851,p2,selection,164.54937744140625,1787512292.672173
1638,1637,p1,turn,11.930875778198242,1787512292.6931973
1638,4852,p1,selection,221.6407470703125,1787512292.6971996
1638,4853,p1,selection,156.00848388671875,1787512292.701554
1638,4854,p1,selection,173.80142211914062,1787512292.7055926
1638,1637,p2,turn,7.909638404846191,1787512292.7195485
1638,4852,p2,selection,112.8248291015625,1787512292.7245805
1638,4853,p2,selection,108.19904327392578,1787512292.7297618
1638,4854,p2,selection,116.90402221679688,1787512292.7351224
1639,1638,p1,turn,11.125884056091309,1787512292.7663627
1639,4855,p1,selection,191.65219116210938,1787512292.7716186
1639,4856,p1,selection,205.92933654785156,1787512292.7765636
1639,4857,p1,selection,123.07461547851562,1787512292.7815518
1639,1638,p2,turn,12.047508239746094,1787512292.797152
1639,4855,p2,selection,103.04412841796875,1787512292.8026829
1639,4856,p2,selection,175.6600341796875,1787512292.8082862
1639,4857,p2,selection,114.24122619628906,1787512292.814371
1640,1639,p1,turn,11.706382751464844,1787512292.8407114
1640,4858,p1,selection,188.86827087402344,1787512292.8455908
1640,4859,p1,selection,202.826416015625,1787512292.85094
1640,4860,p1,selection,226.55792236328125,1787512292.8561761
1640,1639,p2,turn,13.822951316833496,1787512292.8729093
1640,4858,p2,selection,152.36334228515625,1787512292.8768384
1640,4859,p2,selection,88.68869018554688,1787512292.880696
1640,4860,p2,selection,128.4851531982422,1787512292.8855076
1641,1640,p1,turn,10.455191612243652,1787512292.9772468
1641,4861,p1,selection,225.84120178222656,1787512292.9813452
1641,4862,p1,selection,128.4311981201172,1787512292.9855108
1641,4863,p1,selection,168.19178771972656,1787512292.98959
1641,1640,p2,turn,12.200692176818848,1787512293.002204
1641,4861,p2,selection,152.6074676513672,1787512293.0062253
1641,4862,p2,selection,91.69244384765625,1787512293.010082
1641,4863,p2,selection,114.51624298095703,1787512293.0139463
1642,1641,p1,turn,9.9882230758667,1787512293.0391529
1642,4864,p1,selection,174.22108459472656,1787512293.0431867
1642,4865,p1,selection,110.03530883789062,1787512293.0471334
1642,4866,p1,selection,145.7477569580078,1787512293.0511599
1642,1641,p2,turn,7.730937957763672,1787512293.0641036
1642,4864,p2,selection,117.16081237792969,1787512293.0696645
1642,4865,p2,selection,136.55213928222656,1787512293.0752842
1642,4866,p2,selection,155.18936157226562,1787512293.0796041
1643,1642,p1,turn,12.34111213684082,1787512293.1146696
1643,4867,p1,selection,204.4614715576172,1787512293.1190896
1643,4868,p1,selection,229.2581024169922,1787512293.1233346
1643,4869,p1,selection,283.26104736328125,1787512293.1271687
1643,1642,p2,turn,10.969661712646484,1787512293.139456
1643,4867,p2,selection,137.53775024414062,1787512293.1434443
1643,4868,p2,selection,163.0787811279297,1787512293.1472666
1643,4869,p2,selection,109.48072052001953,1787512293.15152
1644,1643,p1,turn,10.10502815246582,1787512293.1783142
1644,4870,p1,selection,185.6376190185547,1787512293.182496
1644,4871,p1,selection,256.81744384765625,1787512293.186601
1644,4872,p1,selection,156.72535705566406,1787512293.1903958
1644,1643,p2,turn,8.132211685180664,1787512293.2016766
1644,4870,p2,selection,120.87059020996094,1787512293.2054768
1644,4871,p2,selection,179.2630157470703,1787512293.2091374
1644,4872,p2,selection,101.75379943847656,1787512293.2127638
1645,1644,p1,turn,10.778642654418945,1787512293.231358
1645,4873,p1,selection,192.3320770263672,1787512293.235302
1645,4874,p1,selection,154.6261749267578,1787512293.2396297
1645,4875,p1,selection,218.81573486328125,1787512293.2440476
1645,1644,p2,turn,10.829455375671387,1787512293.2580397
1645,4873,p2,selection,106.08887481689453,1787512293.2625194
1645,4874,p2,selection,159.53997802734375,1787512293.2669215
1645,4875,p2,selection,118.26525115966797,1787512293.2709055
1646,1645,p1,turn,10.255868911743164,1787512293.3099344
1646,4876,p1,selection,232.61798095703125,1787512293.3136437
1646,4877,p1,selection,114.60554504394531,1787512293.3174844
1646,4878,p1,selection,171.53952026367188,1787512293.3212757
1646,1645,p2,turn,10.364242553710938,1787512293.3324404
1646,4876,p2,selection,123.23656463623047,1787512293.336627
1646,4877,p2,selection,124.20072937011719,1787512293.340388
1646,4878,p2,selection,157.05230712890625,1787512293.3440833
1647,1646,p1,turn,13.16599178314209,1787512293.3722858
1647,4879,p1,selection,214.00897216796875,1787512293.3760247
1647,4880,p1,selection,225.86666870117188,1787512293.379771
1647,4881,p1,selection,170.29641723632812,1787512293.3836944
1647,1646,p2,turn,12.685098648071289,1787512293.3949656
1647,4879,p2,selection,129.70375061035156,1787512293.3987215
1647,4880,p2,selection,136.4991912841797,1787512293.402678
1647,4881,p2,selection,109.71582794189453,1787512293.4064138
1648,1647,p1,turn,8.127387046813965,1787512293.425779
1648,4882,p1,selection,168.86419677734375,1787512293.4295506
1648,4883,p1,selection,199.67608642578125,1787512293.433513
1648,4884,p1,selection,175.44207763671875,1787512293.4372952
1648,1647,p2,turn,11.670666694641113,1787512293.4483924
1648,4882,p2,selection,116.38531494140625,1787512293.4525602
1648,4883,p2,selection,155.3849334716797,1787512293.4564202
1648,4884,p2,selection,154.04010009765625,1787512293.4602616
1649,1648,p1,turn,13.262953758239746,1787512293.4928946
1649,4885,p1,selection,174.8057861328125,1787512293.496705
1649,4886,p1,selection,226.68478393554688,1787512293.5007653
1649,4887,p1,selection,241.3986358642578,1787512293.504702
1649,1648,p2,turn,11.596529006958008,1787512293.5162737
1649,4885,p2,selection,115.89392852783203,1787512293.5202365
1649,4886,p2,selection,166.2711639404297,1787512293.5240686
1649,4887,p2,selection,155.34994506835938,1787512293.527889
1650,1649,p1,turn,7.480515003204346,1787512293.5546565
1650,4888,p1,selection,229.9555206298828,1787512293.5585492
1650,4889,p1,selection,162.35475158691406,1787512293.562284
1650,4890,p1,selection,181.07620239257812,1787512293.5660086
1650,1649,p2,turn,15.477717399597168,1787512293.5775793
1650,4888,p2,selection,103.89998626708984,1787512293.58139
1650,4889,p2,selection,171.70437622070312,1787512293.5852711
1650,4890,p2,selection,137.02003479003906,1787512293.5891497
1651,1650,p1,turn,11.534048080444336,1787512293.613836
1651,4891,p1,selection,220.0550079345703,1787512293.6181045
1651,4892,p1,selection,135.5030975341797,1787512293.6219697
1651,4893,p1,selection,194.43601989746094,1787512293.6257164
1651,1650,p2,turn,10.207883834838867,1787512293.6379845
1651,4891,p2,selection,115.89533996582031,1787512293.641847
1651,4892,p2,selection,130.9017791748047,1787512293.6456058
1651,4893,p2,selection,165.6217041015625,1787512293.6494403
1652,1651,p1,turn,10.620203971862793,1787512293.69087
1652,4894,p1,selection,171.92019653320312,1787512293.694747
1652,4895,p1,selection,165.22976684570312,1787512293.698823
1652,4896,p1,selection,202.91806030273438,1787512293.703069
1652,1651,p2,turn,8.826818466186523,1787512293.7159753
1652,4894,p2,selection,130.99575805664062,1787512293.7201204
1652,4895,p2,selection,164.464599609375,1787512293.7240937
1652,4896,p2,selection,163.5662841796875,1787512293.7279303
1653,1652,p1,turn,13.669642448425293,1787512293.746169
1653,4897,p1,selection,238.67507934570312,1787512293.7501633
1653,4898,p1,selection,229.0694580078125,1787512293.7541456
1653,4899,p1,selection,246.02963256835938,1787512293.757967
1653,1652,p2,turn,13.787092208862305,1787512293.7701786
1653,4897,p2,selection,97.0477066040039,1787512293.7743282
1653,4898,p2,selection,83.92190551757812,1787512293.779287
1653,4899,p2,selection,95.48648834228516,1787512293.7840948
1654,1653,p1,turn,13.070816040039062,1787512293.806962
1654,4900,p1,selection,182.58660888671875,1787512293.8119733
1654,4901,p1,selection,146.56834411621094,1787512293.8170803
1654,4902,p1,selection,183.30775451660156,1787512293.8219464
1654,1653,p2,turn,11.282378196716309,1787512293.8364758
1654,4900,p2,selection,124.30841064453125,1787512293.8416617
1654,4901,p2,selection,121.11004638671875,1787512293.8453553
1654,4902,p2,selection,160.78443908691406,1787512293.849636
1655,1654,p1,turn,13.248299598693848,1787512293.869964
1655,4903,p1,selection,100.64825439453125,1787512293.8738282
1655,4904,p1,selection,235.2173309326172,1787512293.8775477
1655,4905,p1,selection,198.81117248535156,1787512293.8812277
1655,1654,p2,turn,11.673748016357422,1787512293.892357
1655,4903,p2,selection,112.04711151123047,1787512293.896019
1655,4904,p2,selection,132.82826232910156,1787512293.8997762
1655,4905,p2,selection,182.74703979492188,1787512293.9037914
1656,1655,p1,turn,6.0996198654174805,1787512293.9243357
1656,4906,p1,selection,204.06411743164062,1787512293.9280102
1656,4907,p1,selection,201.49588012695312,1787512293.9317381
1656,4908,p1,selection,163.2972412109375,1787512293.9355938
1656,1655,p2,turn,9.860898971557617,1787512293.9467487
1656,4906,p2,selection,126.33983612060547,1787512293.9507146
1656,4907,p2,selection,99.40866088867188,1787512293.9545586
1656,4908,p2,selection,97.04521179199219,1787512293.9583433
1657,1656,p1,turn,11.73574447631836,1787512293.9843664
1657,4909,p1,selection,236.73605346679688,1787512293.988198
1657,4910,p1,selection,170.5144805908203,1787512293.9919274
1657,4911,p1,selection,196.28338623046875,1787512293.9955769
1657,1656,p2,turn,10.481878280639648,1787512294.0073197
1657,4909,p2,selection,172.12435913085938,1787512294.011057
1657,4910,p2,selection,157.2266082763672,1787512294.0147111
1657,4911,p2,selection,162.9812774658203,1787512294.0185199
1658,1657,p1,turn,13.944467544555664,1787512294.0384052
1658,4912,p1,selection,233.3097686767578,1787512294.042656
1658,4913,p1,selection,189.65402221679688,1787512294.047419
1658,4914,p1,selection,179.96432495117188,1787512294.0520663
1658,1657,p2,turn,11.021751403808594,1787512294.0663464
1658,4912,p2,selection,149.03854370117188,1787512294.0709023
1658,4913,p2,selection,119.96041870117188,1787512294.0754175
1658,4914,p2,selection,127.07528686523438,1787512294.0831892
1659,1658,p1,turn,7.5343499183654785,1787512294.103964
1659,4915,p1,selection,161.2952880859375,1787512294.1077094
1659,4916,p1,selection,212.03854370117188,1787512294.1113493
1659,4917,p1,selection,169.54212951660156,1787512294.114985
1659,1658,p2,turn,11.993617057800293,1787512294.126876
1659,4915,p2,selection,116.0863037109375,1787512294.1305394
1659,4916,p2,selection,137.2121124267578,1787512294.1348054
1659,4917,p2,selection,104.6497802734375,1787512294.13869
1660,1659,p1,turn,7.845503807067871,1787512294.1878364
1660,4918,p1,selection,186.6641387939453,1787512294.1916363
1660,4919,p1,selection,258.15814208984375,1787512294.1953628
1660,4920,p1,selection,200.8775634765625,1787512294.1991563
1660,1659,p2,turn,11.214320182800293,1787512294.210502
1660,4918,p2,selection,90.88359832763672,1787512294.2142367
1660,4919,p2,selection,107.2663345336914,1787512294.2184463
1660,4920,p2,selection,132.47830200195312,1787512294.222309
1661,1660,p1,turn,8.793943405151367,1787512294.2440627
1661,4921,p1,selection,203.93478393554688,1787512294.2478182
1661,4922,p1,selection,241.8630828857422,1787512294.251799
1661,4923,p1,selection,137.45919799804688,1787512294.255697
1661,1660,p2,turn,8.840758323669434,1787512294.2686195
1661,4921,p2,selection,96.29235076904297,1787512294.273215
1661,4922,p2,selection,126.33538055419922,1787512294.2776399
1661,4923,p2,selection,146.1248321533203,1787512294.282101
1662,1661,p1,turn,12.172869682312012,1787512294.313122
1662,4924,p1,selection,270.3302917480469,1787512294.31724
1662,4925,p1,selection,190.88998413085938,1787512294.32116
1662,4926,p1,selection,119.55244445800781,1787512294.324821
1662,1661,p2,turn,9.454984664916992,1787512294.3367014
1662,4924,p2,selection,97.847900390625,1787512294.3405209
1662,4925,p2,selection,121.11249542236328,1787512294.3441417
1662,4926,p2,selection,96.70592498779297,1787512294.3478284
1663,1662,p1,turn,10.667710304260254,1787512294.3677154
1663,4927,p1,selection,232.90457153320312,1787512294.3722978
1663,4928,p1,selection,171.39456176757812,1787512294.3767812
1663,4929,p1,selection,232.18441772460938,1787512294.3812106
1663,1662,p2,turn,10.841238021850586,1787512294.394978
1663,4927,p2,selection,138.86959838867188,1787512294.3996422
1663,4928,p2,selection,155.4236602783203,1787512294.4043906
1663,4929,p2,selection,152.46095275878906,1787512294.408569
1664,1663,p1,turn,10.223397254943848,1787512294.444759
1664,4930,p1,selection,173.298828125,1787512294.4498088
1664,4931,p1,selection,166.23526000976562,1787512294.4547315
1664,4932,p1,selection,284.69573974609375,1787512294.459527
1664,1663,p2,turn,8.387544631958008,1787512294.4746006
1664,4930,p2,selection,120.8680648803711,1787512294.479388
1664,4931,p2,selection,161.97305297851562,1787512294.4845145
1664,4932,p2,selection,136.8035888671875,1787512294.4892378
1665,1664,p1,turn,11.205592155456543,1787512294.5285718
1665,4933,p1,selection,169.0601348876953,1787512294.532967
1665,4934,p1,selection,204.17013549804688,1787512294.5372643
1665,4935,p1,selection,201.9080352783203,1787512294.5413322
1665,1664,p2,turn,10.693096160888672,1787512294.5547771
1665,4933,p2,selection,124.06654357910156,1787512294.559222
1665,4934,p2,selection,144.7657470703125,1787512294.5633008
1665,4935,p2,selection,141.91213989257812,1787512294.5677872
1666,1665,p1,turn,8.722015380859375,1787512294.585655
1666,4936,p1,selection,191.31655883789062,1787512294.589734
1666,4937,p1,selection,186.31417846679688,1787512294.5937846
1666,4938,p1,selection,184.68170166015625,1787512294.5978413
1666,1665,p2,turn,10.40943431854248,1787512294.6101387
1666,4936,p2,selection,164.527587890625,1787512294.6141288
1666,4937,p2,selection,146.33865356445312,1787512294.618539
1666,4938,p2,selection,135.0350341796875,1787512294.6226673
1667,1666,p1,turn,9.103601455688477,1787512294.647132
1667,4939,p1,selection,162.65548706054688,1787512294.6515965
1667,4940,p1,selection,233.2873077392578,1787512294.6560616
1667,4941,p1,selection,125.27906036376953,1787512294.6614537
1667,1666,p2,turn,10.52464771270752,1787512294.6747413
1667,4939,p2,selection,98.69973754882812,1787512294.6787486
1667,4940,p2,selection,184.5288543701172,1787512294.682663
1667,4941,p2,selection,145.42388916015625,1787512294.686776
1668,1667,p1,turn,16.25142478942871,1787512294.711356
1668,4942,p1,selection,262.94500732421875,1787512294.7151768
1668,4943,p1,selection,186.10861206054688,1787512294.719542
1668,4944,p1,selection,216.14700317382812,1787512294.7235081
1668,1667,p2,turn,7.6357951164245605,1787512294.7358623
1668,4942,p2,selection,103.3082504272461,1787512294.740049
1668,4943,p2,selection,160.5846405029297,1787512294.743982
1668,4944,p2,selection,141.7196044921875,1787512294.7480996
1669,1668,p1,turn,12.50258731842041,1787512294.774438
1669,4945,p1,selection,186.9277801513672,1787512294.7785525
1669,4946,p1,selection,169.36888122558594,1787512294.782615
1669,4947,p1,selection,203.482177734375,1787512294.7870731
1669,1668,p2,turn,7.152008056640625,1787512294.7991433
1669,4945,p2,selection,113.53936004638672,1787512294.803621
1669,4946,p2,selection,153.65011596679688,1787512294.8078318
1669,4947,p2,selection,127.74357604980469,1787512294.8133507
1670,1669,p1,turn,7.898799419403076,1787512294.8480945
1670,4948,p1,selection,138.39385986328125,1787512294.852458
1670,4949,p1,selection,292.3502502441406,1787512294.8565834
1670,4950,p1,selection,206.61648559570312,1787512294.8609302
1670,1669,p2,turn,12.49136734008789,1787512294.8732486
1670,4948,p2,selection,95.86821746826172,1787512294.8773177
1670,4949,p2,selection,116.77538299560547,1787512294.8814495
1670,4950,p2,selection,122.45341491699219,1787512294.886165
1671,1670,p1,turn,8.786839485168457,1787512294.9445655
1671,4951,p1,selection,184.0218505859375,1787512294.9486647
1671,4952,p1,selection,176.20883178710938,1787512294.9530168
1671,4953,p1,selection,192.0464630126953,1787512294.9571083
1671,1670,p2,turn,7.367084503173828,1787512294.9698145
1671,4951,p2,selection,132.11119079589844,1787512294.973893
1671,4952,p2,selection,130.8724365234375,1787512294.9781017
1671,4953,p2,selection,122.2736587524414,1787512294.9821808
1672,1671,p1,turn,7.025203704833984,1787512295.0059202
1672,4954,p1,selection,172.2025604248047,1787512295.0098577
1672,4955,p1,selection,137.5701446533203,1787512295.0139074
1672,4956,p1,selection,160.02691650390625,1787512295.0181384
1672,1671,p2,turn,7.960907936096191,1787512295.0305564
1672,4954,p2,selection,164.97216796875,1787512295.0348618
1672,4955,p2,selection,202.54847717285156,1787512295.0389743
1672,4956,p2,selection,135.53656005859375,1787512295.0435007
1673,1672,p1,turn,9.896234512329102,1787512295.0664554
1673,4957,p1,selection,150.0275115966797,1787512295.0710588
1673,4958,p1,selection,136.1898956298828,1787512295.0752366
1673,4959,p1,selection,143.07337951660156,1787512295.0803432
1673,1672,p2,turn,9.155016899108887,1787512295.0963013
1673,4957,p2,selection,152.68099975585938,1787512295.1006513
1673,4958,p2,selection,79.43838500976562,1787512295.1048582
1673,4959,p2,selection,83.11288452148438,1787512295.1089087
1674,1673,p1,turn,9.052679061889648,1787512295.1332724
1674,4960,p1,selection,148.5472412109375,1787512295.1383448
1674,4961,p1,selection,138.51002502441406,1787512295.1430743
1674,4962,p1,selection,141.88589477539062,1787512295.1477637
1674,1673,p2,turn,9.268747329711914,1787512295.1629722
1674,4960,p2,selection,131.87124633789062,1787512295.1680493
1674,4961,p2,selection,131.35296630859375,1787512295.1731124
1674,4962,p2,selection,172.7037353515625,1787512295.1780014
1675,1674,p1,turn,10.399227142333984,1787512295.2052317
1675,4963,p1,selection,163.3491973876953,1787512295.208929
1675,4964,p1,selection,227.90919494628906,1787512295.2125335
1675,4965,p1,selection,132.04103088378906,1787512295.2163768
1675,1674,p2,turn,6.060471057891846,1787512295.2278626
1675,4963,p2,selection,139.3756103515625,1787512295.231484
1675,4964,p2,selection,146.1165771484375,1787512295.2354493
1675,4965,p2,selection,194.91033935546875,1787512295.2392247
1676,1675,p1,turn,10.228537559509277,1787512295.2760558
1676,4966,p1,selection,239.33087158203125,1787512295.279726
1676,4967,p1,selection,198.4572296142578,1787512295.28368
1676,4968,p1,selection,199.56674194335938,1787512295.2875123
1676,1675,p2,turn,9.031484603881836,1787512295.2990367
1676,4966,p2,selection,103.44966125488281,1787512295.3039377
1676,4967,p2,selection,93.298583984375,1787512295.308442
1676,4968,p2,selection,171.73423767089844,1787512295.312822
1677,1676,p1,turn,7.942268371582031,1787512295.3394597
1677,4969,p1,selection,149.28054809570312,1787512295.343079
1677,4970,p1,selection,155.11888122558594,1787512295.3466952
1677,4971,p1,selection,211.07435607910156,1787512295.3506074
1677,1676,p2,turn,11.493614196777344,1787512295.3617244
1677,4969,p2,selection,146.0498046875,1787512295.3654044
1677,4970,p2,selection,115.05268859863281,1787512295.3693607
1677,4971,p2,selection,124.06563568115234,1787512295.3731356
1678,1677,p1,turn,15.690698623657227,1787512295.4010262
1678,4972,p1,selection,208.29954528808594,1787512295.4048138
1678,4973,p1,selection,241.67742919921875,1787512295.4084678
1678,4974,p1,selection,207.32089233398438,1787512295.4122431
1678,1677,p2,turn,10.393117904663086,1787512295.4238825
1678,4972,p2,selection,91.8487548828125,1787512295.4275475
1678,4973,p2,selection,163.56222534179688,1787512295.431199
1678,4974,p2,selection,148.07713317871094,1787512295.4349644
1679,1678,p1,turn,9.234137535095215,1787512295.4641306
1679,4975,p1,selection,182.6439971923828,1787512295.4681282
1679,4976,p1,selection,208.1885528564453,1787512295.471985
1679,4977,p1,selection,258.211181640625,1787512295.4758468
1679,1678,p2,turn,6.5227813720703125,1787512295.487633
1679,4975,p2,selection,164.08267211914062,1787512295.491495
1679,4976,p2,selection,84.75245666503906,1787512295.4951773
1679,4977,p2,selection,103.42264556884766,1787512295.4988225
1680,1679,p1,turn,8.445411682128906,1787512295.5232692
1680,4978,p1,selection,135.0292205810547,1787512295.5269794
1680,4979,p1,selection,142.5970458984375,1787512295.5306375
1680,4980,p1,selection,186.1126708984375,1787512295.5346677
1680,1679,p2,turn,7.491205215454102,1787512295.5462632
1680,4978,p2,selection,162.0855255126953,1787512295.5502152
1680,4979,p2,selection,132.28858947753906,1787512295.554589
1680,4980,p2,selection,111.00943756103516,1787512295.5583668
1681,1680,p1,turn,11.07341194152832,1787512295.5803378
1681,4981,p1,selection,150.33544921875,1787512295.5844886
1681,4982,p1,selection,170.54864501953125,1787512295.588281
1681,4983,p1,selection,211.8148651123047,1787512295.5919507
1681,1680,p2,turn,11.838266372680664,1787512295.6040807
1681,4981,p2,selection,124.78692626953125,1787512295.6077847
1681,4982,p2,selection,145.610595703125,1787512295.611438
1681,4983,p2,selection,131.53567504882812,1787512295.6151319
1682,1681,p1,turn,12.327882766723633,1787512295.659641
1682,4984,p1,selection,176.18911743164062,1787512295.6633687
1682,4985,p1,selection,161.56005859375,1787512295.6674802
1682,4986,p1,selection,169.8513641357422,1787512295.6712794
1682,1681,p2,turn,8.244124412536621,1787512295.6826346
1682,4984,p2,selection,107.19507598876953,1787512295.6866071
1682,4985,p2,selection,157.87754821777344,1787512295.6902246
1682,4986,p2,selection,124.56362915039062,1787512295.6938963
1683,1682,p1,turn,6.801380634307861,1787512295.721142
1683,4987,p1,selection,279.7176208496094,1787512295.7247958
1683,4988,p1,selection,163.67904663085938,1787512295.7284453
1683,4989,p1,selection,210.2022247314453,1787512295.7320957
1683,1682,p2,turn,9.591384887695312,1787512295.743762
1683,4987,p2,selection,187.06735229492188,1787512295.7474542
1683,4988,p2,selection,149.1517333984375,1787512295.75137
1683,4989,p2,selection,185.55262756347656,1787512295.7551997
1684,1683,p1,turn,12.078971862792969,1787512295.7923574
1684,4990,p1,selection,183.18865966796875,1787512295.7960007
1684,4991,p1,selection,275.9809265136719,1787512295.8000038
1684,4992,p1,selection,122.7127685546875,1787512295.8039002
1684,1683,p2,turn,12.13871955871582,1787512295.8154583
1684,4990,p2,selection,132.53897094726562,1787512295.819516
1684,4991,p2,selection,158.44879150390625,1787512295.8234227
1684,4992,p2,selection,115.01921081542969,1787512295.8271122
1685,1684,p1,turn,14.662351608276367,1787512295.8516078
1685,4993,p1,selection,195.6604461669922,1787512295.855477
1685,4994,p1,selection,162.39247131347656,1787512295.85917
1685,4995,p1,selection,138.78472900390625,1787512295.86291
1685,1684,p2,turn,10.642304420471191,1787512295.874902
1685,4993,p2,selection,96.3506851196289,1787512295.878597
1685,4994,p2,selection,105.08895874023438,1787512295.8822682
1685,4995,p2,selection,156.93478393554688,1787512295.8863223
1686,1685,p1,turn,9.3722562789917,1787512295.904477
1686,4996,p1,selection,240.1997528076172,1787512295.9081798
1686,4997,p1,selection,147.41160583496094,1787512295.9120743
1686,4998,p1,selection,225.99423217773438,1787512295.9158175
1686,1685,p2,turn,12.268804550170898,1787512295.928186
1686,4996,p2,selection,112.13148498535156,1787512295.9318702
1686,4997,p2,selection,184.92576599121094,1787512295.9358604
1686,4998,p2,selection,129.02590942382812,1787512295.9398315
1687,1686,p1,turn,9.923383712768555,1787512295.9606638
1687,4999,p1,selection,169.89796447753906,1787512295.9643755
1687,5000,p1,selection,226.83807373046875,1787512295.9683993
1687,5001,p1,selection,168.6926727294922,1787512295.972306
1687,1686,p2,turn,6.404464244842529,1787512295.9839752
1687,4999,p2,selection,161.62049865722656,1787512295.9879081
1687,5000,p2,selection,116.62300109863281,1787512295.991812
1687,5001,p2,selection,203.46876525878906,1787512295.995471
1688,1687,p1,turn,9.8905029296875,1787512296.0182838
1688,5002,p1,selection,225.16195678710938,1787512296.022143
1688,5003,p1,selection,178.82363891601562,1787512296.0258741
1688,5004,p1,selection,282.92041015625,1787512296.0295615
1688,1687,p2,turn,8.759687423706055,1787512296.041593
1688,5002,p2,selection,138.2821807861328,1787512296.045314
1688,5003,p2,selection,170.50875854492188,1787512296.0489414
1688,5004,p2,selection,178.21922302246094,1787512296.0539918
1689,1688,p1,turn,10.5182523727417,1787512296.0832179
1689,5005,p1,selection,182.97520446777344,1787512296.0870676
1689,5006,p1,selection,161.7789306640625,1787512296.0907629
1689,5007,p1,selection,214.70106506347656,1787512296.0943623
1689,1688,p2,turn,11.00334644317627,1787512296.1055033
1689,5005,p2,selection,147.59475708007812,1787512296.1091988
1689,5006,p2,selection,126.34207916259766,1787512296.1128705
1689,5007,p2,selection,205.8439483642578,1787512296.1168032
1690,1689,p1,turn,13.429454803466797,1787512296.1407716
1690,5008,p1,selection,204.63507080078125,1787512296.144502
1690,5009,p1,selection,192.24249267578125,1787512296.1481562
1690,5010,p1,selection,200.18675231933594,1787512296.1521385
1690,1689,p2,turn,15.280448913574219,1787512296.163754
1690,5008,p2,selection,125.93293762207031,1787512296.1677496
1690,5009,p2,selection,103.49586486816406,1787512296.171626
1690,5010,p2,selection,125.7418441772461,1787512296.175311
1691,1690,p1,turn,8.371768951416016,1787512296.2004108
1691,5011,p1,selection,232.53738403320312,1787512296.204277
1691,5012,p1,selection,188.7491455078125,1787512296.2080815
1691,5013,p1,selection,251.24671936035156,1787512296.211744
1691,1690,p2,turn,13.074573516845703,1787512296.2233806
1691,5011,p2,selection,95.61061096191406,1787512296.2270644
1691,5012,p2,selection,157.75177001953125,1787512296.2306902
1691,5013,p2,selection,141.87631225585938,1787512296.234686
1692,1691,p1,turn,7.111775875091553,1787512296.2553308
1692,5014,p1,selection,216.25323486328125,1787512296.2590249
1692,5015,p1,selection,181.84738159179688,1787512296.2627034
1692,5016,p1,selection,189.0596466064453,1787512296.2666101
1692,1691,p2,turn,11.584944725036621,1787512296.278357
1692,5014,p2,selection,156.50762939453125,1787512296.2820144
1692,5015,p2,selection,144.14231872558594,1787512296.2860572
1692,5016,p2,selection,221.81881713867188,1787512296.289927
1693,1692,p1,turn,11.265298843383789,1787512296.3119624
1693,5017,p1,selection,222.89642333984375,1787512296.3156626
1693,5018,p1,selection,170.8929901123047,1787512296.3198848
1693,5019,p1,selection,212.77162170410156,1787512296.3236244
1693,1692,p2,turn,15.989745140075684,1787512296.3352864
1693,5017,p2,selection,127.65403747558594,1787512296.339108
1693,5018,p2,selection,150.08523559570312,1787512296.3427935
1693,5019,p2,selection,122.87049865722656,1787512296.3464284
1694,1693,p1,turn,10.264183044433594,1787512296.3689864
1694,5020,p1,selection,266.2807312011719,1787512296.37283
1694,5021,p1,selection,214.2864990234375,1787512296.3765163
1694,5022,p1,selection,199.7471160888672,1787512296.3801692
1694,1693,p2,turn,10.721866607666016,1787512296.3920646
1694,5020,p2,selection,186.47970581054688,1787512296.3957813
1694,5021,p2,selection,134.8419952392578,1787512296.4000356
1694,5022,p2,selection,133.6793670654297,1787512296.403922
1695,1694,p1,turn,9.69184398651123,1787512296.4229405
1695,5023,p1,selection,155.8199005126953,1787512296.4268718
1695,5024,p1,selection,164.703125,1787512296.4310765
1695,5025,p1,selection,171.81260681152344,1787512296.4352872
1695,1694,p2,turn,6.897274494171143,1787512296.4481325
1695,5023,p2,selection,100.69157409667969,1787512296.4526644
1695,5024,p2,selection,140.41575622558594,1787512296.456768
1695,5025,p2,selection,155.83071899414062,1787512296.4609582
1696,1695,p1,turn,10.355292320251465,1787512296.4951065
1696,5026,p1,selection,161.46493530273438,1787512296.4990911
1696,5027,p1,selection,257.1964416503906,1787512296.5035172
1696,5028,p1,selection,147.35714721679688,1787512296.5076144
1696,1695,p2,turn,7.208106517791748,1787512296.5199485
1696,5026,p2,selection,137.4911346435547,1787512296.5240228
1696,5027,p2,selection,144.45565795898438,1787512296.5279307
1696,5028,p2,selection,98.543701171875,1787512296.5319612
1697,1696,p1,turn,7.726434230804443,1787512296.5540147
1697,5029,p1,selection,185.54180908203125,1787512296.5580072
1697,5030,p1,selection,155.33848571777344,1787512296.5620449
1697,5031,p1,selection,228.0098114013672,1787512296.56627
1697,1696,p2,turn,6.518378257751465,1787512296.5783267
1697,5029,p2,selection,139.14407348632812,1787512296.5823216
1697,5030,p2,selection,117.66748046875,1787512296.586833
1697,5031,p2,selection,116.07833862304688,1787512296.591073
1698,1697,p1,turn,11.742698669433594,1787512296.6150002
1698,5032,p1,selection,219.6585235595703,1787512296.6190982
1698,5033,p1,selection,164.2545166015625,1787512296.623054
1698,5034,p1,selection,264.9325866699219,1787512296.626983
1698,1697,p2,turn,12.109864234924316,1787512296.6386595
1698,5032,p2,selection,154.0635986328125,1787512296.6424549
1698,5033,p2,selection,153.1046905517578,1787512296.6462202
1698,5034,p2,selection,175.34661865234375,1787512296.6502903
1699,1698,p1,turn,15.993478775024414,1787512296.67859
1699,5035,p1,selection,188.38587951660156,1787512296.6834767
1699,5036,p1,selection,191.31105041503906,1787512296.6888123
1699,5037,p1,selection,182.56283569335938,1787512296.6936607
1699,1698,p2,turn,10.018471717834473,1787512296.708375
1699,5035,p2,selection,117.27394104003906,1787512296.7132833
1699,5036,p2,selection,112.05378723144531,1787512296.7184181
1699,5037,p2,selection,100.51266479492188,1787512296.7233365
1700,1699,p1,turn,10.117624282836914,1787512296.7447069
1700,5038,p1,selection,164.2076873779297,1787512296.7486155
1700,5039,p1,selection,112.27348327636719,1787512296.7527292
1700,5040,p1,selection,203.5000762939453,1787512296.756973
1700,1699,p2,turn,7.634801387786865,1787512296.7688692
1700,5038,p2,selection,166.16070556640625,1787512296.772852
1700,5039,p2,selection,138.46141052246094,1787512296.776786
1700,5040,p2,selection,135.4107208251953,1787512296.7808123
1701,1700,p1,turn,9.946565628051758,1787512296.8152287
1701,5041,p1,selection,229.14080810546875,1787512296.8196964
1701,5042,p1,selection,178.55755615234375,1787512296.8244178
1701,5043,p1,selection,202.001220703125,1787512296.8284683
1701,1700,p2,turn,10.332951545715332,1787512296.8408468
1701,5041,p2,selection,171.18905639648438,1787512296.8449178
1701,5042,p2,selection,147.9197235107422,1787512296.8491726
1701,5043,p2,selection,134.8228759765625,1787512296.853476
1702,1701,p1,turn,10.423055648803711,1787512296.880062
1702,5044,p1,selection,130.08287048339844,1787512296.8846412
1702,5045,p1,selection,187.99696350097656,1787512296.8886492
1702,5046,p1,selection,227.62904357910156,1787512296.892507
1702,1701,p2,turn,9.765944480895996,1787512296.9047227
1702,5044,p2,selection,175.10304260253906,1787512296.9085505
1702,5045,p2,selection,166.16673278808594,1787512296.91238
1702,5046,p2,selection,119.72396850585938,1787512296.916345
1703,1702,p1,turn,10.291974067687988,1787512296.9353623
1703,5047,p1,selection,211.1099395751953,1787512296.9394102
1703,5048,p1,selection,248.68890380859375,1787512296.9434426
1703,5049,p1,selection,236.8155517578125,1787512296.9474952
1703,1702,p2,turn,11.749412536621094,1787512296.9595358
1703,5047,p2,selection,160.41468811035156,1787512296.9636183
1703,5048,p2,selection,171.090576171875,1787512296.9678516
1703,5049,p2,selection,117.40345764160156,1787512296.972179
1704,1703,p1,turn,7.941066741943359,1787512296.992648
1704,5050,p1,selection,177.53213500976562,1787512296.9968512
1704,5051,p1,selection,241.81736755371094,1787512297.0012832
1704,5052,p1,selection,184.864013671875,1787512297.0060892
1704,1703,p2,turn,12.137823104858398,1787512297.0192914
1704,5050,p2,selection,153.89840698242188,1787512297.0248694
1704,5051,p2,selection,162.94473266601562,1787512297.029799
1704,5052,p2,selection,138.08303833007812,1787512297.034993
1705,1704,p1,turn,10.126592636108398,1787512297.062568
1705,5053,p1,selection,210.7738800048828,1787512297.067814
1705,5054,p1,selection,189.22547912597656,1787512297.0728147
1705,5055,p1,selection,265.4233703613281,1787512297.0777209
1705,1704,p2,turn,13.802440643310547,1787512297.1206331
1705,5053,p2,selection,166.95968627929688,1787512297.1251547
1705,5054,p2,selection,153.75222778320312,1787512297.129806
1705,5055,p2,selection,109.11885070800781,1787512297.1383257
1706,1705,p1,turn,8.534860610961914,1787512297.1592822
1706,5056,p1,selection,220.66932678222656,1787512297.163566
1706,5057,p1,selection,195.97584533691406,1787512297.1688282
1706,5058,p1,selection,188.83810424804688,1787512297.1730235
1706,1705,p2,turn,8.501127243041992,1787512297.1856036
1706,5056,p2,selection,127.03855895996094,1787512297.189585
1706,5057,p2,selection,128.90550231933594,1787512297.1933482
1706,5058,p2,selection,85.53569030761719,1787512297.197061
1707,1706,p1,turn,10.889554977416992,1787512297.2240715
1707,5059,p1,selection,216.64813232421875,1787512297.2277539
1707,5060,p1,selection,185.025634765625,1787512297.2315922
1707,5061,p1,selection,174.25733947753906,1787512297.2354963
1707,1706,p2,turn,7.204444885253906,1787512297.2468038
1707,5059,p2,selection,77.29153442382812,1787512297.2509212
1707,5060,p2,selection,151.51248168945312,1787512297.2547402
1707,5061,p2,selection,135.1240997314453,1787512297.2584214
1708,1707,p1,turn,9.304668426513672,1787512297.2757554
1708,5062,p1,selection,150.22959899902344,1787512297.2795246
1708,5063,p1,selection,205.26150512695312,1787512297.283271
1708,5064,p1,selection,152.3926544189453,1787512297.2871346
1708,1707,p2,turn,8.73428726196289,1787512297.2981207
1708,5062,p2,selection,104.96260070800781,1787512297.3019106
1708,5063,p2,selection,119.09363555908203,1787512297.305725
1708,5064,p2,selection,158.48391723632812,1787512297.309381
1709,1708,p1,turn,9.303755760192871,1787512297.3332531
1709,5065,p1,selection,187.72134399414062,1787512297.3371415
1709,5066,p1,selection,226.49830627441406,1787512297.3416467
1709,5067,p1,selection,160.1593780517578,1787512297.3454468
1709,1708,p2,turn,9.322333335876465,1787512297.3568046
1709,5065,p2,selection,143.653564453125,1787512297.3604593
1709,5066,p2,selection,117.89381408691406,1787512297.364103
1709,5067,p2,selection,182.30592346191406,1787512297.368027
1710,1709,p1,turn,9.035898208618164,1787512297.3887455
1710,5068,p1,selection,185.8511505126953,1787512297.3924186
1710,5069,p1,selection,188.11456298828125,1787512297.396076
1710,5070,p1,selection,194.9109344482422,1787512297.399919
1710,1709,p2,turn,8.54625129699707,1787512297.4112175
1710,5068,p2,selection,150.682861328125,1787512297.4149034
1710,5069,p2,selection,176.2809295654297,1787512297.4186687
1710,5070,p2,selection,180.10423278808594,1787512297.4224596
1711,1710,p1,turn,5.2724127769470215,1787512297.4493198
1711,5071,p1,selection,167.61448669433594,1787512297.4533038
1711,5072,p1,selection,155.44970703125,1787512297.457032
1711,5073,p1,selection,89.41229248046875,1787512297.460723
1711,1710,p2,turn,5.826105117797852,1787512297.4723008
1711,5071,p2,selection,151.42120361328125,1787512297.4760423
1711,5072,p2,selection,98.67508697509766,1787512297.479794
1711,5073,p2,selection,213.39053344726562,1787512297.483701
1712,1711,p1,turn,11.000076293945312,1787512297.5043619
1712,5074,p1,selection,154.13180541992188,1787512297.5080566
1712,5075,p1,selection,199.59642028808594,1787512297.5117087
1712,5076,p1,selection,193.94903564453125,1787512297.5153677
1712,1711,p2,turn,11.35066032409668,1787512297.5268538
1712,5074,p2,selection,134.83355712890625,1787512297.5305111
1712,5075,p2,selection,173.87046813964844,1787512297.5344267
1712,5076,p2,selection,131.8175811767578,1787512297.5382643
1713,1712,p1,turn,10.349308967590332,1787512297.560143
1713,5077,p1,selection,126.85782623291016,1787512297.5638587
1713,5078,p1,selection,155.90162658691406,1787512297.5678556
1713,5079,p1,selection,164.1075897216797,1787512297.5717342
1713,1712,p2,turn,11.186519622802734,1787512297.5836403
1713,5077,p2,selection,131.5042266845703,1787512297.587582
1713,5078,p2,selection,88.32288360595703,1787512297.5914936
1713,5079,p2,selection,122.3322525024414,1787512297.5951934
1714,1713,p1,turn,9.900876998901367,1787512297.6294134
1714,5080,p1,selection,147.79757690429688,1787512297.6331565
1714,5081,p1,selection,134.06455993652344,1787512297.63703
1714,5082,p1,selection,150.2599639892578,1787512297.6407702
1714,1713,p2,turn,9.518229484558105,1787512297.6523616
1714,5080,p2,selection,165.62661743164062,1787512297.6561484
1714,5081,p2,selection,111.77147674560547,1787512297.6598258
1714,5082,p2,selection,149.42584228515625,1787512297.6634521
1715,1714,p1,turn,8.017220497131348,1787512297.6847389
1715,5083,p1,selection,208.3858642578125,1787512297.6893935
1715,5084,p1,selection,212.44544982910156,1787512297.6938655
1715,5085,p1,selection,141.90994262695312,1787512297.698362
1715,1714,p2,turn,14.11174488067627,1787512297.7125058
1715,5083,p2,selection,161.40573120117188,1787512297.7172856
1715,5084,p2,selection,161.50448608398438,1787512297.72201
1715,5085,p2,selection,124.91321563720703,1787512297.7256553
1716,1715,p1,turn,9.153849601745605,1787512297.747701
1716,5086,p1,selection,156.55165100097656,1787512297.7522354
1716,5087,p1,selection,178.59266662597656,1787512297.7568035
1716,5088,p1,selection,206.4422149658203,1787512297.7612104
1716,1715,p2,turn,9.327154159545898,1787512297.7756007
1716,5086,p2,selection,129.01837158203125,1787512297.780238
1716,5087,p2,selection,127.57251739501953,1787512297.7851534
1716,5088,p2,selection,171.22921752929688,1787512297.7899516
1717,1716,p1,turn,11.12135124206543,1787512297.8276336
1717,5089,p1,selection,154.1402587890625,1787512297.8312678
1717,5090,p1,selection,146.2507781982422,1787512297.8350422
1717,5091,p1,selection,187.74620056152344,1787512297.838802
1717,1716,p2,turn,11.818561553955078,1787512297.850343
1717,5089,p2,selection,122.00545501708984,1787512297.8541949
1717,5090,p2,selection,121.87248229980469,1787512297.85789
1717,5091,p2,selection,108.4225845336914,1787512297.861547
1718,1717,p1,turn,11.800402641296387,1787512297.9084592
1718,5092,p1,selection,134.84146118164062,1787512297.9121997
1718,5093,p1,selection,163.4365692138672,1787512297.9159136
1718,5094,p1,selection,221.21725463867188,1787512297.9199302
1718,1717,p2,turn,15.155560493469238,1787512297.93153
1718,5092,p2,selection,94.5637435913086,1787512297.9354587
1718,5093,p2,selection,187.63388061523438,1787512297.9390879
1718,5094,p2,selection,113.11967468261719,1787512297.94275
1719,1718,p1,turn,10.936003684997559,1787512297.9606051
1719,5095,p1,selection,157.7090301513672,1787512297.9642632
1719,5096,p1,selection,180.208984375,1787512297.9681628
1719,5097,p1,selection,312.97222900390625,1787512297.971921
1719,1718,p2,turn,12.664864540100098,1787512297.9831424
1719,5095,p2,selection,133.88983154296875,1787512297.9870222
1719,5096,p2,selection,173.06515502929688,1787512297.9907215
1719,5097,p2,selection,171.6408233642578,1787512297.9944115
1720,1719,p1,turn,13.454208374023438,1787512298.0162876
1720,5098,p1,selection,217.54684448242188,1787512298.0202124
1720,5099,p1,selection,233.61904907226562,1787512298.0238473
1720,5100,p1,selection,154.44326782226562,1787512298.0277135
1720,1719,p2,turn,13.648472785949707,1787512298.0389338
1720,5098,p2,selection,164.21731567382812,1787512298.042652
1720,5099,p2,selection,124.33998107910156,1787512298.0463111
1720,5100,p2,selection,127.35916900634766,1787512298.0504677
1721,1720,p1,turn,13.80837631225586,1787512298.0699964
1721,5101,p1,selection,226.65977478027344,1787512298.0736566
1721,5102,p1,selection,210.0116424560547,1787512298.0773082
1721,5103,p1,selection,153.8945770263672,1787512298.081169
1721,1720,p2,turn,13.12200927734375,1787512298.0951152
1721,5101,p2,selection,95.08167266845703,1787512298.0998578
1721,5102,p2,selection,117.38395690917969,1787512298.1048477
1721,5103,p2,selection,114.49077606201172,1787512298.1094859
1722,1721,p1,turn,8.849141120910645,1787512298.12668
1722,5104,p1,selection,207.28065490722656,1787512298.1303525
1722,5105,p1,selection,163.76809692382812,1787512298.1344988
1722,5106,p1,selection,166.82394409179688,1787512298.1382887
1722,1721,p2,turn,13.293684005737305,1787512298.1497777
1722,5104,p2,selection,165.13038635253906,1787512298.1537883
1722,5105,p2,selection,123.44620513916016,1787512298.1575708
1722,5106,p2,selection,159.1144256591797,1787512298.1612697
1723,1722,p1,turn,6.815985202789307,1787512298.1810899
1723,5107,p1,selection,138.2039031982422,1787512298.1850853
1723,5108,p1,selection,175.8126983642578,1787512298.188959
1723,5109,p1,selection,199.12586975097656,1787512298.1926517
1723,1722,p2,turn,13.831730842590332,1787512298.2044659
1723,5107,p2,selection,126.4681396484375,1787512298.2082012
1723,5108,p2,selection,118.04222106933594,1787512298.2119033
1723,5109,p2,selection,173.81671142578125,1787512298.215683
1724,1723,p1,turn,12.899686813354492,1787512298.2419474
1724,5110,p1,selection,188.4876708984375,1787512298.2456112
1724,5111,p1,selection,232.12518310546875,1787512298.2493608
1724,5112,p1,selection,185.7946014404297,1787512298.2533927
1724,1723,p2,turn,10.570137977600098,1787512298.2650445
1724,5110,p2,selection,198.63270568847656,1787512298.2690158
1724,5111,p2,selection,118.21161651611328,1787512298.2728424
1724,5112,p2,selection,143.8089599609375,1787512298.2765348
1725,1724,p1,turn,9.83677864074707,1787512298.3055508
1725,5113,p1,selection,128.601318359375,1787512298.3092122
1725,5114,p1,selection,215.46934509277344,1787512298.312885
1725,5115,p1,selection,126.62966918945312,1787512298.3169127
1725,1724,p2,turn,11.587143898010254,1787512298.3285239
1725,5113,p2,selection,160.49549865722656,1787512298.3321924
1725,5114,p2,selection,88.04167938232422,1787512298.3362515
1725,5115,p2,selection,111.31155395507812,1787512298.340097
1726,1725,p1,turn,8.514449119567871,1787512298.3629856
1726,5116,p1,selection,171.41311645507812,1787512298.36705
1726,5117,p1,selection,160.6958465576172,1787512298.3708794
1726,5118,p1,selection,311.00341796875,1787512298.3745384
1726,1725,p2,turn,7.725795269012451,1787512298.3862529
1726,5116,p2,selection,166.949462890625,1787512298.3901436
1726,5117,p2,selection,161.7763671875,1787512298.3943658
1726,5118,p2,selection,93.01426696777344,1787512298.3984547
1727,1726,p1,turn,10.157039642333984,1787512298.4359412
1727,5119,p1,selection,170.793701171875,1787512298.4412796
1727,5120,p1,selection,230.30982971191406,1787512298.4464617
1727,5121,p1,selection,206.36334228515625,1787512298.4522696
1727,1726,p2,turn,11.648067474365234,1787512298.4669344
1727,5119,p2,selection,139.98675537109375,1787512298.4725964
1727,5120,p2,selection,167.53683471679688,1787512298.478555
1727,5121,p2,selection,123.94548034667969,1787512298.4841394
1728,1727,p1,turn,9.412273406982422,1787512298.5668077
1728,5122,p1,selection,182.89059448242188,1787512298.5717406
1728,5123,p1,selection,171.94947814941406,1787512298.5778995
1728,5124,p1,selection,190.27227783203125,1787512298.581993
1728,1727,p2,turn,9.186859130859375,1787512298.595082
1728,5122,p2,selection,137.0963897705078,1787512298.5998986
1728,5123,p2,selection,161.38343811035156,1787512298.604474
1728,5124,p2,selection,164.5050048828125,1787512298.6093652
1729,1728,p1,turn,9.481937408447266,1787512298.6313856
1729,5125,p1,selection,118.43721771240234,1787512298.6361997
1729,5126,p1,selection,169.8387908935547,1787512298.6411736
1729,5127,p1,selection,161.35308837890625,1787512298.6461003
1729,1728,p2,turn,8.229374885559082,1787512298.662124
1729,5125,p2,selection,177.83721923828125,1787512298.6664221
1729,5126,p2,selection,139.86895751953125,1787512298.6706963
1729,5127,p2,selection,107.98036193847656,1787512298.67544
1730,1729,p1,turn,10.63882827758789,1787512298.7041
1730,5128,p1,selection,212.54779052734375,1787512298.709128
1730,5129,p1,selection,172.1340789794922,1787512298.7132726
1730,5130,p1,selection,175.13204956054688,1787512298.7181826
1730,1729,p2,turn,9.1435546875,1787512298.7347322
1730,5128,p2,selection,146.24514770507812,1787512298.7400582
1730,5129,p2,selection,132.2295684814453,1787512298.7452877
1730,5130,p2,selection,169.81854248046875,1787512298.750546
1731,1730,p1,turn,15.421468734741211,1787512298.778536
1731,5131,p1,selection,182.75918579101562,1787512298.7842932
1731,5132,p1,selection,210.0891571044922,1787512298.789266
1731,5133,p1,selection,190.8724365234375,1787512298.7943437
1731,1730,p2,turn,6.023784160614014,1787512298.8112874
1731,5131,p2,selection,126.2438735961914,1787512298.8174403
1731,5132,p2,selection,136.75070190429688,1787512298.822113
1731,5133,p2,selection,120.9528579711914,1787512298.8266041
1732,1731,p1,turn,11.926841735839844,1787512298.8890796
1732,5134,p1,selection,174.10519409179688,1787512298.89535
1732,5135,p1,selection,299.5400085449219,1787512298.9011018
1732,5136,p1,selection,142.7225799560547,1787512298.9054236
1732,1731,p2,turn,14.012527465820312,1787512298.918766
1732,5134,p2,selection,108.10742950439453,1787512298.9232342
1732,5135,p2,selection,99.59899139404297,1787512298.927417
1732,5136,p2,selection,84.31602478027344,1787512298.9315863
1733,1732,p1,turn,10.738580703735352,1787512298.9945164
1733,5137,p1,selection,200.6981658935547,1787512298.9997547
1733,5138,p1,selection,232.6123809814453,1787512299.0049162
1733,5139,p1,selection,205.73785400390625,1787512299.0099537
1733,1732,p2,turn,9.645347595214844,1787512299.024593
1733,5137,p2,selection,135.63040161132812,1787512299.028933
1733,5138,p2,selection,148.6309356689453,1787512299.0335193
1733,5139,p2,selection,146.6622314453125,1787512299.0390134
1734,1733,p1,turn,13.225414276123047,1787512299.1064007
1734,5140,p1,selection,226.79476928710938,1787512299.110961
1734,5141,p1,selection,158.66360473632812,1787512299.116415
1734,5142,p1,selection,193.3204345703125,1787512299.1219916
1734,1733,p2,turn,14.846076011657715,1787512299.1376379
1734,5140,p2,selection,119.00146484375,1787512299.1426911
1734,5141,p2,selection,135.05007934570312,1787512299.1473691
1734,5142,p2,selection,126.03577423095703,1787512299.1525772
1735,1734,p1,turn,7.742567539215088,1787512299.1824927
1735,5143,p1,selection,214.15814208984375,1787512299.1874595
1735,5144,p1,selection,205.212646484375,1787512299.1916099
1735,5145,p1,selection,129.37754821777344,1787512299.195672
1735,1734,p2,turn,11.66431999206543,1787512299.2081041
1735,5143,p2,selection,166.22171020507812,1787512299.212106
1735,5144,p2,selection,154.59872436523438,1787512299.2160885
1735,5145,p2,selection,104.74696350097656,1787512299.2204814
1736,1735,p1,turn,7.129763603210449,1787512299.2384315
1736,5146,p1,selection,212.7670135498047,1787512299.2423954
1736,5147,p1,selection,193.47393798828125,1787512299.2462945
1736,5148,p1,selection,195.5059814453125,1787512299.2504742
1736,1735,p2,turn,10.037337303161621,1787512299.2628534
1736,5146,p2,selection,184.98377990722656,1787512299.2670643
1736,5147,p2,selection,115.94231414794922,1787512299.2711194
1736,5148,p2,selection,129.94834899902344,1787512299.275051
1737,1736,p1,turn,7.989030361175537,1787512299.295167
1737,5149,p1,selection,223.29690551757812,1787512299.2991493
1737,5150,p1,selection,152.1737823486328,1787512299.3036613
1737,5151,p1,selection,164.01840209960938,1787512299.3076289
1737,1736,p2,turn,9.269747734069824,1787512299.3204513
1737,5149,p2,selection,145.3978271484375,1787512299.3244257
1737,5150,p2,selection,99.62007141113281,1787512299.3286676
1737,5151,p2,selection,159.24624633789062,1787512299.3327918
1738,1737,p1,turn,10.901611328125,1787512299.3579643
1738,5152,p1,selection,163.42681884765625,1787512299.3619533
1738,5153,p1,selection,136.64691162109375,1787512299.365832
1738,5154,p1,selection,202.38023376464844,1787512299.3700304
1738,1737,p2,turn,13.662432670593262,1787512299.3814945
1738,5152,p2,selection,160.81065368652344,1787512299.3855515
1738,5153,p2,selection,143.78712463378906,1787512299.3894665
1738,5154,p2,selection,158.73715209960938,1787512299.3932762
1739,1738,p1,turn,15.637410163879395,1787512299.414592
1739,5155,p1,selection,161.3798065185547,1787512299.4188194
1739,5156,p1,selection,139.06565856933594,1787512299.4227679
1739,5157,p1,selection,250.21986389160156,1787512299.4269388
1739,1738,p2,turn,11.017580032348633,1787512299.4387946
1739,5155,p2,selection,144.4743194580078,1787512299.4427037
1739,5156,p2,selection,115.65824890136719,1787512299.4465883
1739,5157,p2,selection,158.22792053222656,1787512299.450841
1740,1739,p1,turn,9.603832244873047,1787512299.4819753
1740,5158,p1,selection,196.11026000976562,1787512299.4861507
1740,5159,p1,selection,172.32859802246094,1787512299.490144
1740,5160,p1,selection,193.60421752929688,1787512299.494069
1740,1739,p2,turn,9.680063247680664,1787512299.5074866
1740,5158,p2,selection,105.1592025756836,1787512299.5120773
1740,5159,p2,selection,117.11030578613281,1787512299.5168471
1740,5160,p2,selection,162.63540649414062,1787512299.5215058
1741,1740,p1,turn,13.186075210571289,1787512299.548269
1741,5161,p1,selection,190.1507110595703,1787512299.5523987
1741,5162,p1,selection,199.76736450195312,1787512299.5564055
1741,5163,p1,selection,206.09701538085938,1787512299.5602887
1741,1740,p2,turn,9.802727699279785,1787512299.5724206
1741,5161,p2,selection,163.77090454101562,1787512299.57629
1741,5162,p2,selection,106.53182983398438,1787512299.5808558
1741,5163,p2,selection,153.74908447265625,1787512299.5855057
1742,1741,p1,turn,8.371410369873047,1787512299.6622286
1742,5164,p1,selection,175.95184326171875,1787512299.6661127
1742,5165,p1,selection,161.1197052001953,1787512299.6702049
1742,5166,p1,selection,141.06712341308594,1787512299.6744113
1742,1741,p2,turn,8.181771278381348,1787512299.686377
1742,5164,p2,selection,113.93001556396484,1787512299.690183
1742,5165,p2,selection,127.89794158935547,1787512299.6938775
1742,5166,p2,selection,133.06951904296875,1787512299.6975331
1743,1742,p1,turn,12.571861267089844,1787512299.7185493
1743,5167,p1,selection,204.61781311035156,1787512299.7225063
1743,5168,p1,selection,211.58157348632812,1787512299.726175
1743,5169,p1,selection,161.28765869140625,1787512299.7298646
1743,1742,p2,turn,10.149947166442871,1787512299.7433434
1743,5167,p2,selection,138.98094177246094,1787512299.7478242
1743,5168,p2,selection,104.37745666503906,1787512299.7523973
1743,5169,p2,selection,104.64242553710938,1787512299.7570002
1744,1743,p1,turn,7.8584771156311035,1787512299.7774317
1744,5170,p1,selection,231.77149963378906,1787512299.7811286
1744,5171,p1,selection,133.57460021972656,1787512299.7850597
1744,5172,p1,selection,177.66371154785156,1787512299.7888908
1744,1743,p2,turn,9.770723342895508,1787512299.8024597
1744,5170,p2,selection,97.56421661376953,1787512299.8070028
1744,5171,p2,selection,114.2713623046875,1787512299.811411
1744,5172,p2,selection,145.29183959960938,1787512299.8158028
1745,1744,p1,turn,6.3668951988220215,1787512299.8453276
1745,5173,p1,selection,159.72006225585938,1787512299.8490486
1745,5174,p1,selection,330.05450439453125,1787512299.853
1745,5175,p1,selection,194.21212768554688,1787512299.8568244
1745,1744,p2,turn,11.053618431091309,1787512299.8682353
1745,5173,p2,selection,130.1561737060547,1787512299.8720915
1745,5174,p2,selection,162.9552459716797,1787512299.8757694
1745,5175,p2,selection,219.06724548339844,1787512299.8794563
1746,1745,p1,turn,12.488292694091797,1787512299.9080555
1746,5176,p1,selection,147.5014190673828,1787512299.9128058
1746,5177,p1,selection,168.3502197265625,1787512299.9176226
1746,5178,p1,selection,188.4434356689453,1787512299.923812
1746,1745,p2,turn,10.057551383972168,1787512299.936318
1746,5176,p2,selection,117.02227783203125,1787512299.9406686
1746,5177,p2,selection,141.84646606445312,1787512299.9448805
1746,5178,p2,selection,125.78263092041016,1787512299.9488444
1747,1746,p1,turn,8.259727478027344,1787512299.9746244
1747,5179,p1,selection,225.92027282714844,1787512299.9793162
1747,5180,p1,selection,213.94041442871094,1787512299.9843483
1747,5181,p1,selection,147.22251892089844,1787512299.9889119
1747,1746,p2,turn,11.259057998657227,1787512300.0011723
1747,5179,p2,selection,137.59349060058594,1787512300.0060863
1747,5180,p2,selection,92.41738891601562,1787512300.0107148
1747,5181,p2,selection,111.34221649169922,1787512300.0153172
1748,1747,p1,turn,11.300296783447266,1787512300.0370042
1748,5182,p1,selection,211.111572265625,1787512300.0406702
1748,5183,p1,selection,179.80001831054688,1787512300.0442793
1748,5184,p1,selection,124.0601806640625,1787512300.0479436
1748,1747,p2,turn,10.214700698852539,1787512300.0591476
1748,5182,p2,selection,125.98670196533203,1787512300.0628192
1748,5183,p2,selection,90.38459777832031,1787512300.066692
1748,5184,p2,selection,112.12612915039062,1787512300.0705333
1749,1748,p1,turn,11.909857749938965,1787512300.0886252
1749,5185,p1,selection,182.30352783203125,1787512300.0923502
1749,5186,p1,selection,269.51544189453125,1787512300.0960064
1749,5187,p1,selection,206.78773498535156,1787512300.0997803
1749,1748,p2,turn,15.133322715759277,1787512300.1110015
1749,5185,p2,selection,141.8761749267578,1787512300.1146595
1749,5186,p2,selection,121.05120849609375,1787512300.1185894
1749,5187,p2,selection,175.4580078125,1787512300.1223593
1750,1749,p1,turn,10.758432388305664,1787512300.1449454
1750,5188,p1,selection,164.20396423339844,1787512300.1487186
1750,5189,p1,selection,262.21624755859375,1787512300.1527708
1750,5190,p1,selection,206.64854431152344,1787512300.1564748
1750,1749,p2,turn,6.8971710205078125,1787512300.1682913
1750,5188,p2,selection,126.74601745605469,1787512300.1720722
1750,5189,p2,selection,137.34884643554688,1787512300.1757865
1750,5190,p2,selection,133.5732879638672,1787512300.179463
1751,1750,p1,turn,11.795355796813965,1787512300.2048745
1751,5191,p1,selection,140.77842712402344,1787512300.209552
1751,5192,p1,selection,154.39459228515625,1787512300.214018
1751,5193,p1,selection,140.1167755126953,1787512300.2189095
1751,1750,p2,turn,9.79996395111084,1787512300.23383
1751,5191,p2,selection,94.66326904296875,1787512300.2380142
1751,5192,p2,selection,107.57717895507812,1787512300.2417762
1751,5193,p2,selection,112.05313873291016,1787512300.2454448
1752,1751,p1,turn,14.980903625488281,1787512300.2675006
1752,5194,p1,selection,154.68360900878906,1787512300.271282
1752,5195,p1,selection,188.53854370117188,1787512300.2748933
1752,5196,p1,selection,162.14878845214844,1787512300.2785559
1752,1751,p2,turn,11.056482315063477,1787512300.2900474
1752,5194,p2,selection,182.62054443359375,1787512300.2937114
1752,5195,p2,selection,150.37503051757812,1787512300.2973952
1752,5196,p2,selection,117.29341125488281,1787512300.3013692
1753,1752,p1,turn,8.756032943725586,1787512300.3258383
1753,5197,p1,selection,141.97567749023438,1787512300.329527
1753,5198,p1,selection,198.1141815185547,1787512300.3333504
1753,5199,p1,selection,136.49942016601562,1787512300.3371823
1753,1752,p2,turn,6.779774188995361,1787512300.348638
1753,5197,p2,selection,114.93844604492188,1787512300.3526487
1753,5198,p2,selection,154.0625457763672,1787512300.3564339
1753,5199,p2,selection,172.9169464111328,1787512300.3601027
1754,1753,p1,turn,9.830293655395508,1787512300.3811567
1754,5200,p1,selection,156.48727416992188,1787512300.3853261
1754,5201,p1,selection,149.59912109375,1787512300.3891506
1754,5202,p1,selection,236.87509155273438,1787512300.3928492
1754,1753,p2,turn,7.842123508453369,1787512300.4063227
1754,5200,p2,selection,113.35848236083984,1787512300.412023
1754,5201,p2,selection,88.0300064086914,1787512300.4170177
1754,5202,p2,selection,159.440185546875,1787512300.4209816
1755,1754,p1,turn,8.433043479919434,1787512300.4498136
1755,5203,p1,selection,255.56851196289062,1787512300.4550774
1755,5204,p1,selection,182.74917602539062,1787512300.4594872
1755,5205,p1,selection,182.03797912597656,1787512300.4646988
1755,1754,p2,turn,11.01937198638916,1787512300.4801059
1755,5203,p2,selection,122.68604278564453,1787512300.4848225
1755,5204,p2,selection,149.2588348388672,1787512300.4901161
1755,5205,p2,selection,146.2532196044922,1787512300.4949372
1756,1755,p1,turn,8.21645736694336,1787512300.5183427
1756,5206,p1,selection,310.3128356933594,1787512300.5238738
1756,5207,p1,selection,129.00625610351562,1787512300.5288298
1756,5208,p1,selection,139.09298706054688,1787512300.5345342
1756,1755,p2,turn,9.302257537841797,1787512300.5502813
1756,5206,p2,selection,158.81338500976562,1787512300.5555425
1756,5207,p2,selection,138.65673828125,1787512300.5606244
1756,5208,p2,selection,118.3783187866211,1787512300.565499
1757,1756,p1,turn,8.973883628845215,1787512300.5944157
1757,5209,p1,selection,206.31301879882812,1787512300.5985694
1757,5210,p1,selection,162.0200958251953,1787512300.6028652
1757,5211,p1,selection,202.75437927246094,1787512300.6071396
1757,1756,p2,turn,10.820913314819336,1787512300.6218464
1757,5209,p2,selection,113.40354919433594,1787512300.6269083
1757,5210,p2,selection,132.91888427734375,1787512300.6319425
1757,5211,p2,selection,177.22604370117188,1787512300.6371489
1758,1757,p1,turn,8.199942588806152,1787512300.660432
1758,5212,p1,selection,223.4804229736328,1787512300.6658428
1758,5213,p1,selection,202.01107788085938,1787512300.6706104
1758,5214,p1,selection,153.9157257080078,1787512300.6749194
1758,1757,p2,turn,9.853095054626465,1787512300.6891727
1758,5212,p2,selection,207.59365844726562,1787512300.6939034
1758,5213,p2,selection,186.29425048828125,1787512300.6985893
1758,5214,p2,selection,106.99480438232422,1787512300.7034883
1759,1758,p1,turn,8.93288516998291,1787512300.7478619
1759,5215,p1,selection,153.27659606933594,1787512300.752956
1759,5216,p1,selection,220.9371795654297,1787512300.757846
1759,5217,p1,selection,241.7227783203125,1787512300.7626941
1759,1758,p2,turn,10.400766372680664,1787512300.7779713
1759,5215,p2,selection,117.61107635498047,1787512300.7823355
1759,5216,p2,selection,136.07382202148438,1787512300.7873294
1759,5217,p2,selection,114.9232177734375,1787512300.7922
1760,1759,p1,turn,5.156896591186523,1787512300.817991
1760,5218,p1,selection,218.51809692382812,1787512300.8226802
1760,5219,p1,selection,240.48057556152344,1787512300.8272386
1760,5220,p1,selection,186.21588134765625,1787512300.8318546
1760,1759,p2,turn,9.625484466552734,1787512300.846589
1760,5218,p2,selection,181.54556274414062,1787512300.8512993
1760,5219,p2,selection,148.85743713378906,1787512300.856058
1760,5220,p2,selection,148.87457275390625,1787512300.8606555
1761,1760,p1,turn,15.494040489196777,1787512300.891571
1761,5221,p1,selection,172.92178344726562,1787512300.896145
1761,5222,p1,selection,116.53289031982422,1787512300.9016395
1761,5223,p1,selection,131.48817443847656,1787512300.906852
1761,1760,p2,turn,8.576595306396484,1787512300.9211996
1761,5221,p2,selection,119.63395690917969,1787512300.9260178
1761,5222,p2,selection,150.95339965820312,1787512300.930595
1761,5223,p2,selection,176.73126220703125,1787512300.9348168
1762,1761,p1,turn,9.599774360656738,1787512300.9564803
1762,5224,p1,selection,188.8535614013672,1787512300.960508
1762,5225,p1,selection,270.1326599121094,1787512300.9644792
1762,5226,p1,selection,207.49871826171875,1787512300.9686067
1762,1761,p2,turn,13.258450508117676,1787512300.9807725
1762,5224,p2,selection,111.86873626708984,1787512300.9851005
1762,5225,p2,selection,131.36251831054688,1787512300.9891543
1762,5226,p2,selection,144.19361877441406,1787512300.9930542
1763,1762,p1,turn,10.035125732421875,1787512301.0119095
1763,5227,p1,selection,163.5059814453125,1787512301.01581
1763,5228,p1,selection,266.626953125,1787512301.0202177
1763,5229,p1,selection,151.53968811035156,1787512301.0240977
1763,1762,p2,turn,10.317830085754395,1787512301.0361433
1763,5227,p2,selection,132.60369873046875,1787512301.040247
1763,5228,p2,selection,176.12413024902344,1787512301.0441508
1763,5229,p2,selection,83.91023254394531,1787512301.047922
1764,1763,p1,turn,11.243422508239746,1787512301.0739424
1764,5230,p1,selection,117.31011962890625,1787512301.0778117
1764,5231,p1,selection,158.3028106689453,1787512301.081617
1764,5232,p1,selection,181.92483520507812,1787512301.0868
1764,1763,p2,turn,11.246051788330078,1787512301.1013205
1764,5230,p2,selection,151.86082458496094,1787512301.106061
1764,5231,p2,selection,109.5857162475586,1787512301.11066
1764,5232,p2,selection,153.225341796875,1787512301.1152425
1765,1764,p1,turn,10.471920013427734,1787512301.135891
1765,5233,p1,selection,241.469970703125,1787512301.1398907
1765,5234,p1,selection,203.38182067871094,1787512301.1436791
1765,5235,p1,selection,187.556396484375,1787512301.1475265
1765,1764,p2,turn,8.665117263793945,1787512301.1593065
1765,5233,p2,selection,112.04402923583984,1787512301.1631753
1765,5234,p2,selection,100.01863098144531,1787512301.1671865
1765,5235,p2,selection,149.88621520996094,1787512301.1711385
1766,1765,p1,turn,14.322834014892578,1787512301.1991146
1766,5236,p1,selection,189.894775390625,1787512301.2031307
1766,5237,p1,selection,119.65956115722656,1787512301.206945
1766,5238,p1,selection,217.70858764648438,1787512301.2106624
1766,1765,p2,turn,10.917366027832031,1787512301.222124
1766,5236,p2,selection,144.30874633789062,1787512301.2258952
1766,5237,p2,selection,208.1709442138672,1787512301.229679
1766,5238,p2,selection,151.96115112304688,1787512301.2337387
1767,1766,p1,turn,11.10756778717041,1787512301.255303
1767,5239,p1,selection,179.65969848632812,1787512301.2590785
1767,5240,p1,selection,181.774658203125,1787512301.2628353
1767,5241,p1,selection,213.892578125,1787512301.2670338
1767,1766,p2,turn,7.463895320892334,1787512301.2783537
1767,5239,p2,selection,170.20960998535156,1787512301.2821136
1767,5240,p2,selection,117.04592895507812,1787512301.2861526
1767,5241,p2,selection,133.11805725097656,1787512301.2900493
1768,1767,p1,turn,14.560354232788086,1787512301.3096664
1768,5242,p1,selection,203.01504516601562,1787512301.3134694
1768,5243,p1,selection,165.80294799804688,1787512301.3175802
1768,5244,p1,selection,222.53421020507812,1787512301.3215308
1768,1767,p2,turn,10.07442855834961,1787512301.3336146
1768,5242,p2,selection,119.41362762451172,1787512301.3375492
1768,5243,p2,selection,157.2679443359375,1787512301.3414404
1768,5244,p2,selection,160.98460388183594,1787512301.345251
1769,1768,p1,turn,10.386945724487305,1787512301.3674145
1769,5245,p1,selection,188.4049072265625,1787512301.3713925
1769,5246,p1,selection,175.88743591308594,1787512301.3752367
1769,5247,p1,selection,125.1642074584961,1787512301.3790407
1769,1768,p2,turn,10.022518157958984,1787512301.3908272
1769,5245,p2,selection,164.6831512451172,1787512301.3946126
1769,5246,p2,selection,137.74229431152344,1787512301.3983781
1769,5247,p2,selection,131.6363525390625,1787512301.4023519
1770,1769,p1,turn,10.564607620239258,1787512301.4228344
1770,5248,p1,selection,199.9536895751953,1787512301.426549
1770,5249,p1,selection,193.05706787109375,1787512301.4302173
1770,5250,p1,selection,255.612060546875,1787512301.434431
1770,1769,p2,turn,8.419721603393555,1787512301.4457982
1770,5248,p2,selection,190.44676208496094,1787512301.449492
1770,5249,p2,selection,76.09906768798828,1787512301.4534738
1770,5250,p2,selection,147.73880004882812,1787512301.4575253
1771,1770,p1,turn,10.423806190490723,1787512301.4791226
1771,5251,p1,selection,192.76344299316406,1787512301.482926
1771,5252,p1,selection,146.837890625,1787512301.4868567
1771,5253,p1,selection,119.19718933105469,1787512301.4905875
1771,1770,p2,turn,13.591121673583984,1787512301.5025399
1771,5251,p2,selection,146.20204162597656,1787512301.506331
1771,5252,p2,selection,138.7436065673828,1787512301.5099714
1771,5253,p2,selection,118.59642791748047,1787512301.5135906
1772,1771,p1,turn,13.175963401794434,1787512301.5329912
1772,5254,p1,selection,185.9376983642578,1787512301.5368447
1772,5255,p1,selection,191.17855834960938,1787512301.5405848
1772,5256,p1,selection,172.15118408203125,1787512301.544263
1772,1771,p2,turn,10.130130767822266,1787512301.5553024
1772,5254,p2,selection,127.36119079589844,1787512301.5589795
1772,5255,p2,selection,139.34005737304688,1787512301.5627027
1772,5256,p2,selection,116.32225036621094,1787512301.5663936
1773,1772,p1,turn,10.637677192687988,1787512301.5895872
1773,5257,p1,selection,220.06930541992188,1787512301.5933528
1773,5258,p1,selection,248.25442504882812,1787512301.5979369
1773,5259,p1,selection,170.3103790283203,1787512301.602613
1773,1772,p2,turn,7.793799877166748,1787512301.6161768
1773,5257,p2,selection,130.78271484375,1787512301.6202984
1773,5258,p2,selection,101.77288818359375,1787512301.6239698
1773,5259,p2,selection,139.89251708984375,1787512301.627572
1774,1773,p1,turn,7.396307945251465,1787512301.6497355
1774,5260,p1,selection,253.29339599609375,1787512301.6536713
1774,5261,p1,selection,131.04505920410156,1787512301.6573372
1774,5262,p1,selection,183.8428497314453,1787512301.6610174
1774,1773,p2,turn,8.27777099609375,1787512301.6723766
1774,5260,p2,selection,184.28335571289062,1787512301.676063
1774,5261,p2,selection,113.90135955810547,1787512301.6798148
1774,5262,p2,selection,127.8106689453125,1787512301.6837358
1775,1774,p1,turn,9.434789657592773,1787512301.7025692
1775,5263,p1,selection,119.77235412597656,1787512301.7062488
1775,5264,p1,selection,230.20751953125,1787512301.7098584
1775,5265,p1,selection,146.11386108398438,1787512301.713523
1775,1774,p2,turn,8.847702980041504,1787512301.724694
1775,5263,p2,selection,179.66403198242188,1787512301.7283452
1775,5264,p2,selection,125.57389068603516,1787512301.7321298
1775,5265,p2,selection,128.7473907470703,1787512301.7360609
1776,1775,p1,turn,8.700902938842773,1787512301.7567885
1776,5266,p1,selection,177.92901611328125,1787512301.7604163
1776,5267,p1,selection,179.56863403320312,1787512301.764755
1776,5268,p1,selection,173.27110290527344,1787512301.7693079
1776,1775,p2,turn,9.686308860778809,1787512301.7828698
1776,5266,p2,selection,132.4035186767578,1787512301.787585
1776,5267,p2,selection,125.65605163574219,1787512301.7916665
1776,5268,p2,selection,116.67697143554688,1787512301.7952843
1777,1776,p1,turn,10.509597778320312,1787512301.8142605
1777,5269,p1,selection,214.66915893554688,1787512301.8180854
1777,5270,p1,selection,161.30935668945312,1787512301.8219383
1777,5271,p1,selection,105.47834777832031,1787512301.8256676
1777,1776,p2,turn,11.736571311950684,1787512301.8373067
1777,5269,p2,selection,182.9243621826172,1787512301.8411314
1777,5270,p2,selection,124.29618835449219,1787512301.844818
1777,5271,p2,selection,152.08538818359375,1787512301.8484652
1778,1777,p1,turn,9.597441673278809,1787512301.8671505
1778,5272,p1,selection,209.71128845214844,1787512301.8710039
1778,5273,p1,selection,196.6121826171875,1787512301.874798
1778,5274,p1,selection,223.67811584472656,1787512301.878496
1778,1777,p2,turn,12.763164520263672,1787512301.8900142
1778,5272,p2,selection,143.9896697998047,1787512301.8936975
1778,5273,p2,selection,127.51983642578125,1787512301.897349
1778,5274,p2,selection,103.10149383544922,1787512301.9011364
1779,1778,p1,turn,10.440715789794922,1787512301.9254627
1779,5275,p1,selection,196.9856414794922,1787512301.9291759
1779,5276,p1,selection,195.40359497070312,1787512301.9328732
1779,5277,p1,selection,168.80075073242188,1787512301.9368868
1779,1778,p2,turn,12.37320327758789,1787512301.9482975
1779,5275,p2,selection,128.37680053710938,1787512301.952074
1779,5276,p2,selection,178.82852172851562,1787512301.9559512
1779,5277,p2,selection,151.7679443359375,1787512301.959586
1780,1779,p1,turn,9.542646408081055,1787512302.023694
1780,5278,p1,selection,267.22442626953125,1787512302.0273895
1780,5279,p1,selection,176.1072998046875,1787512302.0310476
1780,5280,p1,selection,206.8096923828125,1787512302.034847
1780,1779,p2,turn,7.861796855926514,1787512302.0463367
1780,5278,p2,selection,139.83494567871094,1787512302.050124
1780,5279,p2,selection,126.40531921386719,1787512302.0539827
1780,5280,p2,selection,131.76138305664062,1787512302.0576603
1781,1780,p1,turn,6.685051441192627,1787512302.0753596
1781,5281,p1,selection,186.18865966796875,1787512302.0790522
1781,5282,p1,selection,244.9829559326172,1787512302.0826914
1781,5283,p1,selection,150.21241760253906,1787512302.086581
1781,1780,p2,turn,14.473627090454102,1787512302.0983117
1781,5281,p2,selection,139.6482391357422,1787512302.1021538
1781,5282,p2,selection,139.7681427001953,1787512302.1060264
1781,5283,p2,selection,185.46786499023438,1787512302.1097133
1782,1781,p1,turn,8.668113708496094,1787512302.138816
1782,5284,p1,selection,305.144775390625,1787512302.1424758
1782,5285,p1,selection,125.04510498046875,1787512302.146119
1782,5286,p1,selection,147.11387634277344,1787512302.1500092
1782,1781,p2,turn,12.082040786743164,1787512302.1611688
1782,5284,p2,selection,128.1851043701172,1787512302.1648338
1782,5285,p2,selection,106.75923919677734,1787512302.1686392
1782,5286,p2,selection,166.8947296142578,1787512302.1723638
1783,1782,p1,turn,10.367996215820312,1787512302.1902995
1783,5287,p1,selection,219.07640075683594,1787512302.193971
1783,5288,p1,selection,216.50086975097656,1787512302.1976595
1783,5289,p1,selection,153.92715454101562,1787512302.2014716
1783,1782,p2,turn,7.541206359863281,1787512302.2128913
1783,5287,p2,selection,173.75363159179688,1787512302.2167394
1783,5288,p2,selection,111.07122802734375,1787512302.2205484
1783,5289,p2,selection,127.26275634765625,1787512302.224232
1784,1783,p1,turn,9.893364906311035,1787512302.2504983
1784,5290,p1,selection,183.0968475341797,1787512302.2542913
1784,5291,p1,selection,198.18923950195312,1787512302.2579336
1784,5292,p1,selection,252.61050415039062,1787512302.2618177
1784,1783,p2,turn,11.4058837890625,1787512302.2796829
1784,5290,p2,selection,119.2531967163086,1787512302.2844527
1784,5291,p2,selection,90.91244506835938,1787512302.2890153
1784,5292,p2,selection,173.6689453125,1787512302.2934887
1785,1784,p1,turn,6.036501884460449,1787512302.3226922
1785,5293,p1,selection,174.6899871826172,1787512302.3264165
1785,5294,p1,selection,160.47813415527344,1787512302.3302019
1785,5295,p1,selection,268.0737609863281,1787512302.3342776
1785,1784,p2,turn,8.1117582321167,1787512302.345697
1785,5293,p2,selection,122.38634490966797,1787512302.3505363
1785,5294,p2,selection,122.17967224121094,1787512302.3551278
1785,5295,p2,selection,139.30477905273438,1787512302.3595314
1786,1785,p1,turn,7.853906631469727,1787512302.391441
1786,5296,p1,selection,229.2235107421875,1787512302.395325
1786,5297,p1,selection,234.01467895507812,1787512302.3993683
1786,5298,p1,selection,249.07244873046875,1787512302.4035869
1786,1785,p2,turn,6.574775695800781,1787512302.4157317
1786,5296,p2,selection,127.53564453125,1787512302.4201694
1786,5297,p2,selection,91.36724090576172,1787512302.4242885
1786,5298,p2,selection,134.86056518554688,1787512302.4282935
1787,1786,p1,turn,6.638035774230957,1787512302.4624
1787,5299,p1,selection,153.2374725341797,1787512302.4667485
1787,5300,p1,selection,224.6942901611328,1787512302.4712665
1787,5301,p1,selection,163.41029357910156,1787512302.4752662
1787,1786,p2,turn,9.452598571777344,1787512302.4876401
1787,5299,p2,selection,161.48663330078125,1787512302.4917111
1787,5300,p2,selection,187.94334411621094,1787512302.496076
1787,5301,p2,selection,161.4711151123047,1787512302.5003216
1788,1787,p1,turn,9.142385482788086,1787512302.5236175
1788,5302,p1,selection,164.32919311523438,1787512302.5277388
1788,5303,p1,selection,210.3834991455078,1787512302.531886
1788,5304,p1,selection,142.07376098632812,1787512302.5360434
1788,1787,p2,turn,11.540913581848145,1787512302.5480616
1788,5302,p2,selection,171.12576293945312,1787512302.5523558
1788,5303,p2,selection,150.24945068359375,1787512302.5565412
1788,5304,p2,selection,116.62532806396484,1787512302.5604978
1789,1788,p1,turn,12.851997375488281,1787512302.5818465
1789,5305,p1,selection,99.97747802734375,1787512302.5862887
1789,5306,p1,selection,252.2547149658203,1787512302.590588
1789,5307,p1,selection,129.37962341308594,1787512302.5948088
1789,1788,p2,turn,7.623158931732178,1787512302.6099653
1789,5305,p2,selection,155.5294189453125,1787512302.6150281
1789,5306,p2,selection,106.09193420410156,1787512302.6199605
1789,5307,p2,selection,143.3275604248047,1787512302.6247733
1790,1789,p1,turn,10.631810188293457,1787512302.6447139
1790,5308,p1,selection,189.18826293945312,1787512302.6486185
1790,5309,p1,selection,242.35498046875,1787512302.652767
1790,5310,p1,selection,189.57162475585938,1787512302.6566825
1790,1789,p2,turn,7.821127891540527,1787512302.66881
1790,5308,p2,selection,114.93928527832031,1787512302.6735613
1790,5309,p2,selection,121.29208374023438,1787512302.6781323
1790,5310,p2,selection,108.82978820800781,1787512302.6831765
1791,1790,p1,turn,7.443191051483154,1787512302.7089891
1791,5311,p1,selection,240.90216064453125,1787512302.713529
1791,5312,p1,selection,184.0242919921875,1787512302.7177088
1791,5313,p1,selection,139.57603454589844,1787512302.7216136
1791,1790,p2,turn,7.830580234527588,1787512302.7329023
1791,5311,p2,selection,153.44760131835938,1787512302.736902
1791,5312,p2,selection,107.69308471679688,1787512302.7407892
1791,5313,p2,selection,147.29920959472656,1787512302.7445946
1792,1791,p1,turn,8.69807243347168,1787512302.7708461
1792,5314,p1,selection,143.99398803710938,1787512302.7759168
1792,5315,p1,selection,225.93716430664062,1787512302.7797217
1792,5316,p1,selection,213.21725463867188,1787512302.7838707
1792,1791,p2,turn,8.11793041229248,1787512302.7959478
1792,5314,p2,selection,130.39178466796875,1787512302.8001366
1792,5315,p2,selection,140.03128051757812,1787512302.8042777
1792,5316,p2,selection,145.86497497558594,1787512302.808106
1793,1792,p1,turn,7.438022613525391,1787512302.8391342
1793,5317,p1,selection,230.69793701171875,1787512302.844138
1793,5318,p1,selection,128.35186767578125,1787512302.848355
1793,5319,p1,selection,210.85977172851562,1787512302.852523
1793,1792,p2,turn,13.246813774108887,1787512302.8656662
1793,5317,p2,selection,136.78042602539062,1787512302.869874
1793,5318,p2,selection,148.17942810058594,1787512302.8751192
1793,5319,p2,selection,134.29397583007812,1787512302.879308
1794,1793,p1,turn,11.060654640197754,1787512302.9031646
1794,5320,p1,selection,140.99118041992188,1787512302.9074407
1794,5321,p1,selection,192.52772521972656,1787512302.9115489
1794,5322,p1,selection,204.1387481689453,1787512302.9174016
1794,1793,p2,turn,11.768017768859863,1787512302.9303393
1794,5320,p2,selection,97.76556396484375,1787512302.9347296
1794,5321,p2,selection,145.4228057861328,1787512302.938786
1794,5322,p2,selection,115.30470275878906,1787512302.9427707
1795,1794,p1,turn,9.15707778930664,1787512302.9622214
1795,5323,p1,selection,123.24116516113281,1787512302.9664829
1795,5324,p1,selection,177.92897033691406,1787512302.9709194
1795,5325,p1,selection,188.6082000732422,1787512302.9746845
1795,1794,p2,turn,12.009453773498535,1787512302.9876964
1795,5323,p2,selection,187.52044677734375,1787512302.9922907
1795,5324,p2,selection,124.76412963867188,1787512302.9968414
1795,5325,p2,selection,140.224609375,1787512303.0019453
1796,1795,p1,turn,7.061565399169922,1787512303.0299366
1796,5326,p1,selection,194.36404418945312,1787512303.0349824
1796,5327,p1,selection,85.44068145751953,1787512303.0401707
1796,5328,p1,selection,219.38424682617188,1787512303.044468
1796,1795,p2,turn,5.246688365936279,1787512303.0593014
1796,5326,p2,selection,114.62152862548828,1787512303.0642462
1796,5327,p2,selection,149.3961181640625,1787512303.0689468
1796,5328,p2,selection,98.33182525634766,1787512303.0731134
1797,1796,p1,turn,13.066171646118164,1787512303.107952
1797,5329,p1,selection,121.33393859863281,1787512303.1139169
1797,5330,p1,selection,142.06626892089844,1787512303.1194878
1797,5331,p1,selection,268.9910583496094,1787512303.1244528
1797,1796,p2,turn,8.231731414794922,1787512303.1412985
1797,5329,p2,selection,219.62973022460938,1787512303.1463022
1797,5330,p2,selection,134.83523559570312,1787512303.1522324
1797,5331,p2,selection,92.20379638671875,1787512303.1580446
1798,1797,p1,turn,15.614203453063965,1787512303.1844778
1798,5332,p1,selection,144.087158203125,1787512303.1892138
1798,5333,p1,selection,222.42807006835938,1787512303.1937726
1798,5334,p1,selection,214.9746551513672,1787512303.198243
1798,1797,p2,turn,8.354887008666992,1787512303.2123144
1798,5332,p2,selection,118.78153991699219,1787512303.2172885
1798,5333,p2,selection,113.89871978759766,1787512303.2218914
1798,5334,p2,selection,132.11016845703125,1787512303.2263446
1799,1798,p1,turn,11.296059608459473,1787512303.246816
1799,5335,p1,selection,207.4350128173828,1787512303.2507904
1799,5336,p1,selection,180.16111755371094,1787512303.254592
1799,5337,p1,selection,153.963623046875,1787512303.2582483
1799,1798,p2,turn,12.977983474731445,1787512303.270088
1799,5335,p2,selection,154.68504333496094,1787512303.2738729
1799,5336,p2,selection,166.34841918945312,1787512303.2775567
1799,5337,p2,selection,167.97549438476562,1787512303.2817676
1800,1799,p1,turn,10.472431182861328,1787512303.3074524
1800,5338,p1,selection,188.9106903076172,1787512303.3120441
1800,5339,p1,selection,169.4956512451172,1787512303.3172019
1800,5340,p1,selection,167.96104431152344,1787512303.3211641
1800,1799,p2,turn,8.237821578979492,1787512303.3330235
1800,5338,p2,selection,138.36537170410156,1787512303.3371346
1800,5339,p2,selection,201.03890991210938,1787512303.3408868
1800,5340,p2,selection,137.70452880859375,1787512303.344717
1801,1800,p1,turn,12.12443733215332,1787512303.3642304
1801,5341,p1,selection,265.288330078125,1787512303.3697631
1801,5342,p1,selection,214.84527587890625,1787512303.3739645
1801,5343,p1,selection,194.91885375976562,1787512303.377889
1801,1800,p2,turn,9.680801391601562,1787512303.3907468
1801,5341,p2,selection,132.97250366210938,1787512303.3945794
1801,5342,p2,selection,83.44601440429688,1787512303.3983662
1801,5343,p2,selection,131.7819366455078,1787512303.4033477
1802,1801,p1,turn,5.852074146270752,1787512303.4436119
1802,5344,p1,selection,197.7907257080078,1787512303.4475446
1802,5345,p1,selection,202.71925354003906,1787512303.451698
1802,5346,p1,selection,188.17649841308594,1787512303.4557397
1802,1801,p2,turn,9.561750411987305,1787512303.468101
1802,5344,p2,selection,146.567138671875,1787512303.472775
1802,5345,p2,selection,146.0967559814453,1787512303.4772425
1802,5346,p2,selection,139.03656005859375,1787512303.4817243
1803,1802,p1,turn,11.729219436645508,1787512303.5093129
1803,5347,p1,selection,217.72853088378906,1787512303.513003
1803,5348,p1,selection,124.32029724121094,1787512303.5171103
1803,5349,p1,selection,182.39234924316406,1787512303.520969
1803,1802,p2,turn,9.750714302062988,1787512303.5328383
1803,5347,p2,selection,136.3255157470703,1787512303.5369718
1803,5348,p2,selection,137.66334533691406,1787512303.5408943
1803,5349,p2,selection,125.44969940185547,1787512303.5446727
1804,1803,p1,turn,12.139506340026855,1787512303.5638573
1804,5350,p1,selection,236.40435791015625,1787512303.5680459
1804,5351,p1,selection,182.20053100585938,1787512303.5720108
1804,5352,p1,selection,233.62252807617188,1787512303.5756686
1804,1803,p2,turn,4.8964409828186035,1787512303.5890732
1804,5350,p2,selection,127.99207305908203,1787512303.5937805
1804,5351,p2,selection,147.55703735351562,1787512303.5974195
1804,5352,p2,selection,113.90790557861328,1787512303.6012998
1805,1804,p1,turn,11.995126724243164,1787512303.6486251
1805,5353,p1,selection,151.68505859375,1787512303.6526265
1805,5354,p1,selection,198.81402587890625,1787512303.656561
1805,5355,p1,selection,161.24090576171875,1787512303.6602218
1805,1804,p2,turn,12.671799659729004,1787512303.6719162
1805,5353,p2,selection,139.32115173339844,1787512303.675649
1805,5354,p2,selection,191.71298217773438,1787512303.6792836
1805,5355,p2,selection,146.81625366210938,1787512303.6832933
1806,1805,p1,turn,10.201715469360352,1787512303.7062974
1806,5356,p1,selection,227.94554138183594,1787512303.7107105
1806,5357,p1,selection,257.744873046875,1787512303.715066
1806,5358,p1,selection,155.54725646972656,1787512303.7197838
1806,1805,p2,turn,5.629587173461914,1787512303.7314003
1806,5356,p2,selection,154.1045684814453,1787512303.7353563
1806,5357,p2,selection,123.5208740234375,1787512303.7391903
1806,5358,p2,selection,94.90379333496094,1787512303.742832
1807,1806,p1,turn,8.124805450439453,1787512303.7757878
1807,5359,p1,selection,179.22537231445312,1787512303.779454
1807,5360,p1,selection,203.11219787597656,1787512303.7842405
1807,5361,p1,selection,215.11553955078125,1787512303.7888644
1807,1806,p2,turn,10.247831344604492,1787512303.801457
1807,5359,p2,selection,179.41748046875,1787512303.8051922
1807,5360,p2,selection,148.03109741210938,1787512303.8087823
1807,5361,p2,selection,154.98577880859375,1787512303.812475
1808,1807,p1,turn,5.5696330070495605,1787512303.8445983
1808,5362,p1,selection,111.49341583251953,1787512303.8482704
1808,5363,p1,selection,260.00555419921875,1787512303.8521352
1808,5364,p1,selection,163.99050903320312,1787512303.8558915
1808,1807,p2,turn,6.579343318939209,1787512303.867632
1808,5362,p2,selection,182.93460083007812,1787512303.8714733
1808,5363,p2,selection,104.22062683105469,1787512303.8751338
1808,5364,p2,selection,93.69413757324219,1787512303.879813
1809,1808,p1,turn,11.35017204284668,1787512303.9361358
1809,5365,p1,selection,175.1073455810547,1787512303.939816
1809,5366,p1,selection,194.51837158203125,1787512303.943441
1809,5367,p1,selection,191.09475708007812,1787512303.9470308
1809,1808,p2,turn,5.995759963989258,1787512303.9586835
1809,5365,p2,selection,80.75382995605469,1787512303.9623544
1809,5366,p2,selection,131.0128936767578,1787512303.9661026
1809,5367,p2,selection,128.13803100585938,1787512303.970167
1810,1809,p1,turn,13.87717342376709,1787512304.0101702
1810,5368,p1,selection,240.27413940429688,1787512304.0146086
1810,5369,p1,selection,218.25912475585938,1787512304.019178
1810,5370,p1,selection,195.82899475097656,1787512304.0236516
1810,1809,p2,turn,8.260337829589844,1787512304.037427
1810,5368,p2,selection,161.60696411132812,1787512304.041857
1810,5369,p2,selection,157.3181610107422,1787512304.046837
1810,5370,p2,selection,165.8876953125,1787512304.0509872
1811,1810,p1,turn,10.053046226501465,1787512304.0761395
1811,5371,p1,selection,226.69647216796875,1787512304.079785
1811,5372,p1,selection,193.59080505371094,1787512304.083856
1811,5373,p1,selection,152.5908660888672,1787512304.0877314
1811,1810,p2,turn,10.41067123413086,1787512304.100659
1811,5371,p2,selection,143.97560119628906,1787512304.1052296
1811,5372,p2,selection,118.89089965820312,1787512304.1096315
1811,5373,p2,selection,95.957763671875,1787512304.1141047
1812,1811,p1,turn,11.381739616394043,1787512304.147323
1812,5374,p1,selection,205.69273376464844,1787512304.151295
1812,5375,p1,selection,234.83558654785156,1787512304.1551769
1812,5376,p1,selection,199.4619140625,1787512304.158901
1812,1811,p2,turn,8.719415664672852,1787512304.1710331
1812,5374,p2,selection,94.1646728515625,1787512304.17485
1812,5375,p2,selection,134.02833557128906,1787512304.1786711
1812,5376,p2,selection,146.79331970214844,1787512304.1824424
1813,1812,p1,turn,15.14361572265625,1787512304.2010372
1813,5377,p1,selection,156.58192443847656,1787512304.2048755
1813,5378,p1,selection,220.3052215576172,1787512304.208595
1813,5379,p1,selection,184.04266357421875,1787512304.2123544
1813,1812,p2,turn,5.2386298179626465,1787512304.2240248
1813,5377,p2,selection,148.52584838867188,1787512304.2276895
1813,5378,p2,selection,172.53182983398438,1787512304.2313492
1813,5379,p2,selection,159.893798828125,1787512304.2351224
1814,1813,p1,turn,7.100979804992676,1787512304.300578
1814,5380,p1,selection,223.77569580078125,1787512304.3070052
1814,5381,p1,selection,191.4742889404297,1787512304.312821
1814,5382,p1,selection,247.15708923339844,1787512304.3195872
1814,1813,p2,turn,10.528992652893066,1787512304.3374965
1814,5380,p2,selection,123.71940612792969,1787512304.3424115
1814,5381,p2,selection,146.11651611328125,1787512304.3471744
1814,5382,p2,selection,132.969970703125,1787512304.3519895
1815,1814,p1,turn,11.008638381958008,1787512304.3726013
1815,5383,p1,selection,229.47381591796875,1787512304.3762755
1815,5384,p1,selection,108.56175231933594,1787512304.3801851
1815,5385,p1,selection,263.8758239746094,1787512304.3842416
1815,1814,p2,turn,11.473026275634766,1787512304.3958046
1815,5383,p2,selection,162.63966369628906,1787512304.399645
1815,5384,p2,selection,208.74288940429688,1787512304.403602
1815,5385,p2,selection,153.2147216796875,1787512304.4074993
1816,1815,p1,turn,9.945025444030762,1787512304.4319515
1816,5386,p1,selection,130.05770874023438,1787512304.4361956
1816,5387,p1,selection,198.60182189941406,1787512304.4402273
1816,5388,p1,selection,141.27012634277344,1787512304.4442058
1816,1815,p2,turn,11.641695022583008,1787512304.4561296
1816,5386,p2,selection,88.1327133178711,1787512304.4601061
1816,5387,p2,selection,137.2501983642578,1787512304.4642153
1816,5388,p2,selection,156.55551147460938,1787512304.4682808
1817,1816,p1,turn,8.71998119354248,1787512304.4938712
1817,5389,p1,selection,156.78634643554688,1787512304.497919
1817,5390,p1,selection,204.81788635253906,1787512304.5020478
1817,5391,p1,selection,183.25193786621094,1787512304.506115
1817,1816,p2,turn,9.590298652648926,1787512304.518196
1817,5389,p2,selection,171.7914581298828,1787512304.522334
1817,5390,p2,selection,150.0635528564453,1787512304.5263932
1817,5391,p2,selection,138.36705017089844,1787512304.5302174
1818,1817,p1,turn,15.002681732177734,1787512304.5518005
1818,5392,p1,selection,239.1656494140625,1787512304.5559475
1818,5393,p1,selection,177.72508239746094,1787512304.5599794
1818,5394,p1,selection,139.97459411621094,1787512304.5639617
1818,1817,p2,turn,9.491433143615723,1787512304.5762718
1818,5392,p2,selection,148.68478393554688,1787512304.5802248
1818,5393,p2,selection,139.91653442382812,1787512304.5846436
1818,5394,p2,selection,119.02167510986328,1787512304.5887895
1819,1818,p1,turn,8.136993408203125,1787512304.6109695
1819,5395,p1,selection,103.39834594726562,1787512304.6158304
1819,5396,p1,selection,209.58056640625,1787512304.6216748
1819,5397,p1,selection,207.45286560058594,1787512304.6271155
1819,1818,p2,turn,9.395621299743652,1787512304.6419458
1819,5395,p2,selection,132.3345184326172,1787512304.6462188
1819,5396,p2,selection,101.48980712890625,1787512304.6510737
1819,5397,p2,selection,123.03445434570312,1787512304.6554358
1820,1819,p1,turn,11.736152648925781,1787512304.6892805
1820,5398,p1,selection,259.1729736328125,1787512304.6944118
1820,5399,p1,selection,162.0550537109375,1787512304.698908
1820,5400,p1,selection,163.0557403564453,1787512304.7044902
1820,1819,p2,turn,11.481832504272461,1787512304.7169285
1820,5398,p2,selection,176.31378173828125,1787512304.721109
1820,5399,p2,selection,134.46719360351562,1787512304.7252126
1820,5400,p2,selection,136.44984436035156,1787512304.7295585
1821,1820,p1,turn,6.781368732452393,1787512304.7524393
1821,5401,p1,selection,217.44915771484375,1787512304.7565632
1821,5402,p1,selection,158.3885498046875,1787512304.7605133
1821,5403,p1,selection,256.32904052734375,1787512304.765273
1821,1820,p2,turn,7.813525676727295,1787512304.7774105
1821,5401,p2,selection,144.22091674804688,1787512304.7815175
1821,5402,p2,selection,142.6276092529297,1787512304.7857726
1821,5403,p2,selection,143.76144409179688,1787512304.7899055
1822,1821,p1,turn,8.91534423828125,1787512304.8665402
1822,5404,p1,selection,226.5755615234375,1787512304.870739
1822,5405,p1,selection,213.709716796875,1787512304.8745716
1822,5406,p1,selection,180.52281188964844,1787512304.8785138
1822,1821,p2,turn,11.792372703552246,1787512304.890601
1822,5404,p2,selection,130.625,1787512304.8943782
1822,5405,p2,selection,122.04931640625,1787512304.898148
1822,5406,p2,selection,133.7776641845703,1787512304.9020755
1823,1822,p1,turn,5.02000093460083,1787512304.9215279
1823,5407,p1,selection,198.60995483398438,1787512304.9256983
1823,5408,p1,selection,160.75234985351562,1787512304.9298244
1823,5409,p1,selection,103.15310668945312,1787512304.9354193
1823,1822,p2,turn,12.874945640563965,1787512304.9505002
1823,5407,p2,selection,144.70457458496094,1787512304.9547524
1823,5408,p2,selection,151.3120880126953,1787512304.9588962
1823,5409,p2,selection,142.34860229492188,1787512304.962822
1824,1823,p1,turn,12.153913497924805,1787512305.0190747
1824,5410,p1,selection,188.53173828125,1787512305.023232
1824,5411,p1,selection,259.44976806640625,1787512305.0272856
1824,5412,p1,selection,224.6909637451172,1787512305.0312076
1824,1823,p2,turn,7.296256065368652,1787512305.0438051
1824,5410,p2,selection,107.10406494140625,1787512305.0478628
1824,5411,p2,selection,113.35624694824219,1787512305.0525577
1824,5412,p2,selection,98.9627685546875,1787512305.05744
1825,1824,p1,turn,14.078659057617188,1787512305.087179
1825,5413,p1,selection,199.1167449951172,1787512305.091334
1825,5414,p1,selection,289.14111328125,1787512305.0959451
1825,5415,p1,selection,141.5410614013672,1787512305.1006315
1825,1824,p2,turn,8.075215339660645,1787512305.1147182
1825,5413,p2,selection,118.74028778076172,1787512305.1193268
1825,5414,p2,selection,121.6436996459961,1787512305.1239102
1825,5415,p2,selection,138.512451171875,1787512305.1284351
1826,1825,p1,turn,6.608880996704102,1787512305.1533628
1826,5416,p1,selection,271.9229431152344,1787512305.1580865
1826,5417,p1,selection,227.16419982910156,1787512305.1626213
1826,5418,p1,selection,217.1234130859375,1787512305.1675231
1826,1825,p2,turn,10.844677925109863,1787512305.1805325
1826,5416,p2,selection,99.10142517089844,1787512305.1846209
1826,5417,p2,selection,148.0835723876953,1787512305.1887074
1826,5418,p2,selection,156.25465393066406,1787512305.1925375
1827,1826,p1,turn,6.4907026290893555,1787512305.229652
1827,5419,p1,selection,161.6800994873047,1787512305.233568
1827,5420,p1,selection,187.07789611816406,1787512305.237436
1827,5421,p1,selection,178.72637939453125,1787512305.2410793
1827,1826,p2,turn,8.713995933532715,1787512305.2530704
1827,5419,p2,selection,109.14196014404297,1787512305.2579095
1827,5420,p2,selection,160.58494567871094,1787512305.261893
1827,5421,p2,selection,181.17388916015625,1787512305.2658868
1828,1827,p1,turn,9.109731674194336,1787512305.2915149
1828,5422,p1,selection,188.02041625976562,1787512305.2966201
1828,5423,p1,selection,186.35598754882812,1787512305.301759
1828,5424,p1,selection,220.12570190429688,1787512305.3060684
1828,1827,p2,turn,11.100309371948242,1787512305.3196254
1828,5422,p2,selection,171.21121215820312,1787512305.324908
1828,5423,p2,selection,138.69058227539062,1787512305.3299422
1828,5424,p2,selection,125.75264739990234,1787512305.335379
1829,1828,p1,turn,9.81900691986084,1787512305.3612754
1829,5425,p1,selection,228.84764099121094,1787512305.3663592
1829,5426,p1,selection,230.27874755859375,1787512305.3709369
1829,5427,p1,selection,186.25479125976562,1787512305.3751097
1829,1828,p2,turn,10.637825965881348,1787512305.3883555
1829,5425,p2,selection,192.38015747070312,1787512305.3942237
1829,5426,p2,selection,135.27737426757812,1787512305.3995125
1829,5427,p2,selection,158.131103515625,1787512305.4052777
1830,1829,p1,turn,14.525679588317871,1787512305.4376748
1830,5428,p1,selection,136.2695770263672,1787512305.4426801
1830,5429,p1,selection,168.6120147705078,1787512305.4475892
1830,5430,p1,selection,240.62620544433594,1787512305.4527836
1830,1829,p2,turn,11.027544975280762,1787512305.4677207
1830,5428,p2,selection,112.12350463867188,1787512305.4726405
1830,5429,p2,selection,155.1642303466797,1787512305.4775124
1830,5430,p2,selection,176.53485107421875,1787512305.482616
1831,1830,p1,turn,11.655701637268066,1787512305.504235
1831,5431,p1,selection,247.08970642089844,1787512305.5083537
1831,5432,p1,selection,199.77316284179688,1787512305.5127218
1831,5433,p1,selection,207.39718627929688,1787512305.5174546
1831,1830,p2,turn,10.258854866027832,1787512305.5304813
1831,5431,p2,selection,119.29859161376953,1787512305.5352447
1831,5432,p2,selection,179.54574584960938,1787512305.5407434
1831,5433,p2,selection,188.19659423828125,1787512305.5463448
1832,1831,p1,turn,9.692294120788574,1787512305.5661273
1832,5434,p1,selection,169.04783630371094,1787512305.5715187
1832,5435,p1,selection,241.63250732421875,1787512305.5766706
1832,5436,p1,selection,217.875732421875,1787512305.581704
1832,1831,p2,turn,12.345808029174805,1787512305.5964632
1832,5434,p2,selection,118.84774017333984,1787512305.601027
1832,5435,p2,selection,143.81565856933594,1787512305.606497
1832,5436,p2,selection,155.4482421875,1787512305.6107383
1833,1832,p1,turn,8.626523971557617,1787512305.6379652
1833,5437,p1,selection,157.68447875976562,1787512305.6421368
1833,5438,p1,selection,320.1700439453125,1787512305.6462219
1833,5439,p1,selection,157.1605682373047,1787512305.6510396
1833,1832,p2,turn,13.764997482299805,1787512305.667308
1833,5437,p2,selection,148.7510223388672,1787512305.6718662
1833,5438,p2,selection,139.91455078125,1787512305.6761153
1833,5439,p2,selection,156.16087341308594,1787512305.6801746
1834,1833,p1,turn,13.72262954711914,1787512305.7189915
1834,5440,p1,selection,159.8436279296875,1787512305.7237275
1834,5441,p1,selection,124.81387329101562,1787512305.7282765
1834,5442,p1,selection,231.60166931152344,1787512305.7328186
1834,1833,p2,turn,8.151742935180664,1787512305.7464194
1834,5440,p2,selection,129.15965270996094,1787512305.7506895
1834,5441,p2,selection,125.80744934082031,1787512305.7546911
1834,5442,p2,selection,155.4498748779297,1787512305.7586012
1835,1834,p1,turn,12.373401641845703,1787512305.778426
1835,5443,p1,selection,141.98562622070312,1787512305.7823634
1835,5444,p1,selection,185.6729736328125,1787512305.7874508
1835,5445,p1,selection,246.56332397460938,1787512305.7920966
1835,1834,p2,turn,10.890335083007812,1787512305.8064082
1835,5443,p2,selection,151.30191040039062,1787512305.8110166
1835,5444,p2,selection,119.20841217041016,1787512305.8158555
1835,5445,p2,selection,130.44979858398438,1787512305.820874
1836,1835,p1,turn,11.763803482055664,1787512305.844608
1836,5446,p1,selection,98.62937927246094,1787512305.8484914
1836,5447,p1,selection,155.81011962890625,1787512305.85256
1836,5448,p1,selection,166.6705780029297,1787512305.856463
1836,1835,p2,turn,9.132966995239258,1787512305.8687613
1836,5446,p2,selection,115.43998718261719,1787512305.8727458
1836,5447,p2,selection,100.97269439697266,1787512305.8765645
1836,5448,p2,selection,127.24304962158203,1787512305.8804631
1837,1836,p1,turn,13.537079811096191,1787512305.9087148
1837,5449,p1,selection,134.548095703125,1787512305.9127212
1837,5450,p1,selection,155.73141479492188,1787512305.9178224
1837,5451,p1,selection,162.76010131835938,1787512305.922559
1837,1836,p2,turn,12.445414543151855,1787512305.936161
1837,5449,p2,selection,127.01190185546875,1787512305.9406924
1837,5450,p2,selection,132.68585205078125,1787512305.945356
1837,5451,p2,selection,160.8837890625,1787512305.9498627
1838,1837,p1,turn,10.879302024841309,1787512305.9738047
1838,5452,p1,selection,173.4779052734375,1787512305.977727
1838,5453,p1,selection,224.90911865234375,1787512305.981609
1838,5454,p1,selection,208.61245727539062,1787512305.9857893
1838,1837,p2,turn,14.412338256835938,1787512305.997842
1838,5452,p2,selection,178.78631591796875,1787512306.0021038
1838,5453,p2,selection,135.79946899414062,1787512306.0062122
1838,5454,p2,selection,69.4442367553711,1787512306.0101154
1839,1838,p1,turn,9.936602592468262,1787512306.0397625
1839,5455,p1,selection,130.91433715820312,1787512306.0450432
1839,5456,p1,selection,231.35572814941406,1787512306.050558
1839,5457,p1,selection,152.03402709960938,1787512306.0558925
1839,1838,p2,turn,8.5326509475708,1787512306.070862
1839,5455,p2,selection,150.50143432617188,1787512306.0760136
1839,5456,p2,selection,144.3920135498047,1787512306.081162
1839,5457,p2,selection,90.29277038574219,1787512306.0864792
1840,1839,p1,turn,13.66390609741211,1787512306.1079824
1840,5458,p1,selection,238.51913452148438,1787512306.1117961
1840,5459,p1,selection,149.19583129882812,1787512306.1173785
1840,5460,p1,selection,271.7841796875,1787512306.1230857
1840,1839,p2,turn,9.440561294555664,1787512306.13811
1840,5458,p2,selection,134.01747131347656,1787512306.1427407
1840,5459,p2,selection,142.4693145751953,1787512306.1477334
1840,5460,p2,selection,135.0723876953125,1787512306.1520238
1841,1840,p1,turn,12.667749404907227,1787512306.173704
1841,5461,p1,selection,102.957763671875,1787512306.1775496
1841,5462,p1,selection,123.96180725097656,1787512306.1813536
1841,5463,p1,selection,209.43118286132812,1787512306.186356
1841,1840,p2,turn,12.080178260803223,1787512306.2005606
1841,5461,p2,selection,160.2169952392578,1787512306.2052815
1841,5462,p2,selection,158.29080200195312,1787512306.2098327
1841,5463,p2,selection,104.0208969116211,1787512306.2144246
1842,1841,p1,turn,12.714426040649414,1787512306.2457108
1842,5464,p1,selection,158.918212890625,1787512306.251037
1842,5465,p1,selection,145.27455139160156,1787512306.2559228
1842,5466,p1,selection,246.6926727294922,1787512306.2606
1842,1841,p2,turn,9.163764953613281,1787512306.2751021
1842,5464,p2,selection,111.38639068603516,1787512306.2798884
1842,5465,p2,selection,155.6040802001953,1787512306.2848113
1842,5466,p2,selection,158.98455810546875,1787512306.2897463
1843,1842,p1,turn,10.11563777923584,1787512306.3128626
1843,5467,p1,selection,143.4168701171875,1787512306.3177106
1843,5468,p1,selection,181.03021240234375,1787512306.3224363
1843,5469,p1,selection,223.42208862304688,1787512306.3271115
1843,1842,p2,turn,10.337380409240723,1787512306.3418036
1843,5467,p2,selection,148.94651794433594,1787512306.350248
1843,5468,p2,selection,151.33033752441406,1787512306.3549292
1843,5469,p2,selection,130.39291381835938,1787512306.3595867
1844,1843,p1,turn,10.374603271484375,1787512306.5626457
1844,5470,p1,selection,193.636962890625,1787512306.5676427
1844,5471,p1,selection,300.7724609375,1787512306.5725763
1844,5472,p1,selection,166.21559143066406,1787512306.5774581
1844,1843,p2,turn,11.877312660217285,1787512306.5926986
1844,5470,p2,selection,157.6422576904297,1787512306.5965562
1844,5471,p2,selection,155.03414916992188,1787512306.601166
1844,5472,p2,selection,104.59553527832031,1787512306.6057866
1845,1844,p1,turn,7.487006187438965,1787512306.6325727
1845,5473,p1,selection,147.92263793945312,1787512306.6374767
1845,5474,p1,selection,142.39266967773438,1787512306.6422195
1845,5475,p1,selection,230.0684356689453,1787512306.647254
1845,1844,p2,turn,6.275463104248047,1787512306.6639752
1845,5473,p2,selection,163.91439819335938,1787512306.6686075
1845,5474,p2,selection,148.94461059570312,1787512306.6728241
1845,5475,p2,selection,131.39111328125,1787512306.6768668
1846,1845,p1,turn,10.241389274597168,1787512306.7028778
1846,5476,p1,selection,192.85366821289062,1787512306.7095313
1846,5477,p1,selection,141.44837951660156,1787512306.7145638
1846,5478,p1,selection,234.04812622070312,1787512306.7191162
1846,1845,p2,turn,12.293596267700195,1787512306.7319815
1846,5476,p2,selection,133.15797424316406,1787512306.7380793
1846,5477,p2,selection,115.1119155883789,1787512306.743487
1846,5478,p2,selection,127.89663696289062,1787512306.7481158
1847,1846,p1,turn,10.112756729125977,1787512306.7875235
1847,5479,p1,selection,141.95657348632812,1787512306.791865
1847,5480,p1,selection,135.93173217773438,1787512306.7961142
1847,5481,p1,selection,145.25425720214844,1787512306.8006012
1847,1846,p2,turn,8.258833885192871,1787512306.8138523
1847,5479,p2,selection,170.3385772705078,1787512306.8183181
1847,5480,p2,selection,150.74815368652344,1787512306.8225234
1847,5481,p2,selection,111.84375762939453,1787512306.8268168
1848,1847,p1,turn,11.935064315795898,1787512306.8594248
1848,5482,p1,selection,235.07342529296875,1787512306.8634562
1848,5483,p1,selection,252.2874298095703,1787512306.8683727
1848,5484,p1,selection,177.40232849121094,1787512306.8733826
1848,1847,p2,turn,9.868995666503906,1787512306.887785
1848,5482,p2,selection,159.07701110839844,1787512306.8926718
1848,5483,p2,selection,149.783447265625,1787512306.8974645
1848,5484,p2,selection,117.8583984375,1787512306.9023612
1849,1848,p1,turn,11.953697204589844,1787512306.9260535
1849,5485,p1,selection,236.25445556640625,1787512306.9303286
1849,5486,p1,selection,292.0069885253906,1787512306.934788
1849,5487,p1,selection,204.5704803466797,1787512306.938914
1849,1848,p2,turn,8.709835052490234,1787512306.9513688
1849,5485,p2,selection,139.55844116210938,1787512306.9556937
1849,5486,p2,selection,147.59893798828125,1787512306.959811
1849,5487,p2,selection,93.86449432373047,1787512306.9638271
1850,1849,p1,turn,7.987916469573975,1787512306.9877765
1850,5488,p1,selection,134.43296813964844,1787512306.9918406
1850,5489,p1,selection,169.19891357421875,1787512306.995972
1850,5490,p1,selection,247.8201904296875,1787512307.0003188
1850,1849,p2,turn,10.809306144714355,1787512307.013137
1850,5488,p2,selection,119.26109313964844,1787512307.0175037
1850,5489,p2,selection,164.95216369628906,1787512307.0217764
1850,5490,p2,selection,137.55189514160156,1787512307.0259194
1851,1850,p1,turn,13.058089256286621,1787512307.0486987
1851,5491,p1,selection,252.3349609375,1787512307.0534346
1851,5492,p1,selection,214.91920471191406,1787512307.0575554
1851,5493,p1,selection,205.23667907714844,1787512307.061429
1851,1850,p2,turn,7.981731414794922,1787512307.0754046
1851,5491,p2,selection,132.409912109375,1787512307.080274
1851,5492,p2,selection,122.86952209472656,1787512307.08496
1851,5493,p2,selection,146.61480712890625,1787512307.089761
1852,1851,p1,turn,11.137948036193848,1787512307.1682487
1852,5494,p1,selection,158.4925537109375,1787512307.1722496
1852,5495,p1,selection,216.87347412109375,1787512307.176077
1852,5496,p1,selection,147.34718322753906,1787512307.1798437
1852,1851,p2,turn,8.703282356262207,1787512307.1915126
1852,5494,p2,selection,110.49783325195312,1787512307.1951935
1852,5495,p2,selection,178.98785400390625,1787512307.1989567
1852,5496,p2,selection,111.16222381591797,1787512307.2029433
1853,1852,p1,turn,10.251638412475586,1787512307.2243443
1853,5497,p1,selection,115.42424774169922,1787512307.2282207
1853,5498,p1,selection,142.06729125976562,1787512307.2323298
1853,5499,p1,selection,158.01211547851562,1787512307.236466
1853,1852,p2,turn,9.937980651855469,1787512307.2475286
1853,5497,p2,selection,121.63356018066406,1787512307.2514222
1853,5498,p2,selection,161.79734802246094,1787512307.2552254
1853,5499,p2,selection,202.28573608398438,1787512307.2589252
1854,1853,p1,turn,12.398015022277832,1787512307.2834113
1854,5500,p1,selection,130.8257598876953,1787512307.2874627
1854,5501,p1,selection,218.5186767578125,1787512307.2911367
1854,5502,p1,selection,244.9645233154297,1787512307.2948213
1854,1853,p2,turn,12.44198989868164,1787512307.3065517
1854,5500,p2,selection,180.73904418945312,1787512307.3104904
1854,5501,p2,selection,140.29795837402344,1787512307.3141491
1854,5502,p2,selection,120.60577392578125,1787512307.3179858
1855,1854,p1,turn,11.436624526977539,1787512307.344957
1855,5503,p1,selection,135.802978515625,1787512307.3486853
1855,5504,p1,selection,100.2995376586914,1787512307.3527098
1855,5505,p1,selection,173.24143981933594,1787512307.3565314
1855,1854,p2,turn,9.695809364318848,1787512307.3678327
1855,5503,p2,selection,164.4840087890625,1787512307.3716922
1855,5504,p2,selection,139.12234497070312,1787512307.3753572
1855,5505,p2,selection,149.915283203125,1787512307.3790376
1856,1855,p1,turn,9.138655662536621,1787512307.3982744
1856,5506,p1,selection,192.9005126953125,1787512307.4028993
1856,5507,p1,selection,188.30770874023438,1787512307.4074032
1856,5508,p1,selection,121.2337875366211,1787512307.411856
1856,1855,p2,turn,10.673772811889648,1787512307.426377
1856,5506,p2,selection,92.06328582763672,1787512307.4299977
1856,5507,p2,selection,131.70164489746094,1787512307.4339917
1856,5508,p2,selection,140.00814819335938,1787512307.4382844
1857,1856,p1,turn,8.408702850341797,1787512307.4603293
1857,5509,p1,selection,166.79397583007812,1787512307.4641004
1857,5510,p1,selection,161.58221435546875,1787512307.4680936
1857,5511,p1,selection,115.38556671142578,1787512307.4721496
1857,1856,p2,turn,10.921645164489746,1787512307.4848523
1857,5509,p2,selection,123.2599868774414,1787512307.4897442
1857,5510,p2,selection,116.07307434082031,1787512307.4944184
1857,5511,p2,selection,125.42818450927734,1787512307.4990568
1858,1857,p1,turn,9.674081802368164,1787512307.5229447
1858,5512,p1,selection,195.44863891601562,1787512307.5267966
1858,5513,p1,selection,186.67010498046875,1787512307.5306642
1858,5514,p1,selection,154.62899780273438,1787512307.5347228
1858,1857,p2,turn,13.636726379394531,1787512307.546703
1858,5512,p2,selection,155.13853454589844,1787512307.5507998
1858,5513,p2,selection,143.08660888671875,1787512307.5547304
1858,5514,p2,selection,171.27296447753906,1787512307.5585122
1859,1858,p1,turn,7.637819290161133,1787512307.5837855
1859,5515,p1,selection,146.7280731201172,1787512307.587734
1859,5516,p1,selection,187.75033569335938,1787512307.59163
1859,5517,p1,selection,252.62660217285156,1787512307.5954733
1859,1858,p2,turn,9.475180625915527,1787512307.607679
1859,5515,p2,selection,133.00282287597656,1787512307.6115181
1859,5516,p2,selection,122.81533813476562,1787512307.615345
1859,5517,p2,selection,118.50505065917969,1787512307.619425
1860,1859,p1,turn,10.863195419311523,1787512307.6532395
1860,5518,p1,selection,109.60569763183594,1787512307.6569102
1860,5519,p1,selection,106.38784790039062,1787512307.6605413
1860,5520,p1,selection,176.04583740234375,1787512307.6642544
1860,1859,p2,turn,11.189499855041504,1787512307.675654
1860,5518,p2,selection,126.26734161376953,1787512307.6792989
1860,5519,p2,selection,142.4251708984375,1787512307.6832228
1860,5520,p2,selection,176.37481689453125,1787512307.6869748
1861,1860,p1,turn,8.13952350616455,1787512307.7055213
1861,5521,p1,selection,168.31520080566406,1787512307.7098806
1861,5522,p1,selection,218.3181610107422,1787512307.7135324
1861,5523,p1,selection,142.48558044433594,1787512307.7175465
1861,1860,p2,turn,11.063158988952637,1787512307.7289357
1861,5521,p2,selection,144.4701690673828,1787512307.733309
1861,5522,p2,selection,158.2259063720703,1787512307.7371888
1861,5523,p2,selection,161.60302734375,1787512307.74081
1862,1861,p1,turn,10.131226539611816,1787512307.7615795
1862,5524,p1,selection,170.29937744140625,1787512307.765385
1862,5525,p1,selection,151.72305297851562,1787512307.7693822
1862,5526,p1,selection,219.63961791992188,1787512307.7731397
1862,1861,p2,turn,8.65851879119873,1787512307.7854362
1862,5524,p2,selection,109.34213256835938,1787512307.7900014
1862,5525,p2,selection,117.41806030273438,1787512307.7940614
1862,5526,p2,selection,131.2283935546875,1787512307.7977173
1863,1862,p1,turn,10.486628532409668,1787512307.8229105
1863,5527,p1,selection,155.89804077148438,1787512307.826588
1863,5528,p1,selection,125.6056137084961,1787512307.8304374
1863,5529,p1,selection,208.53863525390625,1787512307.8353627
1863,1862,p2,turn,13.587958335876465,1787512307.8491945
1863,5527,p2,selection,172.42739868164062,1787512307.8530664
1863,5528,p2,selection,115.39342498779297,1787512307.8568995
1863,5529,p2,selection,118.05270385742188,1787512307.8605647
1864,1863,p1,turn,8.075133323669434,1787512307.883801
1864,5530,p1,selection,181.33876037597656,1787512307.888371
1864,5531,p1,selection,159.6588897705078,1787512307.8927805
1864,5532,p1,selection,259.111572265625,1787512307.8972545
1864,1863,p2,turn,9.077497482299805,1787512307.9112177
1864,5530,p2,selection,141.57696533203125,1787512307.9155552
1864,5531,p2,selection,113.38204193115234,1787512307.9196782
1864,5532,p2,selection,153.25498962402344,1787512307.9234595
1865,1864,p1,turn,7.61134672164917,1787512307.9421527
1865,5533,p1,selection,174.4908905029297,1787512307.9466374
1865,5534,p1,selection,208.84959411621094,1787512307.9509847
1865,5535,p1,selection,180.53408813476562,1787512307.9548695
1865,1864,p2,turn,15.638659477233887,1787512307.9663196
1865,5533,p2,selection,124.52696990966797,1787512307.9701757
1865,5534,p2,selection,98.63453674316406,1787512307.9738274
1865,5535,p2,selection,106.3001708984375,1787512307.9774516
1866,1865,p1,turn,7.671402931213379,1787512308.0048678
1866,5536,p1,selection,201.46774291992188,1787512308.0086534
1866,5537,p1,selection,146.43804931640625,1787512308.0123868
1866,5538,p1,selection,208.31080627441406,1787512308.0161989
1866,1865,p2,turn,10.86014175415039,1787512308.0275004
1866,5536,p2,selection,102.15691375732422,1787512308.0312726
1866,5537,p2,selection,131.78982543945312,1787512308.0351088
1866,5538,p2,selection,110.57955169677734,1787512308.039008
1867,1866,p1,turn,8.89102840423584,1787512308.0548425
1867,5539,p1,selection,322.33673095703125,1787512308.0585804
1867,5540,p1,selection,149.87176513671875,1787512308.0623772
1867,5541,p1,selection,186.00523376464844,1787512308.066138
1867,1866,p2,turn,8.824345588684082,1787512308.0775642
1867,5539,p2,selection,153.94320678710938,1787512308.081252
1867,5540,p2,selection,220.2144317626953,1787512308.0851479
1867,5541,p2,selection,127.09141540527344,1787512308.088964
1868,1867,p1,turn,12.388204574584961,1787512308.1137426
1868,5542,p1,selection,177.54359436035156,1787512308.117469
1868,5543,p1,selection,198.23483276367188,1787512308.121213
1868,5544,p1,selection,108.2984619140625,1787512308.1257472
1868,1867,p2,turn,13.764116287231445,1787512308.1394134
1868,5542,p2,selection,140.3228759765625,1787512308.1431315
1868,5543,p2,selection,194.94871520996094,1787512308.146771
1868,5544,p2,selection,195.70297241210938,1787512308.1507006
1869,1868,p1,turn,12.222283363342285,1787512308.1965315
1869,5545,p1,selection,141.36166381835938,1787512308.2012327
1869,5546,p1,selection,172.28378295898438,1787512308.2057536
1869,5547,p1,selection,202.2265625,1787512308.2101736
1869,1868,p2,turn,13.13625431060791,1787512308.2240088
1869,5545,p2,selection,172.3551025390625,1787512308.2284143
1869,5546,p2,selection,144.5986328125,1787512308.2328942
1869,5547,p2,selection,114.68032836914062,1787512308.2367964
1870,1869,p1,turn,9.542887687683105,1787512308.257997
1870,5548,p1,selection,180.4580078125,1787512308.2616942
1870,5549,p1,selection,150.99354553222656,1787512308.2653463
1870,5550,p1,selection,213.9512481689453,1787512308.2695837
1870,1869,p2,turn,7.244051933288574,1787512308.28224
1870,5548,p2,selection,111.25039672851562,1787512308.287026
1870,5549,p2,selection,171.13368225097656,1787512308.291504
1870,5550,p2,selection,183.4347381591797,1787512308.2962453
1871,1870,p1,turn,13.530332565307617,1787512308.3178263
1871,5551,p1,selection,182.39559936523438,1787512308.3216221
1871,5552,p1,selection,174.53013610839844,1787512308.3254318
1871,5553,p1,selection,131.23426818847656,1787512308.3291442
1871,1870,p2,turn,8.94764518737793,1787512308.3407319
1871,5551,p2,selection,147.62245178222656,1787512308.3444238
1871,5552,p2,selection,77.06703186035156,1787512308.3481011
1871,5553,p2,selection,176.3909149169922,1787512308.3520458
1872,1871,p1,turn,12.122397422790527,1787512308.3802755
1872,5554,p1,selection,162.11607360839844,1787512308.3843496
1872,5555,p1,selection,168.37124633789062,1787512308.3883038
1872,5556,p1,selection,171.145751953125,1787512308.392131
1872,1871,p2,turn,9.681771278381348,1787512308.404601
1872,5554,p2,selection,117.29859924316406,1787512308.4083261
1872,5555,p2,selection,173.1941375732422,1787512308.4120686
1872,5556,p2,selection,130.94122314453125,1787512308.4158432
1873,1872,p1,turn,11.195722579956055,1787512308.4351213
1873,5557,p1,selection,149.44216918945312,1787512308.439031
1873,5558,p1,selection,154.51324462890625,1787512308.442823
1873,5559,p1,selection,235.93621826171875,1787512308.4465828
1873,1872,p2,turn,8.968986511230469,1787512308.4592412
1873,5557,p2,selection,152.78248596191406,1787512308.4632542
1873,5558,p2,selection,193.7393798828125,1787512308.4676058
1873,5559,p2,selection,125.87516784667969,1787512308.4716487
1874,1873,p1,turn,10.970849990844727,1787512308.4926198
1874,5560,p1,selection,223.71817016601562,1787512308.4966192
1874,5561,p1,selection,268.4388427734375,1787512308.5008078
1874,5562,p1,selection,167.7130126953125,1787512308.505019
1874,1873,p2,turn,6.135281085968018,1787512308.5173974
1874,5560,p2,selection,166.6888885498047,1787512308.5221775
1874,5561,p2,selection,134.7223358154297,1787512308.5268214
1874,5562,p2,selection,151.91806030273438,1787512308.5314972
1875,1874,p1,turn,10.029484748840332,1787512308.5725253
1875,5563,p1,selection,164.44329833984375,1787512308.5771856
1875,5564,p1,selection,186.5049285888672,1787512308.5816464
1875,5565,p1,selection,189.40396118164062,1787512308.586065
1875,1874,p2,turn,13.02453327178955,1787512308.59813
1875,5563,p2,selection,141.5631103515625,1787512308.602337
1875,5564,p2,selection,129.1641845703125,1787512308.606328
1875,5565,p2,selection,110.98127746582031,1787512308.610386
1876,1875,p1,turn,10.06046199798584,1787512308.6430542
1876,5566,p1,selection,173.22007751464844,1787512308.6473107
1876,5567,p1,selection,184.78134155273438,1787512308.651607
1876,5568,p1,selection,164.12313842773438,1787512308.6556606
1876,1875,p2,turn,8.496684074401855,1787512308.6679795
1876,5566,p2,selection,106.78311157226562,1787512308.6721053
1876,5567,p2,selection,136.3789825439453,1787512308.6761072
1876,5568,p2,selection,137.2617950439453,1787512308.680297
1877,1876,p1,turn,6.580543041229248,1787512308.7015243
1877,5569,p1,selection,122.7535400390625,1787512308.7056801
1877,5570,p1,selection,192.017822265625,1787512308.7099874
1877,5571,p1,selection,192.73123168945312,1787512308.71405
1877,1876,p2,turn,10.466318130493164,1787512308.726357
1877,5569,p2,selection,118.52955627441406,1787512308.7301831
1877,5570,p2,selection,98.62555694580078,1787512308.734713
1877,5571,p2,selection,124.76618957519531,1787512308.738762
1878,1877,p1,turn,11.45206069946289,1787512308.7645004
1878,5572,p1,selection,222.88470458984375,1787512308.7686048
1878,5573,p1,selection,178.2706756591797,1787512308.7725956
1878,5574,p1,selection,254.1370086669922,1787512308.7764206
1878,1877,p2,turn,12.58291244506836,1787512308.791314
1878,5572,p2,selection,103.02080535888672,1787512308.7954588
1878,5573,p2,selection,162.5955352783203,1787512308.7994113
1878,5574,p2,selection,142.0560302734375,1787512308.803562
1879,1878,p1,turn,11.381108283996582,1787512308.8261135
1879,5575,p1,selection,91.24002838134766,1787512308.8301299
1879,5576,p1,selection,197.00830078125,1787512308.8355303
1879,5577,p1,selection,246.95912170410156,1787512308.8398309
1879,1878,p2,turn,8.267448425292969,1787512308.8516917
1879,5575,p2,selection,124.9005126953125,1787512308.855636
1879,5576,p2,selection,142.5729522705078,1787512308.859642
1879,5577,p2,selection,164.88714599609375,1787512308.863433
1880,1879,p1,turn,6.504665374755859,1787512308.8851304
1880,5578,p1,selection,224.81173706054688,1787512308.889262
1880,5579,p1,selection,169.40684509277344,1787512308.8934183
1880,5580,p1,selection,167.3695526123047,1787512308.8978026
1880,1879,p2,turn,9.958192825317383,1787512308.911285
1880,5578,p2,selection,79.01065063476562,1787512308.9159253
1880,5579,p2,selection,128.0968017578125,1787512308.920953
1880,5580,p2,selection,156.2538604736328,1787512308.9257662
1881,1880,p1,turn,5.950903415679932,1787512308.9551637
1881,5581,p1,selection,154.54649353027344,1787512308.9589593
1881,5582,p1,selection,195.00244140625,1787512308.962759
1881,5583,p1,selection,152.286376953125,1787512308.966879
1881,1880,p2,turn,11.062591552734375,1787512308.9784622
1881,5581,p2,selection,115.65116882324219,1787512308.982266
1881,5582,p2,selection,138.4730987548828,1787512308.9866285
1881,5583,p2,selection,121.89251708984375,1787512308.9905217
1882,1881,p1,turn,15.688222885131836,1787512309.0189621
1882,5584,p1,selection,107.67642211914062,1787512309.0240269
1882,5585,p1,selection,262.5023498535156,1787512309.0287457
1882,5586,p1,selection,107.60295104980469,1787512309.0337467
1882,1881,p2,turn,9.261353492736816,1787512309.0487075
1882,5584,p2,selection,92.13411712646484,1787512309.053881
1882,5585,p2,selection,135.5464324951172,1787512309.0585122
1882,5586,p2,selection,166.4702911376953,1787512309.06309
1883,1882,p1,turn,8.886713981628418,1787512309.0834625
1883,5587,p1,selection,221.5992889404297,1787512309.0876844
1883,5588,p1,selection,255.76727294921875,1787512309.091695
1883,5589,p1,selection,286.2002868652344,1787512309.0955281
1883,1882,p2,turn,12.467859268188477,1787512309.1071904
1883,5587,p2,selection,146.30137634277344,1787512309.1111693
1883,5588,p2,selection,144.14532470703125,1787512309.115053
1883,5589,p2,selection,109.92728424072266,1787512309.1193442
1884,1883,p1,turn,9.409417152404785,1787512309.1636596
1884,5590,p1,selection,201.47621154785156,1787512309.167791
1884,5591,p1,selection,171.89129638671875,1787512309.1717288
1884,5592,p1,selection,174.51535034179688,1787512309.175753
1884,1883,p2,turn,9.132728576660156,1787512309.1876242
1884,5590,p2,selection,126.51676177978516,1787512309.1913579
1884,5591,p2,selection,161.9954071044922,1787512309.1950293
1884,5592,p2,selection,203.30343627929688,1787512309.1987474
1885,1884,p1,turn,7.463164329528809,1787512309.2400084
1885,5593,p1,selection,172.42822265625,1787512309.243718
1885,5594,p1,selection,226.67117309570312,1787512309.2474368
1885,5595,p1,selection,179.5593719482422,1787512309.25129
1885,1884,p2,turn,11.360668182373047,1787512309.262491
1885,5593,p2,selection,144.82522583007812,1787512309.26624
1885,5594,p2,selection,132.40347290039062,1787512309.2702448
1885,5595,p2,selection,149.75563049316406,1787512309.2739658
1886,1885,p1,turn,7.649655342102051,1787512309.292995
1886,5596,p1,selection,227.46743774414062,1787512309.2966654
1886,5597,p1,selection,259.484619140625,1787512309.3009243
1886,5598,p1,selection,200.06056213378906,1787512309.304735
1886,1885,p2,turn,9.297715187072754,1787512309.3160262
1886,5596,p2,selection,175.0481719970703,1787512309.3199866
1886,5597,p2,selection,109.01112365722656,1787512309.323653
1886,5598,p2,selection,127.60336303710938,1787512309.3273227
1887,1886,p1,turn,7.192234039306641,1787512309.356402
1887,5599,p1,selection,175.79656982421875,1787512309.3600895
1887,5600,p1,selection,183.7994842529297,1787512309.363977
1887,5601,p1,selection,242.67657470703125,1787512309.3681948
1887,1886,p2,turn,8.327986717224121,1787512309.379503
1887,5599,p2,selection,144.10653686523438,1787512309.3836896
1887,5600,p2,selection,125.06602478027344,1787512309.3877854
1887,5601,p2,selection,112.72968292236328,1787512309.3914275
1888,1887,p1,turn,8.599945068359375,1787512309.4194584
1888,5602,p1,selection,165.2887725830078,1787512309.4240685
1888,5603,p1,selection,270.12750244140625,1787512309.4285157
1888,5604,p1,selection,217.3241424560547,1787512309.4331644
1888,1887,p2,turn,9.005638122558594,1787512309.4467747
1888,5602,p2,selection,130.411376953125,1787512309.4512901
1888,5603,p2,selection,168.08932495117188,1787512309.4558208
1888,5604,p2,selection,118.13463592529297,1787512309.460262
1889,1888,p1,turn,6.897780895233154,1787512309.4889348
1889,5605,p1,selection,186.82852172851562,1787512309.4927223
1889,5606,p1,selection,226.95547485351562,1787512309.4964714
1889,5607,p1,selection,147.44244384765625,1787512309.5006864
1889,1888,p2,turn,14.554317474365234,1787512309.5127387
1889,5605,p2,selection,105.5448989868164,1787512309.5170405
1889,5606,p2,selection,114.18555450439453,1787512309.5214956
1889,5607,p2,selection,158.01593017578125,1787512309.526171
1890,1889,p1,turn,9.838955879211426,1787512309.6017857
1890,5608,p1,selection,180.368408203125,1787512309.605678
1890,5609,p1,selection,168.6264190673828,1787512309.6094139
1890,5610,p1,selection,173.1746063232422,1787512309.6131227
1890,1889,p2,turn,9.632272720336914,1787512309.62473
1890,5608,p2,selection,134.3236541748047,1787512309.6284952
1890,5609,p2,selection,71.292724609375,1787512309.6323318
1890,5610,p2,selection,136.85809326171875,1787512309.6363158
1891,1890,p1,turn,9.124418258666992,1787512309.662006
1891,5611,p1,selection,120.39617919921875,1787512309.6665454
1891,5612,p1,selection,253.24356079101562,1787512309.670624
1891,5613,p1,selection,254.12245178222656,1787512309.674575
1891,1890,p2,turn,9.34260368347168,1787512309.6866739
1891,5611,p2,selection,176.09393310546875,1787512309.690474
1891,5612,p2,selection,154.98526000976562,1787512309.694305
1891,5613,p2,selection,155.5396728515625,1787512309.6982043
1892,1891,p1,turn,9.146441459655762,1787512309.7200031
1892,5614,p1,selection,148.16932678222656,1787512309.723974
1892,5615,p1,selection,144.6219482421875,1787512309.727912
1892,5616,p1,selection,191.37350463867188,1787512309.73168
1892,1891,p2,turn,6.265137672424316,1787512309.7436693
1892,5614,p2,selection,142.70945739746094,1787512309.747553
1892,5615,p2,selection,107.7448501586914,1787512309.75158
1892,5616,p2,selection,126.58012390136719,1787512309.7556014
1893,1892,p1,turn,8.992162704467773,1787512309.7787728
1893,5617,p1,selection,94.16502380371094,1787512309.7828145
1893,5618,p1,selection,231.68682861328125,1787512309.7868018
1893,5619,p1,selection,157.64593505859375,1787512309.790569
1893,1892,p2,turn,9.370307922363281,1787512309.8023298
1893,5617,p2,selection,162.5640869140625,1787512309.8062997
1893,5618,p2,selection,175.60028076171875,1787512309.8100708
1893,5619,p2,selection,143.05010986328125,1787512309.8138766
1894,1893,p1,turn,9.013038635253906,1787512309.842803
1894,5620,p1,selection,241.88221740722656,1787512309.8464606
1894,5621,p1,selection,204.01412963867188,1787512309.8507113
1894,5622,p1,selection,157.59674072265625,1787512309.8545146
1894,1893,p2,turn,8.032958984375,1787512309.865424
1894,5620,p2,selection,121.02894592285156,1787512309.8693829
1894,5621,p2,selection,144.03134155273438,1787512309.8729975
1894,5622,p2,selection,149.80322265625,1787512309.8767152
1895,1894,p1,turn,13.327000617980957,1787512309.894112
1895,5623,p1,selection,254.49411010742188,1787512309.8979058
1895,5624,p1,selection,163.58628845214844,1787512309.9019032
1895,5625,p1,selection,124.90037536621094,1787512309.9056044
1895,1894,p2,turn,11.754732131958008,1787512309.9173129
1895,5623,p2,selection,99.51713562011719,1787512309.92117
1895,5624,p2,selection,160.7305908203125,1787512309.924886
1895,5625,p2,selection,138.74159240722656,1787512309.9288008
1896,1895,p1,turn,9.098268508911133,1787512309.9485571
1896,5626,p1,selection,191.7173309326172,1787512309.9525158
1896,5627,p1,selection,224.20962524414062,1787512309.956212
1896,5628,p1,selection,186.9361114501953,1787512309.9600062
1896,1895,p2,turn,10.897600173950195,1787512309.971592
1896,5626,p2,selection,151.6360321044922,1787512309.9753377
1896,5627,p2,selection,151.577880859375,1787512309.9790366
1896,5628,p2,selection,158.15850830078125,1787512309.982907
1897,1896,p1,turn,8.035200119018555,1787512310.0075989
1897,5629,p1,selection,185.5830078125,1787512310.0113356
1897,5630,p1,selection,189.24359130859375,1787512310.0151076
1897,5631,p1,selection,210.2668914794922,1787512310.0190647
1897,1896,p2,turn,11.160171508789062,1787512310.0304933
1897,5629,p2,selection,127.96847534179688,1787512310.034508
1897,5630,p2,selection,120.67935180664062,1787512310.0383172
1897,5631,p2,selection,147.6016845703125,1787512310.041976
1898,1897,p1,turn,5.197623252868652,1787512310.0599535
1898,5632,p1,selection,205.15708923339844,1787512310.0638783
1898,5633,p1,selection,170.41510009765625,1787512310.067903
1898,5634,p1,selection,191.34780883789062,1787512310.0717454
1898,1897,p2,turn,8.621981620788574,1787512310.082977
1898,5632,p2,selection,120.67554473876953,1787512310.0869348
1898,5633,p2,selection,151.6067657470703,1787512310.0906706
1898,5634,p2,selection,139.84266662597656,1787512310.0944576
1899,1898,p1,turn,8.958727836608887,1787512310.1144307
1899,5635,p1,selection,186.9136962890625,1787512310.1184175
1899,5636,p1,selection,189.08485412597656,1787512310.1223187
1899,5637,p1,selection,218.7382049560547,1787512310.1260867
1899,1898,p2,turn,10.863525390625,1787512310.1378446
1899,5635,p2,selection,173.08895874023438,1787512310.141577
1899,5636,p2,selection,184.95697021484375,1787512310.1453125
1899,5637,p2,selection,126.34104919433594,1787512310.1491277
1900,1899,p1,turn,11.104796409606934,1787512310.1663816
1900,5638,p1,selection,217.49818420410156,1787512310.170387
1900,5639,p1,selection,164.73040771484375,1787512310.1741512
1900,5640,p1,selection,177.7322998046875,1787512310.1779785
1900,1899,p2,turn,10.589090347290039,1787512310.189689
1900,5638,p2,selection,134.81463623046875,1787512310.1934335
1900,5639,p2,selection,157.5068359375,1787512310.1972427
1900,5640,p2,selection,131.6903533935547,1787512310.2012405
1901,1900,p1,turn,7.787284851074219,1787512310.236357
1901,5641,p1,selection,182.25152587890625,1787512310.2402203
1901,5642,p1,selection,197.18312072753906,1787512310.2440248
1901,5643,p1,selection,184.14625549316406,1787512310.2477357
1901,1900,p2,turn,10.294244766235352,1787512310.2597644
1901,5641,p2,selection,213.80224609375,1787512310.2634814
1901,5642,p2,selection,105.34831237792969,1787512310.2676277
1901,5643,p2,selection,181.34783935546875,1787512310.271483
1902,1901,p1,turn,11.932523727416992,1787512310.3106482
1902,5644,p1,selection,197.7900848388672,1787512310.3144245
1902,5645,p1,selection,134.36004638671875,1787512310.3186302
1902,5646,p1,selection,178.20907592773438,1787512310.3224833
1902,1901,p2,turn,9.556447982788086,1787512310.3346198
1902,5644,p2,selection,113.35992431640625,1787512310.3385236
1902,5645,p2,selection,114.10448455810547,1787512310.342238
1902,5646,p2,selection,171.49520874023438,1787512310.3458734
1903,1902,p1,turn,9.25313663482666,1787512310.3652973
1903,5647,p1,selection,246.79190063476562,1787512310.3696287
1903,5648,p1,selection,164.8451385498047,1787512310.3734856
1903,5649,p1,selection,171.78443908691406,1787512310.3774056
1903,1902,p2,turn,10.81037712097168,1787512310.3896525
1903,5647,p2,selection,114.54212951660156,1787512310.3935566
1903,5648,p2,selection,115.72389221191406,1787512310.3975816
1903,5649,p2,selection,168.9980010986328,1787512310.4015195
1904,1903,p1,turn,12.454920768737793,1787512310.4223871
1904,5650,p1,selection,258.42584228515625,1787512310.4270666
1904,5651,p1,selection,158.19580078125,1787512310.4310057
1904,5652,p1,selection,147.9408721923828,1787512310.4350388
1904,1903,p2,turn,11.380399703979492,1787512310.447058
1904,5650,p2,selection,117.92601776123047,1787512310.4515653
1904,5651,p2,selection,135.9644775390625,1787512310.45578
1904,5652,p2,selection,149.0099639892578,1787512310.4596817
1905,1904,p1,turn,10.257364273071289,1787512310.479007
1905,5653,p1,selection,173.8705596923828,1787512310.4831629
1905,5654,p1,selection,143.79165649414062,1787512310.48727
1905,5655,p1,selection,187.9037322998047,1787512310.4911883
1905,1904,p2,turn,8.787317276000977,1787512310.5037243
1905,5653,p2,selection,111.42303466796875,1787512310.5078478
1905,5654,p2,selection,97.25941467285156,1787512310.511723
1905,5655,p2,selection,135.43692016601562,1787512310.5156214
1906,1905,p1,turn,12.15611457824707,1787512310.5368366
1906,5656,p1,selection,256.81707763671875,1787512310.5407126
1906,5657,p1,selection,191.3643798828125,1787512310.5445828
1906,5658,p1,selection,155.20361328125,1787512310.5485642
1906,1905,p2,turn,11.22118091583252,1787512310.5603824
1906,5656,p2,selection,127.32440948486328,1787512310.5642774
1906,5657,p2,selection,172.67584228515625,1787512310.568385
1906,5658,p2,selection,157.48599243164062,1787512310.5723948
1907,1906,p1,turn,11.154114723205566,1787512310.6051464
1907,5659,p1,selection,162.79974365234375,1787512310.60914
1907,5660,p1,selection,139.65455627441406,1787512310.6132946
1907,5661,p1,selection,180.1161346435547,1787512310.6177
1907,1906,p2,turn,9.379253387451172,1787512310.6300857
1907,5659,p2,selection,120.1101303100586,1787512310.634363
1907,5660,p2,selection,97.00775146484375,1787512310.6385844
1907,5661,p2,selection,137.09364318847656,1787512310.6426783
1908,1907,p1,turn,11.58114242553711,1787512310.6624167
1908,5662,p1,selection,155.5947265625,1787512310.6665204
1908,5663,p1,selection,199.16513061523438,1787512310.6705327
1908,5664,p1,selection,219.89590454101562,1787512310.674429
1908,1907,p2,turn,10.31653118133545,1787512310.68709
1908,5662,p2,selection,119.60543060302734,1787512310.6909778
1908,5663,p2,selection,135.68392944335938,1787512310.6951392
1908,5664,p2,selection,117.77796173095703,1787512310.7074811
1909,1908,p1,turn,10.051618576049805,1787512310.7458928
1909,5665,p1,selection,159.46609497070312,1787512310.7547076
1909,5666,p1,selection,157.84429931640625,1787512310.760394
1909,5667,p1,selection,198.52337646484375,1787512310.7647629
1909,1908,p2,turn,5.292795658111572,1787512310.7785933
1909,5665,p2,selection,199.64553833007812,1787512310.7830274
1909,5666,p2,selection,84.0955581665039,1787512310.7872887
1909,5667,p2,selection,164.53977966308594,1787512310.791437
1910,1909,p1,turn,11.778133392333984,1787512310.8513944
1910,5668,p1,selection,176.1159210205078,1787512310.8554997
1910,5669,p1,selection,194.15565490722656,1787512310.8595548
1910,5670,p1,selection,192.38955688476562,1787512310.8635652
1910,1909,p2,turn,8.375860214233398,1787512310.8756676
1910,5668,p2,selection,117.12159729003906,1787512310.87958
1910,5669,p2,selection,187.81414794921875,1787512310.883782
1910,5670,p2,selection,106.24124908447266,1787512310.8879492
1911,1910,p1,turn,12.712380409240723,1787512310.9167926
1911,5671,p1,selection,134.69528198242188,1787512310.9209962
1911,5672,p1,selection,211.40713500976562,1787512310.9249477
1911,5673,p1,selection,163.04638671875,1787512310.9292812
1911,1910,p2,turn,5.196691989898682,1787512310.9419215
1911,5671,p2,selection,80.2950210571289,1787512310.9461296
1911,5672,p2,selection,159.60585021972656,1787512310.9516869
1911,5673,p2,selection,118.84432983398438,1787512310.9557533
1912,1911,p1,turn,5.763906955718994,1787512310.9746394
1912,5674,p1,selection,161.9120635986328,1787512310.979267
1912,5675,p1,selection,212.8563995361328,1787512310.9842246
1912,5676,p1,selection,252.47225952148438,1787512310.988963
1912,1911,p2,turn,8.290813446044922,1787512311.0032473
1912,5674,p2,selection,138.37722778320312,1787512311.0082028
1912,5675,p2,selection,181.74160766601562,1787512311.0131245
1912,5676,p2,selection,161.7047882080078,1787512311.0180092
1913,1912,p1,turn,5.798447608947754,1787512311.0556805
1913,5677,p1,selection,169.45211791992188,1787512311.0596461
1913,5678,p1,selection,181.4659423828125,1787512311.0637867
1913,5679,p1,selection,227.74774169921875,1787512311.0680206
1913,1912,p2,turn,7.433900833129883,1787512311.080159
1913,5677,p2,selection,125.6756591796875,1787512311.0845094
1913,5678,p2,selection,114.80426788330078,1787512311.0887852
1913,5679,p2,selection,149.90524291992188,1787512311.0926828
1914,1913,p1,turn,10.476627349853516,1787512311.1177554
1914,5680,p1,selection,186.60516357421875,1787512311.1222
1914,5681,p1,selection,144.33526611328125,1787512311.125997
1914,5682,p1,selection,192.7374725341797,1787512311.1298
1914,1913,p2,turn,12.925769805908203,1787512311.1435366
1914,5680,p2,selection,75.36048889160156,1787512311.147382
1914,5681,p2,selection,148.0977020263672,1787512311.1517432
1914,5682,p2,selection,176.31495666503906,1787512311.156836
1915,1914,p1,turn,16.763938903808594,1787512311.2141972
1915,5683,p1,selection,172.76979064941406,1787512311.218217
1915,5684,p1,selection,168.6558074951172,1787512311.2220368
1915,5685,p1,selection,190.38377380371094,1787512311.2257924
1915,1914,p2,turn,9.41226863861084,1787512311.2375028
1915,5683,p2,selection,144.1602020263672,1787512311.241177
1915,5684,p2,selection,131.7243194580078,1787512311.2447796
1915,5685,p2,selection,135.9095916748047,1787512311.2484877
1916,1915,p1,turn,13.114402770996094,1787512311.2678478
1916,5686,p1,selection,203.39767456054688,1787512311.2716532
1916,5687,p1,selection,180.49191284179688,1787512311.2753315
1916,5688,p1,selection,208.34617614746094,1787512311.278992
1916,1915,p2,turn,10.385851860046387,1787512311.290546
1916,5686,p2,selection,125.57684326171875,1787512311.294491
1916,5687,p2,selection,125.10304260253906,1787512311.2982621
1916,5688,p2,selection,162.07968139648438,1787512311.3022928
1917,1916,p1,turn,10.992327690124512,1787512311.3292315
1917,5689,p1,selection,189.3319549560547,1787512311.3332016
1917,5690,p1,selection,197.4555206298828,1787512311.3370996
1917,5691,p1,selection,193.02066040039062,1787512311.3409212
1917,1916,p2,turn,8.226356506347656,1787512311.3528202
1917,5689,p2,selection,147.09823608398438,1787512311.35671
1917,5690,p2,selection,118.52970886230469,1787512311.3603497
1917,5691,p2,selection,118.03922271728516,1787512311.3640356
1918,1917,p1,turn,12.895939826965332,1787512311.4002988
1918,5692,p1,selection,205.97769165039062,1787512311.4043121
1918,5693,p1,selection,208.04234313964844,1787512311.4081714
1918,5694,p1,selection,143.41114807128906,1787512311.4122636
1918,1917,p2,turn,12.974365234375,1787512311.4246318
1918,5692,p2,selection,124.78742218017578,1787512311.42835
1918,5693,p2,selection,91.80989837646484,1787512311.4320285
1918,5694,p2,selection,120.6097640991211,1787512311.4361186
1919,1918,p1,turn,11.351104736328125,1787512311.459342
1919,5695,p1,selection,323.37420654296875,1787512311.463043
1919,5696,p1,selection,194.47866821289062,1787512311.4671252
1919,5697,p1,selection,253.642822265625,1787512311.4709282
1919,1918,p2,turn,9.489429473876953,1787512311.4824657
1919,5695,p2,selection,177.2683563232422,1787512311.486491
1919,5696,p2,selection,137.71705627441406,1787512311.490171
1919,5697,p2,selection,115.55023193359375,1787512311.4938617
1920,1919,p1,turn,8.91195011138916,1787512311.5206704
1920,5698,p1,selection,212.79315185546875,1787512311.5243766
1920,5699,p1,selection,173.90846252441406,1787512311.5280502
1920,5700,p1,selection,166.0699920654297,1787512311.5319703
1920,1919,p2,turn,9.795939445495605,1787512311.543676
1920,5698,p2,selection,156.46604919433594,1787512311.5473945
1920,5699,p2,selection,126.21923828125,1787512311.55125
1920,5700,p2,selection,98.57337188720703,1787512311.5552511
1921,1920,p1,turn,11.048792839050293,1787512311.5847528
1921,5701,p1,selection,220.5550537109375,1787512311.5885057
1921,5702,p1,selection,147.1751708984375,1787512311.5923474
1921,5703,p1,selection,107.02530670166016,1787512311.5960104
1921,1920,p2,turn,9.202825546264648,1787512311.608045
1921,5701,p2,selection,150.17178344726562,1787512311.6117096
1921,5702,p2,selection,90.79167938232422,1787512311.6153815
1921,5703,p2,selection,140.64501953125,1787512311.6195889
1922,1921,p1,turn,7.204928874969482,1787512311.656163
1922,5704,p1,selection,119.01802825927734,1787512311.6613493
1922,5705,p1,selection,178.75018310546875,1787512311.6665895
1922,5706,p1,selection,168.98284912109375,1787512311.6719987
1922,1921,p2,turn,8.71253490447998,1787512311.6885183
1922,5704,p2,selection,109.0414047241211,1787512311.6922665
1922,5705,p2,selection,133.46688842773438,1787512311.695994
1922,5706,p2,selection,84.04204559326172,1787512311.7001948
1923,1922,p1,turn,8.88204288482666,1787512311.7269104
1923,5707,p1,selection,159.8003692626953,1787512311.7316265
1923,5708,p1,selection,201.0342559814453,1787512311.7370484
1923,5709,p1,selection,186.7079620361328,1787512311.7423284
1923,1922,p2,turn,14.147346496582031,1787512311.7553117
1923,5707,p2,selection,122.09358215332031,1787512311.7591252
1923,5708,p2,selection,161.88938903808594,1787512311.7628565
1923,5709,p2,selection,136.56390380859375,1787512311.7670429
1924,1923,p1,turn,9.260098457336426,1787512311.833862
1924,5710,p1,selection,209.4656219482422,1787512311.8385525
1924,5711,p1,selection,207.25851440429688,1787512311.84314
1924,5712,p1,selection,166.5526580810547,1787512311.8475087
1924,1923,p2,turn,12.020791053771973,1787512311.8592255
1924,5710,p2,selection,114.54080200195312,1787512311.8629856
1924,5711,p2,selection,157.88973999023438,1787512311.8672607
1924,5712,p2,selection,131.55711364746094,1787512311.8714507
1925,1924,p1,turn,8.427292823791504,1787512311.8903108
1925,5713,p1,selection,209.2847900390625,1787512311.8940792
1925,5714,p1,selection,158.86776733398438,1787512311.8978252
1925,5715,p1,selection,144.09756469726562,1787512311.9017246
1925,1924,p2,turn,11.855122566223145,1787512311.9135625
1925,5713,p2,selection,161.26771545410156,1787512311.9175074
1925,5714,p2,selection,166.8970489501953,1787512311.9213128
1925,5715,p2,selection,143.57472229003906,1787512311.9249558
1926,1925,p1,turn,12.63504409790039,1787512311.9545603
1926,5716,p1,selection,220.80612182617188,1787512311.9584348
1926,5717,p1,selection,210.2572021484375,1787512311.9621701
1926,5718,p1,selection,167.38519287109375,1787512311.9659266
1926,1925,p2,turn,10.539340019226074,1787512311.9773142
1926,5716,p2,selection,181.31817626953125,1787512311.9809604
1926,5717,p2,selection,107.61268615722656,1787512311.9847474
1926,5718,p2,selection,222.51429748535156,1787512311.9885051
1927,1926,p1,turn,12.213647842407227,1787512312.0740666
1927,5719,p1,selection,144.80897521972656,1787512312.0799007
1927,5720,p1,selection,206.04476928710938,1787512312.0851781
1927,5721,p1,selection,179.4095916748047,1787512312.0906718
1927,1926,p2,turn,9.62071704864502,1787512312.107828
1927,5719,p2,selection,108.7906265258789,1787512312.1120777
1927,5720,p2,selection,130.0679473876953,1787512312.1174254
1927,5721,p2,selection,95.84134674072266,1787512312.1227849
1928,1927,p1,turn,10.239330291748047,1787512312.1469424
1928,5722,p1,selection,178.4812774658203,1787512312.1520438
1928,5723,p1,selection,146.73866271972656,1787512312.1571717
1928,5724,p1,selection,138.9899444580078,1787512312.1621757
1928,1927,p2,turn,8.408173561096191,1787512312.175517
1928,5722,p2,selection,113.3874282836914,1787512312.1796043
1928,5723,p2,selection,120.01614379882812,1787512312.1841402
1928,5724,p2,selection,222.28414916992188,1787512312.1892312
1929,1928,p1,turn,7.447385787963867,1787512312.2181854
1929,5725,p1,selection,183.66506958007812,1787512312.2232337
1929,5726,p1,selection,174.1317596435547,1787512312.228082
1929,5727,p1,selection,135.61041259765625,1787512312.2328384
1929,1928,p2,turn,10.154755592346191,1787512312.2483647
1929,5725,p2,selection,151.54940795898438,1787512312.253414
1929,5726,p2,selection,159.12738037109375,1787512312.2580738
1929,5727,p2,selection,174.68966674804688,1787512312.2629173
1930,1929,p1,turn,9.559039115905762,1787512312.2923505
1930,5728,p1,selection,137.98696899414062,1787512312.2970188
1930,5729,p1,selection,240.69337463378906,1787512312.301744
1930,5730,p1,selection,147.81570434570312,1787512312.3057768
1930,1929,p2,turn,9.360084533691406,1787512312.3185074
1930,5728,p2,selection,133.4781951904297,1787512312.322907
1930,5729,p2,selection,209.1417694091797,1787512312.328251
1930,5730,p2,selection,199.38601684570312,1787512312.3326428
1931,1930,p1,turn,10.342846870422363,1787512312.3706014
1931,5731,p1,selection,160.72601318359375,1787512312.3756313
1931,5732,p1,selection,181.68994140625,1787512312.380833
1931,5733,p1,selection,165.63565063476562,1787512312.386798
1931,1930,p2,turn,11.79338264465332,1787512312.4025428
1931,5731,p2,selection,104.90873718261719,1787512312.4071956
1931,5732,p2,selection,151.60816955566406,1787512312.4121115
1931,5733,p2,selection,166.6609344482422,1787512312.417364
1932,1931,p1,turn,6.737470626831055,1787512312.4474523
1932,5734,p1,selection,141.80023193359375,1787512312.452581
1932,5735,p1,selection,171.1070098876953,1787512312.4576046
1932,5736,p1,selection,143.2012176513672,1787512312.463127
1932,1931,p2,turn,7.646383285522461,1787512312.4771638
1932,5734,p2,selection,117.76236724853516,1787512312.4813306
1932,5735,p2,selection,175.5258026123047,1787512312.4859173
1932,5736,p2,selection,133.1431121826172,1787512312.4905298
1933,1932,p1,turn,14.016170501708984,1787512312.5123885
1933,5737,p1,selection,146.0757293701172,1787512312.5176775
1933,5738,p1,selection,198.04306030273438,1787512312.5220525
1933,5739,p1,selection,160.3446044921875,1787512312.5271108
1933,1932,p2,turn,8.788958549499512,1787512312.5420692
1933,5737,p2,selection,174.39552307128906,1787512312.5479863
1933,5738,p2,selection,114.58744812011719,1787512312.554326
1933,5739,p2,selection,152.44418334960938,1787512312.5590515
1934,1933,p1,turn,8.916141510009766,1787512312.593004
1934,5740,p1,selection,172.67970275878906,1787512312.5985498
1934,5741,p1,selection,179.3721160888672,1787512312.6031013
1934,5742,p1,selection,168.26190185546875,1787512312.6074636
1934,1933,p2,turn,10.1729154586792,1787512312.6199963
1934,5740,p2,selection,142.02499389648438,1787512312.624238
1934,5741,p2,selection,169.22145080566406,1787512312.6282601
1934,5742,p2,selection,186.43260192871094,1787512312.6332743
1935,1934,p1,turn,14.617414474487305,1787512312.6538882
1935,5743,p1,selection,186.84213256835938,1787512312.6578512
1935,5744,p1,selection,108.19950866699219,1787512312.6619375
1935,5745,p1,selection,209.17196655273438,1787512312.6661627
1935,1934,p2,turn,10.107864379882812,1787512312.6795921
1935,5743,p2,selection,191.9927520751953,1787512312.6840806
1935,5744,p2,selection,94.87684631347656,1787512312.688409
1935,5745,p2,selection,147.70973205566406,1787512312.692454
1936,1935,p1,turn,7.180616855621338,1787512312.7144368
1936,5746,p1,selection,205.2360076904297,1787512312.7191484
1936,5747,p1,selection,217.9327392578125,1787512312.7236247
1936,5748,p1,selection,145.1735382080078,1787512312.7282376
1936,1935,p2,turn,10.270039558410645,1787512312.74327
1936,5746,p2,selection,142.7440185546875,1787512312.7484555
1936,5747,p2,selection,81.54194641113281,1787512312.7541618
1936,5748,p2,selection,157.7459716796875,1787512312.7604625
1937,1936,p1,turn,10.046975135803223,1787512312.8075411
1937,5749,p1,selection,158.4816131591797,1787512312.812491
1937,5750,p1,selection,186.84146118164062,1787512312.8172169
1937,5751,p1,selection,142.53871154785156,1787512312.822637
1937,1936,p2,turn,9.520947456359863,1787512312.8366206
1937,5749,p2,selection,133.7841339111328,1787512312.840825
1937,5750,p2,selection,154.3043975830078,1787512312.8454587
1937,5751,p2,selection,90.34867095947266,1787512312.850019
1938,1937,p1,turn,8.36685848236084,1787512312.8724506
1938,5752,p1,selection,210.189453125,1787512312.876746
1938,5753,p1,selection,229.91836547851562,1787512312.881552
1938,5754,p1,selection,209.9191436767578,1787512312.8861756
1938,1937,p2,turn,6.640979766845703,1787512312.900331
1938,5752,p2,selection,156.771484375,1787512312.9062226
1938,5753,p2,selection,182.21585083007812,1787512312.911892
1938,5754,p2,selection,148.24221801757812,1787512312.9176676
1939,1938,p1,turn,9.901813507080078,1787512312.9413075
1939,5755,p1,selection,205.7542266845703,1787512312.9453344
1939,5756,p1,selection,215.42637634277344,1787512312.9493914
1939,5757,p1,selection,117.81373596191406,1787512312.9536626
1939,1938,p2,turn,7.527230262756348,1787512312.9661689
1939,5755,p2,selection,116.77778625488281,1787512312.9704466
1939,5756,p2,selection,180.47239685058594,1787512312.9745307
1939,5757,p2,selection,173.89871215820312,1787512312.9784863
1940,1939,p1,turn,12.321259498596191,1787512312.9984787
1940,5758,p1,selection,137.61090087890625,1787512313.0032141
1940,5759,p1,selection,161.6429443359375,1787512313.0071836
1940,5760,p1,selection,177.06361389160156,1787512313.0115566
1940,1939,p2,turn,9.714688301086426,1787512313.0256977
1940,5758,p2,selection,122.9471664428711,1787512313.0306292
1940,5759,p2,selection,156.08096313476562,1787512313.0351012
1940,5760,p2,selection,181.57565307617188,1787512313.0392714
1941,1940,p1,turn,7.1695685386657715,1787512313.067393
1941,5761,p1,selection,171.14422607421875,1787512313.071563
1941,5762,p1,selection,181.92300415039062,1787512313.0754802
1941,5763,p1,selection,240.37307739257812,1787512313.0794709
1941,1940,p2,turn,6.604109764099121,1787512313.092103
1941,5761,p2,selection,153.36305236816406,1787512313.0969644
1941,5762,p2,selection,144.29991149902344,1787512313.1019857
1941,5763,p2,selection,172.77102661132812,1787512313.1067183
1942,1941,p1,turn,12.632959365844727,1787512313.1359212
1942,5764,p1,selection,126.3544921875,1787512313.140336
1942,5765,p1,selection,173.7257537841797,1787512313.144835
1942,5766,p1,selection,235.84498596191406,1787512313.1499827
1942,1941,p2,turn,14.31381607055664,1787512313.164922
1942,5764,p2,selection,187.3985595703125,1787512313.169039
1942,5765,p2,selection,156.8951416015625,1787512313.173017
1942,5766,p2,selection,136.72750854492188,1787512313.1769996
1943,1942,p1,turn,10.838027954101562,1787512313.2086763
1943,5767,p1,selection,247.80052185058594,1787512313.2126288
1943,5768,p1,selection,214.26214599609375,1787512313.2167943
1943,5769,p1,selection,137.42642211914062,1787512313.2207475
1943,1942,p2,turn,9.669196128845215,1787512313.23252
1943,5767,p2,selection,204.87466430664062,1787512313.2369723
1943,5768,p2,selection,98.29925537109375,1787512313.2408552
1943,5769,p2,selection,140.04800415039062,1787512313.2455323
1944,1943,p1,turn,8.102887153625488,1787512313.276465
1944,5770,p1,selection,183.08721923828125,1787512313.280263
1944,5771,p1,selection,176.5639190673828,1787512313.2843585
1944,5772,p1,selection,228.2647705078125,1787512313.2881656
1944,1943,p2,turn,7.106032848358154,1787512313.3001535
1944,5770,p2,selection,174.9712677001953,1787512313.3040192
1944,5771,p2,selection,147.9605255126953,1787512313.3077095
1944,5772,p2,selection,107.55319213867188,1787512313.3114097
