episode,replayed_count,player,network,loss,timestamp
9,1,p1,turn,19.4702205657959,1787483371.2991154
9,1,p2,turn,20.437030792236328,1787483371.3001487
10,2,p1,turn,18.382051467895508,1787483371.332391
10,2,p2,turn,19.605539321899414,1787483371.3332446
11,3,p1,turn,20.002559661865234,1787483371.3747823
11,3,p2,turn,18.11133575439453,1787483371.3756204
12,4,p1,turn,23.14063835144043,1787483371.4079094
12,4,p2,turn,20.467365264892578,1787483371.408802
13,5,p1,turn,15.47986888885498,1787483371.4473948
13,5,p2,turn,20.27657699584961,1787483371.448217
14,6,p1,turn,18.46601676940918,1787483371.4855275
14,6,p2,turn,18.95894432067871,1787483371.4863708
15,7,p1,turn,18.439239501953125,1787483371.5121436
15,7,p2,turn,17.76455307006836,1787483371.5129662
16,8,p1,turn,20.492643356323242,1787483371.5563533
16,8,p2,turn,19.776504516601562,1787483371.557179
17,9,p1,turn,21.1685848236084,1787483371.5956368
17,9,p2,turn,21.19137954711914,1787483371.596257
18,10,p1,turn,22.011112213134766,1787483371.629268
18,10,p2,turn,16.850481033325195,1787483371.6301503
19,11,p1,turn,20.27701187133789,1787483371.6697032
19,11,p2,turn,16.007741928100586,1787483371.6705265
20,12,p1,turn,19.52243423461914,1787483371.7006185
20,12,p2,turn,21.17021942138672,1787483371.7013137
21,13,p1,turn,18.280200958251953,1787483371.7219403
21,13,p2,turn,19.759204864501953,1787483371.7225645
21,1,p1,selection,96.66227722167969,1787483371.7278523
21,2,p1,selection,96.67796325683594,1787483371.7321343
21,3,p1,selection,96.26924133300781,1787483371.7358944
21,1,p2,selection,106.83207702636719,1787483371.73978
21,2,p2,selection,106.62174987792969,1787483371.7453318
21,3,p2,selection,106.22467041015625,1787483371.7514486
22,14,p1,turn,17.740331649780273,1787483371.7979834
22,14,p2,turn,21.287303924560547,1787483371.7988112
22,4,p1,selection,96.5761947631836,1787483371.8027475
22,5,p1,selection,98.22347259521484,1787483371.806609
22,6,p1,selection,97.43425750732422,1787483371.810776
22,4,p2,selection,105.16184997558594,1787483371.8147619
22,5,p2,selection,103.57569885253906,1787483371.818632
22,6,p2,selection,104.0014419555664,1787483371.8224366
23,15,p1,turn,13.695013999938965,1787483371.845177
23,15,p2,turn,23.090282440185547,1787483371.845711
23,7,p1,selection,96.91397857666016,1787483371.84781
23,8,p1,selection,97.66490936279297,1787483371.8497953
23,9,p1,selection,97.58113098144531,1787483371.8517532
23,7,p2,selection,104.63338470458984,1787483371.853703
23,8,p2,selection,105.18880462646484,1787483371.8556385
23,9,p2,selection,104.27620697021484,1787483371.8580723
24,16,p1,turn,20.97101402282715,1787483371.897435
24,16,p2,turn,18.874176025390625,1787483371.8982859
24,10,p1,selection,98.15858459472656,1787483371.902359
24,11,p1,selection,99.26448059082031,1787483371.9063246
24,12,p1,selection,100.65511322021484,1787483371.91073
24,10,p2,selection,104.70887756347656,1787483371.914816
24,11,p2,selection,106.3177719116211,1787483371.9187083
24,12,p2,selection,106.5048828125,1787483371.9224732
25,17,p1,turn,15.688197135925293,1787483371.9389772
25,17,p2,turn,21.775110244750977,1787483371.9394925
25,13,p1,selection,100.69552612304688,1787483371.9424405
25,14,p1,selection,98.907470703125,1787483371.9467072
25,15,p1,selection,99.8084945678711,1787483371.9506972
25,13,p2,selection,104.3905029296875,1787483371.9545717
25,14,p2,selection,107.95480346679688,1787483371.958666
25,15,p2,selection,106.62091827392578,1787483371.962877
26,18,p1,turn,19.921310424804688,1787483371.999276
26,18,p2,turn,17.99403190612793,1787483372.0000825
26,16,p1,selection,98.56519317626953,1787483372.003979
26,17,p1,selection,101.26628112792969,1787483372.0080774
26,18,p1,selection,101.55778503417969,1787483372.0122256
26,16,p2,selection,106.7208251953125,1787483372.0161505
26,17,p2,selection,108.27412414550781,1787483372.0199265
26,18,p2,selection,108.44659423828125,1787483372.0236506
27,19,p1,turn,20.996639251708984,1787483372.0631418
27,19,p2,turn,23.398597717285156,1787483372.063948
27,19,p1,selection,98.74939727783203,1787483372.0678854
27,20,p1,selection,98.88451385498047,1787483372.0719132
27,21,p1,selection,99.21894836425781,1787483372.0769315
27,19,p2,selection,106.64544677734375,1787483372.081449
27,20,p2,selection,105.57685089111328,1787483372.0858781
27,21,p2,selection,107.41891479492188,1787483372.090365
28,20,p1,turn,18.53719711303711,1787483372.1142697
28,20,p2,turn,23.72772789001465,1787483372.1149182
28,22,p1,selection,98.45276641845703,1787483372.1192274
28,23,p1,selection,99.78681182861328,1787483372.1231635
28,24,p1,selection,98.79473876953125,1787483372.1278028
28,22,p2,selection,103.88256072998047,1787483372.1319091
28,23,p2,selection,108.03158569335938,1787483372.13573
28,24,p2,selection,105.1322021484375,1787483372.1394227
29,21,p1,turn,23.09110450744629,1787483372.1803505
29,21,p2,turn,16.726470947265625,1787483372.1808965
29,25,p1,selection,101.44697570800781,1787483372.1835742
29,26,p1,selection,99.2587890625,1787483372.1860971
29,27,p1,selection,101.55400085449219,1787483372.1885686
29,25,p2,selection,104.435302734375,1787483372.1910782
29,26,p2,selection,104.10577392578125,1787483372.194175
29,27,p2,selection,105.3174819946289,1787483372.196796
30,22,p1,turn,18.1261043548584,1787483372.2372608
30,22,p2,turn,16.609376907348633,1787483372.2380364
30,28,p1,selection,98.1203384399414,1787483372.242276
30,29,p1,selection,101.13239288330078,1787483372.246572
30,30,p1,selection,100.24208068847656,1787483372.2505152
30,28,p2,selection,107.29578399658203,1787483372.2543867
30,29,p2,selection,108.02786254882812,1787483372.2587392
30,30,p2,selection,105.5087890625,1787483372.2630324
31,23,p1,turn,17.158489227294922,1787483372.3033984
31,23,p2,turn,22.246896743774414,1787483372.3042042
31,31,p1,selection,98.94039916992188,1787483372.3083386
31,32,p1,selection,100.90486907958984,1787483372.3126981
31,33,p1,selection,100.41805267333984,1787483372.316666
31,31,p2,selection,108.1607666015625,1787483372.3205328
31,32,p2,selection,106.81674194335938,1787483372.324354
31,33,p2,selection,108.06465148925781,1787483372.3288007
32,24,p1,turn,22.666873931884766,1787483372.3687377
32,24,p2,turn,18.90851593017578,1787483372.3693395
32,34,p1,selection,98.20587921142578,1787483372.3720179
32,35,p1,selection,100.7886962890625,1787483372.3747878
32,36,p1,selection,98.56356811523438,1787483372.3791568
32,34,p2,selection,106.02763366699219,1787483372.383151
32,35,p2,selection,106.15138244628906,1787483372.387051
32,36,p2,selection,105.95203399658203,1787483372.3910236
33,25,p1,turn,18.357595443725586,1787483372.4333847
33,25,p2,turn,16.236764907836914,1787483372.4342506
33,37,p1,selection,99.88069152832031,1787483372.4381819
33,38,p1,selection,97.90129089355469,1787483372.4422674
33,39,p1,selection,102.23990631103516,1787483372.4460373
33,37,p2,selection,102.63456726074219,1787483372.4481604
33,38,p2,selection,104.4012451171875,1787483372.450152
33,39,p2,selection,107.65192413330078,1787483372.4520981
34,26,p1,turn,20.853418350219727,1787483372.4690773
34,26,p2,turn,10.843817710876465,1787483372.4696572
34,40,p1,selection,102.09234619140625,1787483372.4721794
34,41,p1,selection,99.60901641845703,1787483372.4748404
34,42,p1,selection,100.840087890625,1787483372.477807
34,40,p2,selection,107.96322631835938,1787483372.4804072
34,41,p2,selection,108.08576965332031,1787483372.48309
34,42,p2,selection,109.28668212890625,1787483372.4856215
35,27,p1,turn,21.056440353393555,1787483372.5224962
35,27,p2,turn,25.909404754638672,1787483372.523297
35,43,p1,selection,101.96350860595703,1787483372.5278008
35,44,p1,selection,101.60482025146484,1787483372.5322669
35,45,p1,selection,104.0241470336914,1787483372.5362687
35,43,p2,selection,106.01231384277344,1787483372.5401344
35,44,p2,selection,103.07079315185547,1787483372.5446208
35,45,p2,selection,107.52561950683594,1787483372.5485682
36,28,p1,turn,16.12957191467285,1787483372.5816557
36,28,p2,turn,21.105762481689453,1787483372.582286
36,46,p1,selection,102.1072998046875,1787483372.5851614
36,47,p1,selection,101.69198608398438,1787483372.5876849
36,48,p1,selection,103.30414581298828,1787483372.5902894
36,46,p2,selection,106.02642822265625,1787483372.5934255
36,47,p2,selection,104.70484161376953,1787483372.5962248
36,48,p2,selection,103.32865142822266,1787483372.598753
37,29,p1,turn,15.599681854248047,1787483372.6324027
37,29,p2,turn,18.635395050048828,1787483372.6331987
37,49,p1,selection,102.32112884521484,1787483372.6371355
37,50,p1,selection,103.99343872070312,1787483372.641401
37,51,p1,selection,101.039794921875,1787483372.6460972
37,49,p2,selection,107.83724975585938,1787483372.6507986
37,50,p2,selection,107.22480773925781,1787483372.655203
37,51,p2,selection,107.79257202148438,1787483372.6592493
38,30,p1,turn,22.490446090698242,1787483372.6867824
38,30,p2,turn,17.712322235107422,1787483372.687391
38,52,p1,selection,102.2090072631836,1787483372.6899362
38,53,p1,selection,104.57559967041016,1787483372.6926074
38,54,p1,selection,101.23844146728516,1787483372.6951683
38,52,p2,selection,106.71276092529297,1787483372.6976576
38,53,p2,selection,106.74594116210938,1787483372.7000744
38,54,p2,selection,107.34298706054688,1787483372.7025557
39,31,p1,turn,18.005035400390625,1787483372.7217546
39,31,p2,turn,15.176179885864258,1787483372.7223592
39,55,p1,selection,102.70917510986328,1787483372.7260349
39,56,p1,selection,99.53190612792969,1787483372.7305467
39,57,p1,selection,103.07999420166016,1787483372.7344656
39,55,p2,selection,106.8938980102539,1787483372.7382956
39,56,p2,selection,105.35540771484375,1787483372.7424476
39,57,p2,selection,108.9487533569336,1787483372.7465699
40,32,p1,turn,15.114561080932617,1787483372.7881863
40,32,p2,turn,18.427417755126953,1787483372.789004
40,58,p1,selection,101.90261840820312,1787483372.7933156
40,59,p1,selection,102.9092025756836,1787483372.7972834
40,60,p1,selection,100.96214294433594,1787483372.8008108
40,58,p2,selection,108.0765151977539,1787483372.8029218
40,59,p2,selection,107.56251525878906,1787483372.8049595
40,60,p2,selection,107.0377426147461,1787483372.806938
41,33,p1,turn,22.237926483154297,1787483372.8283887
41,33,p2,turn,17.40898895263672,1787483372.8291368
41,61,p1,selection,103.75285339355469,1787483372.8332598
41,62,p1,selection,100.47305297851562,1787483372.8372324
41,63,p1,selection,100.64171600341797,1787483372.8410509
41,61,p2,selection,106.65205383300781,1787483372.8448932
41,62,p2,selection,107.9347915649414,1787483372.848643
41,63,p2,selection,108.17147064208984,1787483372.8524742
42,34,p1,turn,22.338306427001953,1787483372.8952093
42,34,p2,turn,17.584566116333008,1787483372.8960042
42,64,p1,selection,105.03114318847656,1787483372.8999658
42,65,p1,selection,103.08523559570312,1787483372.9037993
42,66,p1,selection,102.08407592773438,1787483372.907666
42,64,p2,selection,105.80448913574219,1787483372.9116862
42,65,p2,selection,105.18411254882812,1787483372.9155064
42,66,p2,selection,103.81996154785156,1787483372.9192903
43,35,p1,turn,17.34017562866211,1787483372.9436078
43,35,p2,turn,16.518938064575195,1787483372.9442337
43,67,p1,selection,98.99898529052734,1787483372.9468813
43,68,p1,selection,103.78450775146484,1787483372.9495645
43,69,p1,selection,103.29280090332031,1787483372.9522474
43,67,p2,selection,107.3560791015625,1787483372.9547436
43,68,p2,selection,107.40962982177734,1787483372.957241
43,69,p2,selection,105.54841613769531,1787483372.9598708
44,36,p1,turn,21.376243591308594,1787483372.978559
44,36,p2,turn,17.45025634765625,1787483372.9791698
44,70,p1,selection,101.15151977539062,1787483372.9818943
44,71,p1,selection,101.32770538330078,1787483372.984513
44,72,p1,selection,102.9558334350586,1787483372.9870565
44,70,p2,selection,107.17234802246094,1787483372.9895222
44,71,p2,selection,107.70941925048828,1787483372.993334
44,72,p2,selection,107.09151458740234,1787483372.9973662
45,37,p1,turn,14.994187355041504,1787483373.0353024
45,37,p2,turn,24.12234115600586,1787483373.0361357
45,73,p1,selection,100.38040924072266,1787483373.0409644
45,74,p1,selection,103.36915588378906,1787483373.0457895
45,75,p1,selection,101.81941223144531,1787483373.0500054
45,73,p2,selection,107.87052154541016,1787483373.053992
45,74,p2,selection,108.18502807617188,1787483373.0579686
45,75,p2,selection,107.62189483642578,1787483373.0622032
46,38,p1,turn,17.195770263671875,1787483373.0986733
46,38,p2,turn,24.47977638244629,1787483373.0994644
46,76,p1,selection,100.44133758544922,1787483373.1034694
46,77,p1,selection,102.2839126586914,1787483373.1075695
46,78,p1,selection,101.24900817871094,1787483373.1118252
46,76,p2,selection,106.74041748046875,1787483373.1157284
46,77,p2,selection,106.18135070800781,1787483373.1195552
46,78,p2,selection,108.12557220458984,1787483373.1233838
47,39,p1,turn,22.733495712280273,1787483373.1602726
47,39,p2,turn,21.972755432128906,1787483373.1610513
47,79,p1,selection,100.2834701538086,1787483373.1649437
47,80,p1,selection,100.795166015625,1787483373.1688259
47,81,p1,selection,101.19633483886719,1787483373.172655
47,79,p2,selection,107.9417495727539,1787483373.1771653
47,80,p2,selection,105.66693115234375,1787483373.181532
47,81,p2,selection,106.71501159667969,1787483373.185494
48,40,p1,turn,15.506540298461914,1787483373.2232075
48,40,p2,turn,22.808496475219727,1787483373.2252162
48,82,p1,selection,99.916015625,1787483373.2297552
48,83,p1,selection,100.11886596679688,1787483373.2339103
48,84,p1,selection,100.430419921875,1787483373.238055
48,82,p2,selection,106.0577392578125,1787483373.2425413
48,83,p2,selection,104.65164947509766,1787483373.2468467
48,84,p2,selection,103.74453735351562,1787483373.2511528
49,41,p1,turn,16.84595489501953,1787483373.2834258
49,41,p2,turn,16.490856170654297,1787483373.283979
49,85,p1,selection,97.91732025146484,1787483373.2866824
49,86,p1,selection,99.21805572509766,1787483373.289623
49,87,p1,selection,100.66915893554688,1787483373.2929928
49,85,p2,selection,104.5633544921875,1787483373.2968307
49,86,p2,selection,101.04914855957031,1787483373.3008573
49,87,p2,selection,109.89715576171875,1787483373.3053143
50,42,p1,turn,16.99864959716797,1787483373.3478515
50,42,p2,turn,18.02412986755371,1787483373.3486545
50,88,p1,selection,98.76119232177734,1787483373.3527493
50,89,p1,selection,98.13349914550781,1787483373.356656
50,90,p1,selection,100.75309753417969,1787483373.3607054
50,88,p2,selection,104.58621978759766,1787483373.3646588
50,89,p2,selection,106.08613586425781,1787483373.3685389
50,90,p2,selection,109.88987731933594,1787483373.3721762
51,43,p1,turn,18.60230827331543,1787483373.397841
51,43,p2,turn,25.579978942871094,1787483373.39862
51,91,p1,selection,96.00447845458984,1787483373.4027474
51,92,p1,selection,97.49098205566406,1787483373.406757
51,93,p1,selection,100.9781265258789,1787483373.4116411
51,91,p2,selection,104.9690933227539,1787483373.4158843
51,92,p2,selection,106.1339340209961,1787483373.4199064
51,93,p2,selection,105.65892028808594,1787483373.4239967
52,44,p1,turn,17.95887565612793,1787483373.46479
52,44,p2,turn,18.234025955200195,1787483373.4655757
52,94,p1,selection,96.69586181640625,1787483373.4696698
52,95,p1,selection,97.7728500366211,1787483373.4737346
52,96,p1,selection,100.9330825805664,1787483373.478048
52,94,p2,selection,103.6364974975586,1787483373.4823656
52,95,p2,selection,104.89747619628906,1787483373.486423
52,96,p2,selection,100.88142395019531,1787483373.4903998
53,45,p1,turn,26.086591720581055,1787483373.5280561
53,45,p2,turn,25.266653060913086,1787483373.528865
53,97,p1,selection,94.81987762451172,1787483373.5332882
53,98,p1,selection,97.18672180175781,1787483373.5375993
53,99,p1,selection,98.55526733398438,1787483373.542191
53,97,p2,selection,105.11490631103516,1787483373.546586
53,98,p2,selection,104.4573974609375,1787483373.5502453
53,99,p2,selection,105.74980163574219,1787483373.5529878
54,46,p1,turn,18.81429672241211,1787483373.5733833
54,46,p2,turn,19.016822814941406,1787483373.5739548
54,100,p1,selection,97.5963134765625,1787483373.5774887
54,101,p1,selection,101.1005859375,1787483373.582216
54,102,p1,selection,99.49878692626953,1787483373.58656
54,100,p2,selection,105.79169464111328,1787483373.5908246
54,101,p2,selection,101.04133605957031,1787483373.5949066
54,102,p2,selection,106.02531433105469,1787483373.5989642
55,47,p1,turn,21.58330726623535,1787483373.6355772
55,47,p2,turn,22.36787986755371,1787483373.6363263
55,103,p1,selection,97.34823608398438,1787483373.6402698
55,104,p1,selection,96.38790893554688,1787483373.6443074
55,105,p1,selection,96.13331604003906,1787483373.6482985
55,103,p2,selection,105.22804260253906,1787483373.6521897
55,104,p2,selection,107.51557922363281,1787483373.656048
55,105,p2,selection,102.7085952758789,1787483373.6604002
56,48,p1,turn,18.3230037689209,1787483373.6995986
56,48,p2,turn,19.341835021972656,1787483373.7003403
56,106,p1,selection,100.58647155761719,1787483373.704271
56,107,p1,selection,96.40045166015625,1787483373.7082403
56,108,p1,selection,97.98030090332031,1787483373.7122278
56,106,p2,selection,104.86839294433594,1787483373.7161493
56,107,p2,selection,104.19015502929688,1787483373.719986
56,108,p2,selection,103.21104431152344,1787483373.7240975
57,49,p1,turn,15.96545124053955,1787483373.7646747
57,49,p2,turn,19.309940338134766,1787483373.7654326
57,109,p1,selection,102.35104370117188,1787483373.7682557
57,110,p1,selection,96.49939727783203,1787483373.7708483
57,111,p1,selection,98.08019256591797,1787483373.7733338
57,109,p2,selection,104.34019470214844,1787483373.776126
57,110,p2,selection,106.00078582763672,1787483373.7788243
57,111,p2,selection,105.20799255371094,1787483373.7818525
58,50,p1,turn,23.48349380493164,1787483373.80515
58,50,p2,turn,24.210243225097656,1787483373.8056924
58,112,p1,selection,97.9281997680664,1787483373.808583
58,113,p1,selection,97.82106018066406,1787483373.8113098
58,114,p1,selection,96.56197357177734,1787483373.8138611
58,112,p2,selection,104.99576568603516,1787483373.8166277
58,113,p2,selection,107.00345611572266,1787483373.8191435
58,114,p2,selection,103.65431213378906,1787483373.821644
59,51,p1,turn,20.20985221862793,1787483373.8498418
59,51,p2,turn,17.32984161376953,1787483373.8506546
59,115,p1,selection,97.55255126953125,1787483373.8549037
59,116,p1,selection,101.95722198486328,1787483373.8600457
59,117,p1,selection,100.07887268066406,1787483373.864462
59,115,p2,selection,106.01344299316406,1787483373.8684993
59,116,p2,selection,103.68457794189453,1787483373.8724785
59,117,p2,selection,103.54667663574219,1787483373.8765903
60,52,p1,turn,21.641921997070312,1787483373.9132183
60,52,p2,turn,10.5601806640625,1787483373.9139721
60,118,p1,selection,98.43932342529297,1787483373.918121
60,119,p1,selection,97.87467956542969,1787483373.9222786
60,120,p1,selection,100.66191864013672,1787483373.9266148
60,118,p2,selection,100.80669403076172,1787483373.9309056
60,119,p2,selection,106.32657623291016,1787483373.9349964
60,120,p2,selection,102.00517272949219,1787483373.9390008
61,53,p1,turn,14.729966163635254,1787483373.9815412
61,53,p2,turn,26.20671844482422,1787483373.9822893
61,121,p1,selection,102.96256256103516,1787483373.9862907
61,122,p1,selection,95.01528930664062,1787483373.9903436
61,123,p1,selection,99.55370330810547,1787483373.994653
61,121,p2,selection,105.2972183227539,1787483373.9988022
61,122,p2,selection,106.4518814086914,1787483374.0027375
61,123,p2,selection,105.96426391601562,1787483374.0068061
62,54,p1,turn,18.97199249267578,1787483374.0361316
62,54,p2,turn,16.38148307800293,1787483374.0367157
62,124,p1,selection,103.38899993896484,1787483374.0393128
62,125,p1,selection,98.2584228515625,1787483374.0420735
62,126,p1,selection,98.130615234375,1787483374.045039
62,124,p2,selection,103.49840545654297,1787483374.0482085
62,125,p2,selection,106.80499267578125,1787483374.05124
62,126,p2,selection,102.68650817871094,1787483374.0542328
63,55,p1,turn,22.034772872924805,1787483374.0757115
63,55,p2,turn,18.696941375732422,1787483374.076511
63,127,p1,selection,100.94645690917969,1787483374.0805683
63,128,p1,selection,98.76639556884766,1787483374.0844455
63,129,p1,selection,100.62254333496094,1787483374.0883112
63,127,p2,selection,102.78484344482422,1787483374.092504
63,128,p2,selection,103.61930847167969,1787483374.0968213
63,129,p2,selection,104.84967041015625,1787483374.100883
64,56,p1,turn,19.450212478637695,1787483374.1406848
64,56,p2,turn,11.710033416748047,1787483374.1415246
64,130,p1,selection,102.37042999267578,1787483374.1456296
64,131,p1,selection,101.97147369384766,1787483374.149535
64,132,p1,selection,101.97084045410156,1787483374.1533754
64,130,p2,selection,101.07524108886719,1787483374.1572623
64,131,p2,selection,103.37310791015625,1787483374.161202
64,132,p2,selection,99.59784698486328,1787483374.16503
65,57,p1,turn,18.35113525390625,1787483374.211533
65,57,p2,turn,19.39781379699707,1787483374.2123358
65,133,p1,selection,94.09112548828125,1787483374.2164223
65,134,p1,selection,102.09241485595703,1787483374.2203119
65,135,p1,selection,99.27838897705078,1787483374.2242496
65,133,p2,selection,103.84220886230469,1787483374.2281468
65,134,p2,selection,104.1013412475586,1787483374.2320302
65,135,p2,selection,100.5628662109375,1787483374.2358289
66,58,p1,turn,21.441162109375,1787483374.272396
66,58,p2,turn,18.969711303710938,1787483374.2732134
66,136,p1,selection,99.66606903076172,1787483374.2774491
66,137,p1,selection,101.38404846191406,1787483374.2814558
66,138,p1,selection,101.04319763183594,1787483374.285373
66,136,p2,selection,108.0208740234375,1787483374.2892365
66,137,p2,selection,103.18785858154297,1787483374.2933602
66,138,p2,selection,106.3718032836914,1787483374.2972512
67,59,p1,turn,15.797866821289062,1787483374.3256025
67,59,p2,turn,21.460763931274414,1787483374.326192
67,139,p1,selection,101.26000213623047,1787483374.3299408
67,140,p1,selection,100.58081817626953,1787483374.333793
67,141,p1,selection,104.41626739501953,1787483374.3375373
67,139,p2,selection,104.31145477294922,1787483374.3415294
67,140,p2,selection,105.0922622680664,1787483374.3455546
67,141,p2,selection,108.65234375,1787483374.3494227
68,60,p1,turn,25.967910766601562,1787483374.3858368
68,60,p2,turn,17.270706176757812,1787483374.3866568
68,142,p1,selection,99.09768676757812,1787483374.390555
68,143,p1,selection,104.384521484375,1787483374.3944294
68,144,p1,selection,100.55354309082031,1787483374.3982093
68,142,p2,selection,104.0961685180664,1787483374.401917
68,143,p2,selection,108.89802551269531,1787483374.40564
68,144,p2,selection,99.9683609008789,1787483374.4094298
69,61,p1,turn,22.377391815185547,1787483374.4450157
69,61,p2,turn,26.762460708618164,1787483374.4457746
69,145,p1,selection,99.16980743408203,1787483374.4496262
69,146,p1,selection,97.7892074584961,1787483374.4533503
69,147,p1,selection,102.39569854736328,1787483374.4571137
69,145,p2,selection,111.08015441894531,1787483374.4612021
69,146,p2,selection,101.95975494384766,1787483374.4650247
69,147,p2,selection,104.59770965576172,1787483374.4687302
70,62,p1,turn,21.14792251586914,1787483374.509232
70,62,p2,turn,15.877826690673828,1787483374.5100427
70,148,p1,selection,101.41650390625,1787483374.5140467
70,149,p1,selection,101.74906921386719,1787483374.51792
70,150,p1,selection,102.03848266601562,1787483374.5219371
70,148,p2,selection,106.02617645263672,1787483374.5260289
70,149,p2,selection,106.39044189453125,1787483374.5298882
70,150,p2,selection,105.53807067871094,1787483374.5339322
71,63,p1,turn,21.775352478027344,1787483374.5791063
71,63,p2,turn,20.654664993286133,1787483374.5798962
71,151,p1,selection,98.76644897460938,1787483374.583839
71,152,p1,selection,99.04634094238281,1787483374.5877013
71,153,p1,selection,97.60357666015625,1787483374.591905
71,151,p2,selection,103.42443084716797,1787483374.5962975
71,152,p2,selection,104.08452606201172,1787483374.6004062
71,153,p2,selection,105.43229675292969,1787483374.6041415
72,64,p1,turn,20.98712158203125,1787483374.6362815
72,64,p2,turn,18.66783905029297,1787483374.6367576
72,154,p1,selection,99.44139862060547,1787483374.6393092
72,155,p1,selection,99.63363647460938,1787483374.641816
72,156,p1,selection,98.53169250488281,1787483374.6442816
72,154,p2,selection,101.10438537597656,1787483374.6467116
72,155,p2,selection,105.878662109375,1787483374.649098
72,156,p2,selection,108.30345916748047,1787483374.6515384
73,65,p1,turn,13.00146770477295,1787483374.6857505
73,65,p2,turn,23.09709358215332,1787483374.6865816
73,157,p1,selection,103.16083526611328,1787483374.6905298
73,158,p1,selection,98.7442855834961,1787483374.694386
73,159,p1,selection,99.0835189819336,1787483374.698161
73,157,p2,selection,109.38909912109375,1787483374.7019105
73,158,p2,selection,106.39561462402344,1787483374.7056594
73,159,p2,selection,105.35679626464844,1787483374.709451
74,66,p1,turn,21.02356719970703,1787483374.7400417
74,66,p2,turn,22.125587463378906,1787483374.740674
74,160,p1,selection,98.89775848388672,1787483374.7438474
74,161,p1,selection,101.724609375,1787483374.7465262
74,162,p1,selection,99.1669921875,1787483374.7489831
74,160,p2,selection,104.82734680175781,1787483374.7514021
74,161,p2,selection,104.65377807617188,1787483374.75382
74,162,p2,selection,102.64495849609375,1787483374.7562578
75,67,p1,turn,16.679058074951172,1787483374.7767494
75,67,p2,turn,22.069873809814453,1787483374.7773478
75,163,p1,selection,101.99826049804688,1787483374.7798455
75,164,p1,selection,99.9866943359375,1787483374.782309
75,165,p1,selection,97.60254669189453,1787483374.784694
75,163,p2,selection,105.93228912353516,1787483374.7871118
75,164,p2,selection,105.93053436279297,1787483374.7895272
75,165,p2,selection,106.85325622558594,1787483374.7921333
76,68,p1,turn,16.79794692993164,1787483374.821333
76,68,p2,turn,18.40358543395996,1787483374.8221147
76,166,p1,selection,100.62676239013672,1787483374.8261285
76,167,p1,selection,100.56645202636719,1787483374.8300433
76,168,p1,selection,104.86029815673828,1787483374.833787
76,166,p2,selection,107.14642333984375,1787483374.8375735
76,167,p2,selection,107.07373046875,1787483374.8416607
76,168,p2,selection,106.87998962402344,1787483374.845527
77,69,p1,turn,20.616849899291992,1787483374.8828607
77,69,p2,turn,16.981096267700195,1787483374.8836436
77,169,p1,selection,99.39724731445312,1787483374.8874433
77,170,p1,selection,98.60958862304688,1787483374.8909764
77,171,p1,selection,101.72407531738281,1787483374.893568
77,169,p2,selection,101.01021575927734,1787483374.8960075
77,170,p2,selection,100.76011657714844,1787483374.8983905
77,171,p2,selection,104.06896209716797,1787483374.9007566
78,70,p1,turn,21.95542335510254,1787483374.918066
78,70,p2,turn,18.44808578491211,1787483374.9185736
78,172,p1,selection,97.81448364257812,1787483374.921119
78,173,p1,selection,101.2390365600586,1787483374.9236085
78,174,p1,selection,101.60920715332031,1787483374.9262307
78,172,p2,selection,104.50619506835938,1787483374.9286647
78,173,p2,selection,106.29100799560547,1787483374.9310856
78,174,p2,selection,103.79730224609375,1787483374.934905
79,71,p1,turn,15.133401870727539,1787483374.9728053
79,71,p2,turn,23.015583038330078,1787483374.9736257
79,175,p1,selection,96.15660095214844,1787483374.9779298
79,176,p1,selection,98.3150405883789,1787483374.9818065
79,177,p1,selection,99.4932632446289,1787483374.985558
79,175,p2,selection,107.7340087890625,1787483374.9892857
79,176,p2,selection,106.8356704711914,1787483374.9930208
79,177,p2,selection,105.60089111328125,1787483374.996666
80,72,p1,turn,16.377859115600586,1787483375.0547004
80,72,p2,turn,18.282848358154297,1787483375.0554898
80,178,p1,selection,100.92698669433594,1787483375.0600424
80,179,p1,selection,97.889892578125,1787483375.0645218
80,180,p1,selection,99.31599426269531,1787483375.0687752
80,178,p2,selection,104.94317626953125,1787483375.0731044
80,179,p2,selection,104.06552124023438,1787483375.0774577
80,180,p2,selection,105.16783142089844,1787483375.0813901
81,73,p1,turn,19.56343650817871,1787483375.1493378
81,73,p2,turn,26.00326156616211,1787483375.1501665
81,181,p1,selection,102.84226989746094,1787483375.1541607
81,182,p1,selection,99.73170471191406,1787483375.1582866
81,183,p1,selection,98.6761703491211,1787483375.162415
81,181,p2,selection,100.61780548095703,1787483375.1663296
81,182,p2,selection,106.73828887939453,1787483375.1701615
81,183,p2,selection,108.5272216796875,1787483375.1742363
82,74,p1,turn,23.764766693115234,1787483375.2091212
82,74,p2,turn,21.675357818603516,1787483375.209868
82,184,p1,selection,101.87691497802734,1787483375.213733
82,185,p1,selection,96.35609436035156,1787483375.217617
82,186,p1,selection,100.9152603149414,1787483375.2214715
82,184,p2,selection,106.35991668701172,1787483375.226003
82,185,p2,selection,102.64896392822266,1787483375.2284894
82,186,p2,selection,100.07268524169922,1787483375.2309473
83,75,p1,turn,16.5832576751709,1787483375.2499948
83,75,p2,turn,19.50139617919922,1787483375.250509
83,187,p1,selection,102.23898315429688,1787483375.2529774
83,188,p1,selection,101.8515625,1787483375.2554166
83,189,p1,selection,100.95696258544922,1787483375.2580774
83,187,p2,selection,104.02658081054688,1787483375.2606323
83,188,p2,selection,103.99520874023438,1787483375.2631059
83,189,p2,selection,105.15209197998047,1787483375.2655632
84,76,p1,turn,20.48360252380371,1787483375.2890859
84,76,p2,turn,23.874807357788086,1787483375.289665
84,190,p1,selection,98.76643371582031,1787483375.2926083
84,191,p1,selection,101.57493591308594,1787483375.2952888
84,192,p1,selection,101.29430389404297,1787483375.2978008
84,190,p2,selection,103.48184204101562,1787483375.300192
84,191,p2,selection,107.2662353515625,1787483375.3025584
84,192,p2,selection,104.31277465820312,1787483375.3049388
85,77,p1,turn,21.355573654174805,1787483375.324333
85,77,p2,turn,9.981367111206055,1787483375.3250754
85,193,p1,selection,104.11844635009766,1787483375.3289468
85,194,p1,selection,100.57691955566406,1787483375.3325865
85,195,p1,selection,104.6247787475586,1787483375.3362074
85,193,p2,selection,106.35031127929688,1787483375.3398507
85,194,p2,selection,104.43739318847656,1787483375.3437352
85,195,p2,selection,109.07356262207031,1787483375.3474116
86,78,p1,turn,20.011550903320312,1787483375.3825946
86,78,p2,turn,21.140892028808594,1787483375.3833942
86,196,p1,selection,101.19940948486328,1787483375.3872795
86,197,p1,selection,100.59562683105469,1787483375.391246
86,198,p1,selection,100.11237335205078,1787483375.3950524
86,196,p2,selection,104.14057159423828,1787483375.3989713
86,197,p2,selection,103.28236389160156,1787483375.4028175
86,198,p2,selection,106.45912170410156,1787483375.4066377
87,79,p1,turn,16.226999282836914,1787483375.447067
87,79,p2,turn,16.40790557861328,1787483375.447841
87,199,p1,selection,101.05215454101562,1787483375.4516575
87,200,p1,selection,99.13505554199219,1787483375.4557161
87,201,p1,selection,98.76890563964844,1787483375.4596503
87,199,p2,selection,104.03224182128906,1787483375.4634848
87,200,p2,selection,103.46736145019531,1787483375.467459
87,201,p2,selection,105.20394134521484,1787483375.471225
88,80,p1,turn,20.165590286254883,1787483375.4984174
88,80,p2,turn,26.713422775268555,1787483375.4990692
88,202,p1,selection,101.90975952148438,1787483375.5015616
88,203,p1,selection,100.36370086669922,1787483375.5040388
88,204,p1,selection,103.03112030029297,1787483375.506553
88,202,p2,selection,110.1261978149414,1787483375.5092323
88,203,p2,selection,101.54690551757812,1787483375.5118034
88,204,p2,selection,102.24935913085938,1787483375.514242
89,81,p1,turn,25.73557472229004,1787483375.5316186
89,81,p2,turn,19.91614532470703,1787483375.5322008
89,205,p1,selection,102.48473358154297,1787483375.5347004
89,206,p1,selection,100.10182189941406,1787483375.5372505
89,207,p1,selection,100.11338806152344,1787483375.5397491
89,205,p2,selection,107.72447204589844,1787483375.542301
89,206,p2,selection,102.99554443359375,1787483375.5447733
89,207,p2,selection,100.89631652832031,1787483375.547154
90,82,p1,turn,17.986629486083984,1787483375.570011
90,82,p2,turn,25.749103546142578,1787483375.5705688
90,208,p1,selection,100.4932861328125,1787483375.573885
90,209,p1,selection,101.30323791503906,1787483375.5778515
90,210,p1,selection,100.06370544433594,1787483375.5816567
90,208,p2,selection,106.60025024414062,1787483375.5854177
90,209,p2,selection,106.3465576171875,1787483375.589116
90,210,p2,selection,101.11941528320312,1787483375.5930734
91,83,p1,turn,20.353179931640625,1787483375.6300328
91,83,p2,turn,17.599172592163086,1787483375.6308215
91,211,p1,selection,100.99980163574219,1787483375.6347244
91,212,p1,selection,100.98420715332031,1787483375.6385303
91,213,p1,selection,101.96893310546875,1787483375.642375
91,211,p2,selection,106.90442657470703,1787483375.6461926
91,212,p2,selection,102.49650573730469,1787483375.6499858
91,213,p2,selection,105.61795806884766,1787483375.6537054
92,84,p1,turn,19.318918228149414,1787483375.691407
92,84,p2,turn,21.541439056396484,1787483375.6925545
92,214,p1,selection,102.3876724243164,1787483375.6980293
92,215,p1,selection,98.23982238769531,1787483375.7024527
92,216,p1,selection,101.80276489257812,1787483375.707827
92,214,p2,selection,106.22793579101562,1787483375.7121706
92,215,p2,selection,100.33695983886719,1787483375.7164276
92,216,p2,selection,106.00442504882812,1787483375.7205746
93,85,p1,turn,26.8309383392334,1787483375.7530289
93,85,p2,turn,22.66286277770996,1787483375.753553
93,217,p1,selection,99.85294342041016,1787483375.758353
93,218,p1,selection,102.7056884765625,1787483375.7635438
93,219,p1,selection,102.55183410644531,1787483375.7683415
93,217,p2,selection,102.4708480834961,1787483375.77387
93,218,p2,selection,105.57410430908203,1787483375.7793546
93,219,p2,selection,105.5926513671875,1787483375.784574
94,86,p1,turn,18.020702362060547,1787483375.827426
94,86,p2,turn,16.195205688476562,1787483375.8282938
94,220,p1,selection,102.24223327636719,1787483375.8340092
94,221,p1,selection,101.76461029052734,1787483375.8398073
94,222,p1,selection,99.93833923339844,1787483375.8450198
94,220,p2,selection,107.36666107177734,1787483375.8501227
94,221,p2,selection,98.90422821044922,1787483375.855253
94,222,p2,selection,104.35553741455078,1787483375.8599012
95,87,p1,turn,23.240148544311523,1787483375.8810325
95,87,p2,turn,15.057332038879395,1787483375.881678
95,223,p1,selection,98.97186279296875,1787483375.8865626
95,224,p1,selection,100.70648193359375,1787483375.8912828
95,225,p1,selection,99.43144989013672,1787483375.895883
95,223,p2,selection,107.5526123046875,1787483375.8989007
95,224,p2,selection,100.78264617919922,1787483375.9016979
95,225,p2,selection,108.30326080322266,1787483375.9043386
96,88,p1,turn,21.50900650024414,1787483375.9422257
96,88,p2,turn,12.571046829223633,1787483375.9429636
96,226,p1,selection,99.07709503173828,1787483375.9469414
96,227,p1,selection,98.95896911621094,1787483375.950862
96,228,p1,selection,100.0092544555664,1787483375.9547155
96,226,p2,selection,106.77057647705078,1787483375.9591265
96,227,p2,selection,105.29043579101562,1787483375.963222
96,228,p2,selection,102.36705780029297,1787483375.9671137
97,89,p1,turn,14.868431091308594,1787483375.9996676
97,89,p2,turn,23.306772232055664,1787483376.0002363
97,229,p1,selection,103.09690856933594,1787483376.0028381
97,230,p1,selection,102.68293762207031,1787483376.00545
97,231,p1,selection,100.41259002685547,1787483376.0083253
97,229,p2,selection,104.04244232177734,1787483376.0109499
97,230,p2,selection,104.84423828125,1787483376.0134313
97,231,p2,selection,104.58796691894531,1787483376.0159438
98,90,p1,turn,24.46647071838379,1787483376.0350192
98,90,p2,turn,25.239168167114258,1787483376.0356014
98,232,p1,selection,101.2243423461914,1787483376.039808
98,233,p1,selection,100.90291595458984,1787483376.0444915
98,234,p1,selection,98.42616271972656,1787483376.048655
98,232,p2,selection,101.33577728271484,1787483376.0526738
98,233,p2,selection,100.67052459716797,1787483376.0568836
98,234,p2,selection,109.0184555053711,1787483376.060785
99,91,p1,turn,28.288414001464844,1787483376.0802653
99,91,p2,turn,17.870067596435547,1787483376.080861
99,235,p1,selection,101.57157135009766,1787483376.083483
99,236,p1,selection,103.63847351074219,1787483376.0860806
99,237,p1,selection,97.90939331054688,1787483376.0886178
99,235,p2,selection,105.17388153076172,1787483376.0914593
99,236,p2,selection,103.07398986816406,1787483376.0940378
99,237,p2,selection,100.9105224609375,1787483376.0965674
100,92,p1,turn,21.387218475341797,1787483376.114583
100,92,p2,turn,20.20919418334961,1787483376.1152086
100,238,p1,selection,101.36927032470703,1787483376.1179874
100,239,p1,selection,101.22968292236328,1787483376.1206393
100,240,p1,selection,100.58755493164062,1787483376.1233687
100,238,p2,selection,108.35953521728516,1787483376.1262364
100,239,p2,selection,105.26299285888672,1787483376.128876
100,240,p2,selection,105.54208374023438,1787483376.131455
101,93,p1,turn,27.026460647583008,1787483376.1722424
101,93,p2,turn,16.696897506713867,1787483376.173043
101,241,p1,selection,100.37419891357422,1787483376.177306
101,242,p1,selection,98.3722152709961,1787483376.1811926
101,243,p1,selection,100.85934448242188,1787483376.1849732
101,241,p2,selection,104.76934814453125,1787483376.1887174
101,242,p2,selection,99.94793701171875,1787483376.1927135
101,243,p2,selection,106.82874298095703,1787483376.1966121
102,94,p1,turn,20.459434509277344,1787483376.2179468
102,94,p2,turn,19.824203491210938,1787483376.218509
102,244,p1,selection,100.55111694335938,1787483376.2212234
102,245,p1,selection,97.21814727783203,1787483376.2238514
102,246,p1,selection,104.34432983398438,1787483376.2264025
102,244,p2,selection,106.18379211425781,1787483376.2288601
102,245,p2,selection,105.37361907958984,1787483376.231345
102,246,p2,selection,104.88082122802734,1787483376.2337263
103,95,p1,turn,23.323753356933594,1787483376.252174
103,95,p2,turn,25.46339225769043,1787483376.2528667
103,247,p1,selection,99.57328796386719,1787483376.2571347
103,248,p1,selection,100.26464080810547,1787483376.2614105
103,249,p1,selection,96.5352554321289,1787483376.2652767
103,247,p2,selection,102.1583480834961,1787483376.2690492
103,248,p2,selection,102.85964965820312,1787483376.272971
103,249,p2,selection,103.77251434326172,1787483376.276807
104,96,p1,turn,19.99637794494629,1787483376.3157542
104,96,p2,turn,25.025060653686523,1787483376.3165874
104,250,p1,selection,98.94524383544922,1787483376.320807
104,251,p1,selection,98.92691040039062,1787483376.3247252
104,252,p1,selection,105.7975082397461,1787483376.3285265
104,250,p2,selection,106.30885314941406,1787483376.3326194
104,251,p2,selection,99.664794921875,1787483376.3363507
104,252,p2,selection,102.39120483398438,1787483376.340206
105,97,p1,turn,26.08051300048828,1787483376.364451
105,97,p2,turn,17.2518310546875,1787483376.364933
105,253,p1,selection,97.9662857055664,1787483376.3674698
105,254,p1,selection,102.1734619140625,1787483376.3699577
105,255,p1,selection,99.30621337890625,1787483376.3723984
105,253,p2,selection,103.74443054199219,1787483376.3749194
105,254,p2,selection,107.10279846191406,1787483376.37739
105,255,p2,selection,103.33737182617188,1787483376.379808
106,98,p1,turn,21.279590606689453,1787483376.400358
106,98,p2,turn,18.177555084228516,1787483376.4008646
106,256,p1,selection,99.95149993896484,1787483376.4033563
106,257,p1,selection,101.70835876464844,1787483376.40712
106,258,p1,selection,96.79853820800781,1787483376.409739
106,256,p2,selection,103.63114929199219,1787483376.412197
106,257,p2,selection,103.207763671875,1787483376.4146242
106,258,p2,selection,106.43392181396484,1787483376.4170165
107,99,p1,turn,25.41753387451172,1787483376.4507859
107,99,p2,turn,23.49112892150879,1787483376.4515553
107,259,p1,selection,100.50492858886719,1787483376.4556928
107,260,p1,selection,103.69821166992188,1787483376.4597893
107,261,p1,selection,99.89311218261719,1787483376.4636362
107,259,p2,selection,101.5501708984375,1787483376.4674087
107,260,p2,selection,103.65479278564453,1787483376.4712138
107,261,p2,selection,109.89676666259766,1787483376.4754052
108,100,p1,turn,15.424656867980957,1787483376.514585
108,100,p2,turn,18.72814178466797,1787483376.5154004
108,262,p1,selection,100.58818054199219,1787483376.5192564
108,263,p1,selection,98.31044006347656,1787483376.5235035
108,264,p1,selection,101.3069076538086,1787483376.5285008
108,262,p2,selection,102.02146911621094,1787483376.5326777
108,263,p2,selection,103.50907897949219,1787483376.5368757
108,264,p2,selection,104.32310485839844,1787483376.5411851
109,101,p1,turn,16.48988151550293,1787483376.5750594
109,101,p2,turn,16.843097686767578,1787483376.5756397
109,265,p1,selection,102.64022827148438,1787483376.578189
109,266,p1,selection,98.04435729980469,1787483376.580655
109,267,p1,selection,99.09310150146484,1787483376.5831256
109,265,p2,selection,101.12198638916016,1787483376.5855858
109,266,p2,selection,103.6067123413086,1787483376.5879874
109,267,p2,selection,103.30332946777344,1787483376.5904982
110,102,p1,turn,19.47907829284668,1787483376.616641
110,102,p2,turn,18.747371673583984,1787483376.6173522
110,268,p1,selection,98.73306274414062,1787483376.62122
110,269,p1,selection,100.68505859375,1787483376.6255784
110,270,p1,selection,99.5957260131836,1787483376.6301491
110,268,p2,selection,105.73147583007812,1787483376.6345184
110,269,p2,selection,101.58306884765625,1787483376.6385033
110,270,p2,selection,98.80104064941406,1787483376.64243
111,103,p1,turn,29.803726196289062,1787483376.6798072
111,103,p2,turn,22.02652359008789,1787483376.680609
111,271,p1,selection,97.16783905029297,1787483376.684627
111,272,p1,selection,96.69365692138672,1787483376.688432
111,273,p1,selection,101.33203887939453,1787483376.6923072
111,271,p2,selection,98.9883041381836,1787483376.6960876
111,272,p2,selection,107.25482177734375,1787483376.6997974
111,273,p2,selection,106.84710693359375,1787483376.7035155
112,104,p1,turn,23.902851104736328,1787483376.741972
112,104,p2,turn,14.682205200195312,1787483376.7427897
112,274,p1,selection,100.32540130615234,1787483376.7467391
112,275,p1,selection,103.05928802490234,1787483376.7506104
112,276,p1,selection,101.49560546875,1787483376.7543547
112,274,p2,selection,106.56181335449219,1787483376.759182
112,275,p2,selection,103.91678619384766,1787483376.7632797
112,276,p2,selection,105.50894927978516,1787483376.7671027
113,105,p1,turn,25.810274124145508,1787483376.8055599
113,105,p2,turn,15.407068252563477,1787483376.8064551
113,277,p1,selection,103.63674926757812,1787483376.8109725
113,278,p1,selection,99.80200958251953,1787483376.8154395
113,279,p1,selection,98.45519256591797,1787483376.8198447
113,277,p2,selection,101.90255737304688,1787483376.8245718
113,278,p2,selection,102.52505493164062,1787483376.82909
113,279,p2,selection,100.76974487304688,1787483376.8334591
114,106,p1,turn,21.15143585205078,1787483376.8800697
114,106,p2,turn,15.200286865234375,1787483376.8808715
114,280,p1,selection,94.87938690185547,1787483376.8851337
114,281,p1,selection,99.85504150390625,1787483376.8895063
114,282,p1,selection,95.88687133789062,1787483376.8939986
114,280,p2,selection,101.51142883300781,1787483376.8983502
114,281,p2,selection,104.13675689697266,1787483376.9029078
114,282,p2,selection,101.2620620727539,1787483376.9077477
115,107,p1,turn,19.78884506225586,1787483376.947532
115,107,p2,turn,21.964141845703125,1787483376.948338
115,283,p1,selection,100.14815521240234,1787483376.9526265
115,284,p1,selection,99.57266235351562,1787483376.9579637
115,285,p1,selection,99.92926025390625,1787483376.962624
115,283,p2,selection,102.19700622558594,1787483376.9670827
115,284,p2,selection,102.39909362792969,1787483376.9714751
115,285,p2,selection,102.23210906982422,1787483376.975967
116,108,p1,turn,20.48432159423828,1787483377.016175
116,108,p2,turn,31.3644962310791,1787483377.0170238
116,286,p1,selection,100.59162902832031,1787483377.0213175
116,287,p1,selection,96.99810791015625,1787483377.0258021
116,288,p1,selection,99.08894348144531,1787483377.0302088
116,286,p2,selection,104.58183288574219,1787483377.034362
116,287,p2,selection,102.51148986816406,1787483377.038308
116,288,p2,selection,104.98646545410156,1787483377.042356
117,109,p1,turn,22.160634994506836,1787483377.083145
117,109,p2,turn,18.799219131469727,1787483377.0839932
117,289,p1,selection,97.18994140625,1787483377.0883832
117,290,p1,selection,95.47471618652344,1787483377.0929751
117,291,p1,selection,100.3478775024414,1787483377.0974724
117,289,p2,selection,104.78977966308594,1787483377.1020217
117,290,p2,selection,98.66845703125,1787483377.1066048
117,291,p2,selection,107.47000122070312,1787483377.1116033
118,110,p1,turn,14.511558532714844,1787483377.1502342
118,110,p2,turn,20.372512817382812,1787483377.1510746
118,292,p1,selection,97.0229721069336,1787483377.1551986
118,293,p1,selection,98.04537963867188,1787483377.1598701
118,294,p1,selection,102.12489318847656,1787483377.1639974
118,292,p2,selection,106.29275512695312,1787483377.1679628
118,293,p2,selection,100.93097686767578,1787483377.172141
118,294,p2,selection,102.64617919921875,1787483377.1766574
119,111,p1,turn,18.326812744140625,1787483377.2116125
119,111,p2,turn,20.821239471435547,1787483377.2121906
119,295,p1,selection,98.6064453125,1787483377.2152665
119,296,p1,selection,96.75931549072266,1787483377.2183022
119,297,p1,selection,97.81774139404297,1787483377.221352
119,295,p2,selection,104.1285171508789,1787483377.2244523
119,296,p2,selection,108.29661560058594,1787483377.227204
119,297,p2,selection,106.27354431152344,1787483377.2298324
120,112,p1,turn,24.872802734375,1787483377.2482748
120,112,p2,turn,20.463041305541992,1787483377.2488627
120,298,p1,selection,96.99440002441406,1787483377.2514887
120,299,p1,selection,96.88805389404297,1787483377.2540557
120,300,p1,selection,98.67143249511719,1787483377.258109
120,298,p2,selection,103.83863830566406,1787483377.2623057
120,299,p2,selection,103.10245513916016,1787483377.26651
120,300,p2,selection,110.32141876220703,1787483377.2710755
121,113,p1,turn,15.743078231811523,1787483377.3092828
121,113,p2,turn,21.82557487487793,1787483377.3099387
121,301,p1,selection,100.5386962890625,1787483377.31431
121,302,p1,selection,101.65373992919922,1787483377.3189416
121,303,p1,selection,102.20217895507812,1787483377.323162
121,301,p2,selection,102.07928466796875,1787483377.327336
121,302,p2,selection,107.85712432861328,1787483377.3312712
121,303,p2,selection,109.98192596435547,1787483377.3351521
122,114,p1,turn,19.46265411376953,1787483377.3750327
122,114,p2,turn,20.192153930664062,1787483377.37582
122,304,p1,selection,98.36238098144531,1787483377.3797681
122,305,p1,selection,98.77998352050781,1787483377.3836648
122,306,p1,selection,101.34132385253906,1787483377.3875165
122,304,p2,selection,106.06078338623047,1787483377.3915718
122,305,p2,selection,105.72982788085938,1787483377.395533
122,306,p2,selection,109.07306671142578,1787483377.3993971
123,115,p1,turn,19.915390014648438,1787483377.438388
123,115,p2,turn,14.682624816894531,1787483377.4391315
123,307,p1,selection,102.07411193847656,1787483377.44314
123,308,p1,selection,100.6431884765625,1787483377.4470298
123,309,p1,selection,98.18827819824219,1787483377.4508784
123,307,p2,selection,105.94696044921875,1787483377.4547656
123,308,p2,selection,104.10882568359375,1787483377.4586384
123,309,p2,selection,103.33455657958984,1787483377.462506
124,116,p1,turn,30.280057907104492,1787483377.4958906
124,116,p2,turn,17.89569854736328,1787483377.4964213
124,310,p1,selection,99.28215026855469,1787483377.4992726
124,311,p1,selection,101.4513168334961,1787483377.5031967
124,312,p1,selection,100.01578521728516,1787483377.5072606
124,310,p2,selection,103.7299575805664,1787483377.511211
124,311,p2,selection,99.7060546875,1787483377.5149612
124,312,p2,selection,106.17993927001953,1787483377.5187025
125,117,p1,turn,21.837142944335938,1787483377.5538445
125,117,p2,turn,31.585533142089844,1787483377.5545578
125,313,p1,selection,95.98978424072266,1787483377.559514
125,314,p1,selection,101.61061096191406,1787483377.5636835
125,315,p1,selection,99.4724349975586,1787483377.567683
125,313,p2,selection,103.72040557861328,1787483377.5715842
125,314,p2,selection,104.03248596191406,1787483377.575539
125,315,p2,selection,101.8680191040039,1787483377.5794377
126,118,p1,turn,22.942171096801758,1787483377.6189082
126,118,p2,turn,25.85714340209961,1787483377.6196272
126,316,p1,selection,99.4926528930664,1787483377.6238127
126,317,p1,selection,97.14588165283203,1787483377.627847
126,318,p1,selection,102.59495544433594,1787483377.6317885
126,316,p2,selection,107.20811462402344,1787483377.6356473
126,317,p2,selection,106.08892822265625,1787483377.6396565
126,318,p2,selection,101.01839447021484,1787483377.643746
127,119,p1,turn,21.258708953857422,1787483377.665657
127,119,p2,turn,12.767084121704102,1787483377.6662993
127,319,p1,selection,99.71617889404297,1787483377.6703658
127,320,p1,selection,101.13482666015625,1787483377.6744528
127,321,p1,selection,103.51663208007812,1787483377.6784647
127,319,p2,selection,107.1799087524414,1787483377.6823862
127,320,p2,selection,105.18216705322266,1787483377.6861806
127,321,p2,selection,105.18968963623047,1787483377.689962
128,120,p1,turn,21.290475845336914,1787483377.7271712
128,120,p2,turn,23.180761337280273,1787483377.7280009
128,322,p1,selection,99.51521301269531,1787483377.7321334
128,323,p1,selection,101.33557891845703,1787483377.7360454
128,324,p1,selection,99.61542510986328,1787483377.73994
128,322,p2,selection,108.41082763671875,1787483377.7437723
128,323,p2,selection,105.36181640625,1787483377.7475305
128,324,p2,selection,106.55778503417969,1787483377.7512693
129,121,p1,turn,26.97665786743164,1787483377.78798
129,121,p2,turn,21.631412506103516,1787483377.7888277
129,325,p1,selection,96.81636047363281,1787483377.793943
129,326,p1,selection,100.5799331665039,1787483377.7982643
129,327,p1,selection,96.88349151611328,1787483377.8021514
129,325,p2,selection,108.06320190429688,1787483377.806028
129,326,p2,selection,103.50550079345703,1787483377.8105536
129,327,p2,selection,100.44827270507812,1787483377.8135142
130,122,p1,turn,18.396652221679688,1787483377.835777
130,122,p2,turn,18.732694625854492,1787483377.8365464
130,328,p1,selection,99.11815643310547,1787483377.8408074
130,329,p1,selection,100.71286010742188,1787483377.8448184
130,330,p1,selection,99.074951171875,1787483377.8487308
130,328,p2,selection,108.58122253417969,1787483377.8525693
130,329,p2,selection,105.03797149658203,1787483377.856594
130,330,p2,selection,104.51774597167969,1787483377.861154
131,123,p1,turn,21.15514373779297,1787483377.8980715
131,123,p2,turn,20.800443649291992,1787483377.8988028
131,331,p1,selection,99.65724182128906,1787483377.9026287
131,332,p1,selection,99.26548767089844,1787483377.9064906
131,333,p1,selection,95.73521423339844,1787483377.9102933
131,331,p2,selection,108.31795501708984,1787483377.9140399
131,332,p2,selection,104.15514373779297,1787483377.9177926
131,333,p2,selection,104.2305908203125,1787483377.9215271
132,124,p1,turn,24.439367294311523,1787483377.9582684
132,124,p2,turn,24.815217971801758,1787483377.9590378
132,334,p1,selection,102.99579620361328,1787483377.9629252
132,335,p1,selection,96.5792465209961,1787483377.966754
132,336,p1,selection,95.97885131835938,1787483377.9704895
132,334,p2,selection,106.73622131347656,1787483377.974538
132,335,p2,selection,105.204833984375,1787483377.9784367
132,336,p2,selection,107.83903503417969,1787483377.982205
133,125,p1,turn,23.44145393371582,1787483378.0204298
133,125,p2,turn,21.280147552490234,1787483378.0212448
133,337,p1,selection,95.3231430053711,1787483378.0248864
133,338,p1,selection,99.97042846679688,1787483378.0270214
133,339,p1,selection,97.06893920898438,1787483378.029116
133,337,p2,selection,102.45799255371094,1787483378.0316248
133,338,p2,selection,102.96947479248047,1787483378.0340915
133,339,p2,selection,109.43152618408203,1787483378.036662
134,126,p1,turn,21.52710723876953,1787483378.0721817
134,126,p2,turn,19.314659118652344,1787483378.0730867
134,340,p1,selection,100.80841827392578,1787483378.0773418
134,341,p1,selection,98.01762390136719,1787483378.0812888
134,342,p1,selection,99.43650817871094,1787483378.085227
134,340,p2,selection,100.01923370361328,1787483378.089148
134,341,p2,selection,103.72504425048828,1787483378.093201
134,342,p2,selection,106.89366912841797,1787483378.0969565
135,127,p1,turn,19.363544464111328,1787483378.1363275
135,127,p2,turn,24.379547119140625,1787483378.1371937
135,343,p1,selection,98.72132873535156,1787483378.1414921
135,344,p1,selection,94.81883239746094,1787483378.1456969
135,345,p1,selection,99.3066177368164,1787483378.1495676
135,343,p2,selection,102.83999633789062,1787483378.1533961
135,344,p2,selection,105.1764144897461,1787483378.1575358
135,345,p2,selection,103.53629302978516,1787483378.1619236
136,128,p1,turn,18.93520736694336,1787483378.1983407
136,128,p2,turn,26.924053192138672,1787483378.199104
136,346,p1,selection,93.97164916992188,1787483378.203042
136,347,p1,selection,98.91140747070312,1787483378.207202
136,348,p1,selection,96.35590362548828,1787483378.2098348
136,346,p2,selection,103.39811706542969,1787483378.2119162
136,347,p2,selection,107.43211364746094,1787483378.2139149
136,348,p2,selection,104.82847595214844,1787483378.2158713
137,129,p1,turn,20.472793579101562,1787483378.2322357
137,129,p2,turn,23.369739532470703,1787483378.232752
137,349,p1,selection,99.32574462890625,1787483378.235321
137,350,p1,selection,99.43476104736328,1787483378.2380242
137,351,p1,selection,99.33236694335938,1787483378.240559
137,349,p2,selection,106.23674011230469,1787483378.2430491
137,350,p2,selection,104.77742767333984,1787483378.2457228
137,351,p2,selection,99.00770568847656,1787483378.2481554
138,130,p1,turn,23.421302795410156,1787483378.2659843
138,130,p2,turn,21.130184173583984,1787483378.2665992
138,352,p1,selection,99.84388732910156,1787483378.2692623
138,353,p1,selection,97.99215698242188,1787483378.272619
138,354,p1,selection,103.5712661743164,1787483378.2765672
138,352,p2,selection,105.69261169433594,1787483378.2803671
138,353,p2,selection,105.26471710205078,1787483378.2841249
138,354,p2,selection,108.08910369873047,1787483378.2879279
139,131,p1,turn,22.550920486450195,1787483378.3251479
139,131,p2,turn,22.057418823242188,1787483378.3258877
139,355,p1,selection,102.45008087158203,1787483378.3297791
139,356,p1,selection,100.4336929321289,1787483378.3336375
139,357,p1,selection,98.02278900146484,1787483378.33744
139,355,p2,selection,103.2912368774414,1787483378.341634
139,356,p2,selection,101.70755767822266,1787483378.3455842
139,357,p2,selection,106.78365325927734,1787483378.3494203
140,132,p1,turn,17.708751678466797,1787483378.3863053
140,132,p2,turn,14.762864112854004,1787483378.3871026
140,358,p1,selection,103.50239562988281,1787483378.3912437
140,359,p1,selection,99.29278564453125,1787483378.395128
140,360,p1,selection,99.4041519165039,1787483378.3990014
140,358,p2,selection,103.26095581054688,1787483378.4028444
140,359,p2,selection,108.43350219726562,1787483378.4069579
140,360,p2,selection,106.71151733398438,1787483378.41089
141,133,p1,turn,17.023202896118164,1787483378.448165
141,133,p2,turn,26.294416427612305,1787483378.4489665
141,361,p1,selection,98.39543914794922,1787483378.4529183
141,362,p1,selection,101.468994140625,1787483378.456997
141,363,p1,selection,96.57083129882812,1787483378.4609592
141,361,p2,selection,101.01959991455078,1787483378.4647777
141,362,p2,selection,105.28256225585938,1787483378.468521
141,363,p2,selection,106.21402740478516,1787483378.4724169
142,134,p1,turn,12.596689224243164,1787483378.514571
142,134,p2,turn,17.84674835205078,1787483378.5154269
142,364,p1,selection,93.66143798828125,1787483378.5201223
142,365,p1,selection,104.2887191772461,1787483378.524959
142,366,p1,selection,96.45964813232422,1787483378.5296795
142,364,p2,selection,101.81982421875,1787483378.5342534
142,365,p2,selection,104.33909606933594,1787483378.5386825
142,366,p2,selection,109.02217864990234,1787483378.5431924
143,135,p1,turn,8.03076457977295,1787483378.5838666
143,135,p2,turn,20.129858016967773,1787483378.5846457
143,367,p1,selection,97.98957061767578,1787483378.5886397
143,368,p1,selection,100.60142517089844,1787483378.5930076
143,369,p1,selection,94.12025451660156,1787483378.5969796
143,367,p2,selection,101.24783325195312,1787483378.600878
143,368,p2,selection,98.48320007324219,1787483378.6047528
143,369,p2,selection,102.08696746826172,1787483378.608726
144,136,p1,turn,25.45294952392578,1787483378.6436598
144,136,p2,turn,18.06644058227539,1787483378.6443658
144,370,p1,selection,98.75587463378906,1787483378.6482792
144,371,p1,selection,97.8289566040039,1787483378.6520364
144,372,p1,selection,94.64441680908203,1787483378.655881
144,370,p2,selection,110.18968963623047,1787483378.65995
144,371,p2,selection,101.68809509277344,1787483378.6641772
144,372,p2,selection,106.96690368652344,1787483378.6682255
145,137,p1,turn,22.386436462402344,1787483378.7063348
145,137,p2,turn,20.507848739624023,1787483378.7071068
145,373,p1,selection,99.02706909179688,1787483378.7110229
145,374,p1,selection,100.68313598632812,1787483378.7147872
145,375,p1,selection,91.35858154296875,1787483378.7186694
145,373,p2,selection,109.50271606445312,1787483378.7226918
145,374,p2,selection,104.23270416259766,1787483378.7266595
145,375,p2,selection,108.37287902832031,1787483378.7304318
146,138,p1,turn,19.002117156982422,1787483378.7533433
146,138,p2,turn,18.54991912841797,1787483378.753953
146,376,p1,selection,98.78247833251953,1787483378.756649
146,377,p1,selection,95.3833236694336,1787483378.7592323
146,378,p1,selection,100.35508728027344,1787483378.761725
146,376,p2,selection,105.09339904785156,1787483378.7641766
146,377,p2,selection,105.1450424194336,1787483378.7666337
146,378,p2,selection,105.48674774169922,1787483378.769088
147,139,p1,turn,19.222599029541016,1787483378.7891178
147,139,p2,turn,23.507556915283203,1787483378.789807
147,379,p1,selection,94.85646057128906,1787483378.7930765
147,380,p1,selection,97.12708282470703,1787483378.7963343
147,381,p1,selection,96.01615905761719,1787483378.800263
147,379,p2,selection,101.78671264648438,1787483378.8040435
147,380,p2,selection,106.84068298339844,1787483378.80837
147,381,p2,selection,101.48701477050781,1787483378.8123713
148,140,p1,turn,19.08139419555664,1787483378.8491514
148,140,p2,turn,12.853683471679688,1787483378.8498647
148,382,p1,selection,96.49066162109375,1787483378.853703
148,383,p1,selection,98.77283477783203,1787483378.8577003
148,384,p1,selection,91.56733703613281,1787483378.861576
148,382,p2,selection,106.50440979003906,1787483378.8653529
148,383,p2,selection,102.16282653808594,1787483378.869566
148,384,p2,selection,103.62822723388672,1787483378.8747766
149,141,p1,turn,22.798931121826172,1787483378.9005463
149,141,p2,turn,21.522064208984375,1787483378.9011583
149,385,p1,selection,93.72506713867188,1787483378.9032307
149,386,p1,selection,89.66333770751953,1787483378.9054115
149,387,p1,selection,89.82627868652344,1787483378.908164
149,385,p2,selection,104.40178680419922,1787483378.9107428
149,386,p2,selection,105.43492126464844,1787483378.9142942
149,387,p2,selection,103.59992218017578,1787483378.9185712
150,142,p1,turn,23.476165771484375,1787483378.9548395
150,142,p2,turn,17.353687286376953,1787483378.955677
150,388,p1,selection,93.95465850830078,1787483378.9597914
150,389,p1,selection,99.85514068603516,1787483378.9636056
150,390,p1,selection,93.2599868774414,1787483378.9674795
150,388,p2,selection,105.61532592773438,1787483378.9715252
150,389,p2,selection,103.08244323730469,1787483378.9754903
150,390,p2,selection,97.77183532714844,1787483378.9793327
151,143,p1,turn,14.181265830993652,1787483379.0127864
151,143,p2,turn,18.30643081665039,1787483379.0135906
151,391,p1,selection,96.28666687011719,1787483379.0174582
151,392,p1,selection,94.81382751464844,1787483379.021264
151,393,p1,selection,97.83831787109375,1787483379.0251546
151,391,p2,selection,104.69090270996094,1787483379.0289724
151,392,p2,selection,108.05966186523438,1787483379.0326982
151,393,p2,selection,108.68030548095703,1787483379.036416
152,144,p1,turn,16.92840576171875,1787483379.073292
152,144,p2,turn,27.654163360595703,1787483379.0741086
152,394,p1,selection,98.28337097167969,1787483379.0784104
152,395,p1,selection,87.1151351928711,1787483379.082618
152,396,p1,selection,98.0548324584961,1787483379.0868387
152,394,p2,selection,103.38191986083984,1787483379.0914204
152,395,p2,selection,104.25353240966797,1787483379.0954576
152,396,p2,selection,101.00578308105469,1787483379.099334
153,145,p1,turn,18.842811584472656,1787483379.135676
153,145,p2,turn,23.051651000976562,1787483379.1365135
153,397,p1,selection,98.21215057373047,1787483379.1410499
153,398,p1,selection,92.18032836914062,1787483379.1452234
153,399,p1,selection,92.37294006347656,1787483379.1491346
153,397,p2,selection,105.24893188476562,1787483379.1530519
153,398,p2,selection,102.5450439453125,1787483379.1572602
153,399,p2,selection,104.49571990966797,1787483379.1612957
154,146,p1,turn,30.878328323364258,1787483379.1995265
154,146,p2,turn,15.965452194213867,1787483379.2003324
154,400,p1,selection,89.99556732177734,1787483379.204487
154,401,p1,selection,101.55264282226562,1787483379.20842
154,402,p1,selection,105.18219757080078,1787483379.2122715
154,400,p2,selection,103.02841186523438,1787483379.2163246
154,401,p2,selection,103.10556030273438,1787483379.22014
154,402,p2,selection,107.22742462158203,1787483379.224468
155,147,p1,turn,15.283690452575684,1787483379.2638242
155,147,p2,turn,25.31995964050293,1787483379.2646158
155,403,p1,selection,103.1128921508789,1787483379.2685468
155,404,p1,selection,99.09614562988281,1787483379.2724516
155,405,p1,selection,103.54327392578125,1787483379.2764263
155,403,p2,selection,103.23101806640625,1787483379.2802157
155,404,p2,selection,104.5923843383789,1787483379.283949
155,405,p2,selection,104.78128051757812,1787483379.2876854
156,148,p1,turn,16.497194290161133,1787483379.3300724
156,148,p2,turn,22.019338607788086,1787483379.330881
156,406,p1,selection,92.79073333740234,1787483379.3347647
156,407,p1,selection,93.72567749023438,1787483379.3386633
156,408,p1,selection,99.67154693603516,1787483379.34267
156,406,p2,selection,104.207763671875,1787483379.3465936
156,407,p2,selection,97.4701156616211,1787483379.3503594
156,408,p2,selection,104.14188385009766,1787483379.3540807
157,149,p1,turn,24.8924560546875,1787483379.3883207
157,149,p2,turn,16.075464248657227,1787483379.3891382
157,409,p1,selection,94.65838623046875,1787483379.393213
157,410,p1,selection,96.00191497802734,1787483379.3970456
157,411,p1,selection,98.7643814086914,1787483379.400893
157,409,p2,selection,100.32579040527344,1787483379.4046865
157,410,p2,selection,109.03515625,1787483379.4086251
157,411,p2,selection,102.33572387695312,1787483379.4125242
158,150,p1,turn,27.65139389038086,1787483379.4439209
158,150,p2,turn,26.337352752685547,1787483379.444456
158,412,p1,selection,98.64497375488281,1787483379.4469523
158,413,p1,selection,101.01087188720703,1787483379.4494317
158,414,p1,selection,98.75625610351562,1787483379.452106
158,412,p2,selection,103.32129669189453,1787483379.4547794
158,413,p2,selection,103.83736419677734,1787483379.4575675
158,414,p2,selection,105.16397857666016,1787483379.460255
159,151,p1,turn,20.504032135009766,1787483379.4926512
159,151,p2,turn,15.591854095458984,1787483379.49341
159,415,p1,selection,98.34568786621094,1787483379.4973338
159,416,p1,selection,93.63526916503906,1787483379.5010948
159,417,p1,selection,94.68789672851562,1787483379.5047123
159,415,p2,selection,104.25421142578125,1787483379.508433
159,416,p2,selection,105.34706115722656,1787483379.5121021
159,417,p2,selection,103.83185577392578,1787483379.5157077
160,152,p1,turn,20.671920776367188,1787483379.5571117
160,152,p2,turn,26.126758575439453,1787483379.557875
160,418,p1,selection,101.72283172607422,1787483379.5618007
160,419,p1,selection,95.126708984375,1787483379.5655906
160,420,p1,selection,99.70530700683594,1787483379.5694368
160,418,p2,selection,107.85358428955078,1787483379.573538
160,419,p2,selection,104.25618743896484,1787483379.577426
160,420,p2,selection,103.67572021484375,1787483379.5811968
161,153,p1,turn,16.67670440673828,1787483379.6128983
161,153,p2,turn,22.790340423583984,1787483379.6133633
161,421,p1,selection,100.89356994628906,1787483379.6154664
161,422,p1,selection,92.08016204833984,1787483379.6174247
161,423,p1,selection,94.956787109375,1787483379.6193547
161,421,p2,selection,107.91539001464844,1787483379.621537
161,422,p2,selection,104.61099243164062,1787483379.6242316
161,423,p2,selection,100.90632629394531,1787483379.626821
162,154,p1,turn,22.430036544799805,1787483379.6502962
162,154,p2,turn,20.75318717956543,1787483379.650859
162,424,p1,selection,89.376220703125,1787483379.653343
162,425,p1,selection,87.86073303222656,1787483379.6560822
162,426,p1,selection,91.86115264892578,1787483379.6586928
162,424,p2,selection,104.1307601928711,1787483379.6612184
162,425,p2,selection,103.89675903320312,1787483379.663711
162,426,p2,selection,103.01634979248047,1787483379.666156
163,155,p1,turn,18.478546142578125,1787483379.6858675
163,155,p2,turn,17.47314453125,1787483379.686492
163,427,p1,selection,95.8230972290039,1787483379.689261
163,428,p1,selection,90.36602020263672,1787483379.6919942
163,429,p1,selection,91.02645111083984,1787483379.694529
163,427,p2,selection,105.50852966308594,1787483379.6969702
163,428,p2,selection,107.11858367919922,1787483379.699398
163,429,p2,selection,99.1770248413086,1787483379.7018826
164,156,p1,turn,22.518733978271484,1787483379.723068
164,156,p2,turn,18.928518295288086,1787483379.723799
164,430,p1,selection,90.07054138183594,1787483379.7276714
164,431,p1,selection,93.48451232910156,1787483379.7314487
164,432,p1,selection,90.41033935546875,1787483379.7351806
164,430,p2,selection,102.29634094238281,1787483379.7389655
164,431,p2,selection,106.02568054199219,1787483379.74278
164,432,p2,selection,102.90786743164062,1787483379.7464948
165,157,p1,turn,19.152217864990234,1787483379.7767012
165,157,p2,turn,21.494903564453125,1787483379.7773125
165,433,p1,selection,87.41142272949219,1787483379.7798789
165,434,p1,selection,85.3075942993164,1787483379.7823799
165,435,p1,selection,90.46372985839844,1787483379.7848506
165,433,p2,selection,101.77949523925781,1787483379.7874606
165,434,p2,selection,100.43090057373047,1787483379.7916617
165,435,p2,selection,101.54932403564453,1787483379.7961135
166,158,p1,turn,21.442508697509766,1787483379.8366098
166,158,p2,turn,18.199125289916992,1787483379.8373919
166,436,p1,selection,95.8321533203125,1787483379.8414867
166,437,p1,selection,90.97592163085938,1787483379.8455114
166,438,p1,selection,90.74195861816406,1787483379.8492951
166,436,p2,selection,100.1934814453125,1787483379.8530653
166,437,p2,selection,102.74565124511719,1787483379.8578491
166,438,p2,selection,101.18315124511719,1787483379.8620596
167,159,p1,turn,23.23676872253418,1787483379.9027467
167,159,p2,turn,20.691394805908203,1787483379.9035215
167,439,p1,selection,95.69393920898438,1787483379.9078271
167,440,p1,selection,82.39689636230469,1787483379.9117742
167,441,p1,selection,84.00385284423828,1787483379.9155326
167,439,p2,selection,101.22215270996094,1787483379.9193926
167,440,p2,selection,98.15681457519531,1787483379.9233902
167,441,p2,selection,98.95454406738281,1787483379.9272494
168,160,p1,turn,19.35325050354004,1787483379.9645193
168,160,p2,turn,23.369436264038086,1787483379.9653
168,442,p1,selection,86.096435546875,1787483379.9692056
168,443,p1,selection,82.41679382324219,1787483379.9733071
168,444,p1,selection,86.72270202636719,1787483379.9771695
168,442,p2,selection,102.98686218261719,1787483379.9809186
168,443,p2,selection,101.53890991210938,1787483379.98468
168,444,p2,selection,103.8011474609375,1787483379.9885237
169,161,p1,turn,25.63822364807129,1787483380.0272539
169,161,p2,turn,16.472469329833984,1787483380.0279794
169,445,p1,selection,86.16365051269531,1787483380.03188
169,446,p1,selection,83.49108123779297,1787483380.0356922
169,447,p1,selection,84.47985076904297,1787483380.0400612
169,445,p2,selection,98.00936126708984,1787483380.0443294
169,446,p2,selection,105.2965316772461,1787483380.0482244
169,447,p2,selection,103.78217315673828,1787483380.0521371
170,162,p1,turn,23.407730102539062,1787483380.075299
170,162,p2,turn,24.32693862915039,1787483380.0759542
170,448,p1,selection,87.075927734375,1787483380.0787969
170,449,p1,selection,81.91089630126953,1787483380.0814815
170,450,p1,selection,85.41635131835938,1787483380.0841722
170,448,p2,selection,102.96649932861328,1787483380.086689
170,449,p2,selection,103.15782928466797,1787483380.0901127
170,450,p2,selection,97.74324035644531,1787483380.0946677
171,163,p1,turn,23.027530670166016,1787483380.132205
171,163,p2,turn,29.24994468688965,1787483380.1329575
171,451,p1,selection,95.48079681396484,1787483380.1369407
171,452,p1,selection,95.66270446777344,1787483380.1412294
171,453,p1,selection,94.69888305664062,1787483380.1453073
171,451,p2,selection,104.77741241455078,1787483380.1491764
171,452,p2,selection,108.91690826416016,1787483380.1530747
171,453,p2,selection,107.23429107666016,1787483380.1572213
172,164,p1,turn,24.211557388305664,1787483380.1859527
172,164,p2,turn,20.13850212097168,1787483380.186701
172,454,p1,selection,91.37388610839844,1787483380.1910386
172,455,p1,selection,95.77228546142578,1787483380.1950793
172,456,p1,selection,96.80585479736328,1787483380.1989465
172,454,p2,selection,98.86123657226562,1787483380.2028294
172,455,p2,selection,102.62489318847656,1787483380.2067306
172,456,p2,selection,107.32769775390625,1787483380.2106159
173,165,p1,turn,21.631088256835938,1787483380.2532315
173,165,p2,turn,17.469411849975586,1787483380.253985
173,457,p1,selection,100.0008316040039,1787483380.2580075
173,458,p1,selection,91.8124008178711,1787483380.262026
173,459,p1,selection,99.73136901855469,1787483380.2658954
173,457,p2,selection,99.87297058105469,1787483380.2697482
173,458,p2,selection,105.40068817138672,1787483380.273643
173,459,p2,selection,100.69172668457031,1787483380.2774615
174,166,p1,turn,18.39338493347168,1787483380.3214383
174,166,p2,turn,24.35161590576172,1787483380.3222034
174,460,p1,selection,94.21357727050781,1787483380.3260818
174,461,p1,selection,104.8528060913086,1787483380.3297706
174,462,p1,selection,90.57600402832031,1787483380.3334186
174,460,p2,selection,99.90464782714844,1787483380.337063
174,461,p2,selection,103.6036376953125,1787483380.340332
174,462,p2,selection,102.98756408691406,1787483380.3427837
175,167,p1,turn,20.255611419677734,1787483380.367109
175,167,p2,turn,16.36726951599121,1787483380.3678155
175,463,p1,selection,95.47337341308594,1787483380.3718114
175,464,p1,selection,99.09500122070312,1787483380.3759181
175,465,p1,selection,91.4665298461914,1787483380.379695
175,463,p2,selection,98.87940979003906,1787483380.3834212
175,464,p2,selection,104.51445770263672,1787483380.387071
175,465,p2,selection,104.75018310546875,1787483380.390961
176,168,p1,turn,23.60909080505371,1787483380.4272943
176,168,p2,turn,19.75934600830078,1787483380.42804
176,466,p1,selection,94.45613098144531,1787483380.4319675
176,467,p1,selection,90.56463623046875,1787483380.4358628
176,468,p1,selection,89.63748168945312,1787483380.4398115
176,466,p2,selection,100.2879638671875,1787483380.4436934
176,467,p2,selection,105.06240844726562,1787483380.4473739
176,468,p2,selection,101.56632995605469,1787483380.450979
177,169,p1,turn,21.347461700439453,1787483380.4872038
177,169,p2,turn,22.407108306884766,1787483380.4880166
177,469,p1,selection,90.64373016357422,1787483380.4919956
177,470,p1,selection,88.23837280273438,1787483380.4957728
177,471,p1,selection,94.67047119140625,1787483380.4995377
177,469,p2,selection,98.44463348388672,1787483380.5032675
177,470,p2,selection,100.85376739501953,1787483380.5071688
177,471,p2,selection,96.15122985839844,1787483380.5109508
178,170,p1,turn,18.447877883911133,1787483380.555655
178,170,p2,turn,20.974653244018555,1787483380.556444
178,472,p1,selection,93.06707763671875,1787483380.562373
178,473,p1,selection,90.78265380859375,1787483380.566471
178,474,p1,selection,76.54755401611328,1787483380.5702171
178,472,p2,selection,104.38053894042969,1787483380.5742357
178,473,p2,selection,100.15559387207031,1787483380.578087
178,474,p2,selection,100.76188659667969,1787483380.5818908
179,171,p1,turn,18.926908493041992,1787483380.6146162
179,171,p2,turn,24.49590301513672,1787483380.615125
179,475,p1,selection,94.51538848876953,1787483380.6171975
179,476,p1,selection,85.52790832519531,1787483380.6192288
179,477,p1,selection,89.51524353027344,1787483380.621457
179,475,p2,selection,100.95073699951172,1787483380.62584
179,476,p2,selection,100.66315460205078,1787483380.6298583
179,477,p2,selection,100.21247100830078,1787483380.6337276
180,172,p1,turn,26.135746002197266,1787483380.6841416
180,172,p2,turn,21.95839500427246,1787483380.6848881
180,478,p1,selection,82.54655456542969,1787483380.6891854
180,479,p1,selection,93.41710662841797,1787483380.6934834
180,480,p1,selection,89.85633850097656,1787483380.6973252
180,478,p2,selection,101.75023651123047,1787483380.7011182
180,479,p2,selection,100.58073425292969,1787483380.7049634
180,480,p2,selection,101.72477722167969,1787483380.7091243
181,173,p1,turn,27.687908172607422,1787483380.7501414
181,173,p2,turn,24.98338508605957,1787483380.750922
181,481,p1,selection,94.970458984375,1787483380.7548466
181,482,p1,selection,90.99805450439453,1787483380.7587817
181,483,p1,selection,92.17991638183594,1787483380.7625356
181,481,p2,selection,101.0342025756836,1787483380.7663174
181,482,p2,selection,102.73809051513672,1787483380.7700694
181,483,p2,selection,102.59530639648438,1787483380.7742658
182,174,p1,turn,21.184200286865234,1787483380.8112764
182,174,p2,turn,22.44068717956543,1787483380.8120656
182,484,p1,selection,91.22264862060547,1787483380.8160179
182,485,p1,selection,89.72088623046875,1787483380.819883
182,486,p1,selection,88.5923843383789,1787483380.8237808
182,484,p2,selection,96.79825592041016,1787483380.8275764
182,485,p2,selection,98.2032470703125,1787483380.8313549
182,486,p2,selection,98.93827819824219,1787483380.835069
183,175,p1,turn,23.12150764465332,1787483380.8747873
183,175,p2,turn,20.382719039916992,1787483380.875541
183,487,p1,selection,91.65863037109375,1787483380.8794498
183,488,p1,selection,78.18553924560547,1787483380.8816874
183,489,p1,selection,88.27316284179688,1787483380.8836768
183,487,p2,selection,102.9112777709961,1787483380.8857164
183,488,p2,selection,95.56883239746094,1787483380.8877175
183,489,p2,selection,99.29888916015625,1787483380.8907454
184,176,p1,turn,17.573579788208008,1787483380.9251888
184,176,p2,turn,18.383039474487305,1787483380.9257455
184,490,p1,selection,88.9044189453125,1787483380.9291065
184,491,p1,selection,80.89573669433594,1787483380.9337254
184,492,p1,selection,82.14759063720703,1787483380.9395003
184,490,p2,selection,102.7922592163086,1787483380.9441886
184,491,p2,selection,97.99219512939453,1787483380.947969
184,492,p2,selection,95.51758575439453,1787483380.9513845
185,177,p1,turn,23.80377960205078,1787483380.986401
185,177,p2,turn,15.10174560546875,1787483380.9871438
185,493,p1,selection,79.84468841552734,1787483380.9917867
185,494,p1,selection,84.81684112548828,1787483380.9962833
185,495,p1,selection,81.19912719726562,1787483381.000878
185,493,p2,selection,97.27739715576172,1787483381.0061328
185,494,p2,selection,96.91744995117188,1787483381.0107944
185,495,p2,selection,97.08172607421875,1787483381.0155087
186,178,p1,turn,15.305883407592773,1787483381.0582135
186,178,p2,turn,20.95688247680664,1787483381.0588627
186,496,p1,selection,81.68297576904297,1787483381.0642955
186,497,p1,selection,87.8567123413086,1787483381.0700562
186,498,p1,selection,85.63690948486328,1787483381.0756605
186,496,p2,selection,99.08330535888672,1787483381.0808594
186,497,p2,selection,99.52671813964844,1787483381.086296
186,498,p2,selection,95.44229888916016,1787483381.0914624
187,179,p1,turn,16.21941566467285,1787483381.1274908
187,179,p2,turn,17.95518684387207,1787483381.128112
187,499,p1,selection,83.64396667480469,1787483381.1308372
187,500,p1,selection,86.96847534179688,1787483381.1336622
187,501,p1,selection,96.41050720214844,1787483381.1363106
187,499,p2,selection,99.09811401367188,1787483381.1400442
187,500,p2,selection,99.02234649658203,1787483381.144457
187,501,p2,selection,101.229248046875,1787483381.148639
188,180,p1,turn,20.21967887878418,1787483381.191833
188,180,p2,turn,21.740962982177734,1787483381.192655
188,502,p1,selection,92.0574722290039,1787483381.1966014
188,503,p1,selection,96.12674713134766,1787483381.200506
188,504,p1,selection,88.27714538574219,1787483381.2047226
188,502,p2,selection,103.14275360107422,1787483381.2087915
188,503,p2,selection,98.75499725341797,1787483381.2126415
188,504,p2,selection,97.78907775878906,1787483381.21639
189,181,p1,turn,22.583707809448242,1787483381.234376
189,181,p2,turn,31.366687774658203,1787483381.2348573
189,505,p1,selection,102.430908203125,1787483381.237086
189,506,p1,selection,87.4056167602539,1787483381.2399623
189,507,p1,selection,85.5039291381836,1787483381.242796
189,505,p2,selection,98.87056732177734,1787483381.2468448
189,506,p2,selection,99.29103088378906,1787483381.2507582
189,507,p2,selection,99.86798858642578,1787483381.254605
190,182,p1,turn,15.032663345336914,1787483381.2925503
190,182,p2,turn,24.108612060546875,1787483381.2933047
190,508,p1,selection,97.1289291381836,1787483381.2972486
190,509,p1,selection,87.64728546142578,1787483381.3011212
190,510,p1,selection,92.61137390136719,1787483381.3049984
190,508,p2,selection,98.85779571533203,1787483381.3089192
190,509,p2,selection,102.94017791748047,1787483381.3128166
190,510,p2,selection,100.93466186523438,1787483381.316631
191,183,p1,turn,26.88192367553711,1787483381.3465576
191,183,p2,turn,22.13828468322754,1787483381.3471613
191,511,p1,selection,101.14659881591797,1787483381.3498578
191,512,p1,selection,92.31613159179688,1787483381.3523924
191,513,p1,selection,91.5890884399414,1787483381.3549597
191,511,p2,selection,100.1297836303711,1787483381.357546
191,512,p2,selection,96.60804748535156,1787483381.3600123
191,513,p2,selection,100.95843505859375,1787483381.3624563
192,184,p1,turn,17.051477432250977,1787483381.4019043
192,184,p2,turn,35.06939697265625,1787483381.4026845
192,514,p1,selection,94.63086700439453,1787483381.4076436
192,515,p1,selection,97.3903579711914,1787483381.4119017
192,516,p1,selection,86.34349060058594,1787483381.4159086
192,514,p2,selection,101.07823181152344,1787483381.419765
192,515,p2,selection,96.91519165039062,1787483381.4237838
192,516,p2,selection,95.03556060791016,1787483381.4276178
193,185,p1,turn,14.562153816223145,1787483381.4601176
193,185,p2,turn,24.498966217041016,1787483381.4606743
193,517,p1,selection,84.94386291503906,1787483381.4633
193,518,p1,selection,89.55546569824219,1787483381.465775
193,519,p1,selection,85.21958923339844,1787483381.4682162
193,517,p2,selection,96.40682983398438,1787483381.4706888
193,518,p2,selection,98.87370300292969,1787483381.475626
193,519,p2,selection,100.26272583007812,1787483381.479467
194,186,p1,turn,25.910308837890625,1787483381.5166855
194,186,p2,turn,16.264373779296875,1787483381.5174272
194,520,p1,selection,102.71453094482422,1787483381.5213556
194,521,p1,selection,87.83142852783203,1787483381.52538
194,522,p1,selection,100.52423095703125,1787483381.5291786
194,520,p2,selection,103.26174926757812,1787483381.5329356
194,521,p2,selection,96.62581634521484,1787483381.5366883
194,522,p2,selection,102.24974060058594,1787483381.5404892
195,187,p1,turn,18.00649070739746,1787483381.576346
195,187,p2,turn,30.829809188842773,1787483381.5771258
195,523,p1,selection,94.86634826660156,1787483381.5810251
195,524,p1,selection,87.14745330810547,1787483381.584984
195,525,p1,selection,92.03398132324219,1787483381.5888345
195,523,p2,selection,102.82682800292969,1787483381.5926657
195,524,p2,selection,91.7268295288086,1787483381.596424
195,525,p2,selection,94.14376068115234,1787483381.6001267
196,188,p1,turn,16.60807991027832,1787483381.6314802
196,188,p2,turn,20.372270584106445,1787483381.6321013
196,526,p1,selection,93.42607116699219,1787483381.6350503
196,527,p1,selection,93.50955963134766,1787483381.638018
196,528,p1,selection,96.82254028320312,1787483381.6409707
196,526,p2,selection,99.31814575195312,1787483381.643552
196,527,p2,selection,100.06963348388672,1787483381.6460629
196,528,p2,selection,95.99554443359375,1787483381.6484542
197,189,p1,turn,13.712638854980469,1787483381.6656122
197,189,p2,turn,20.237476348876953,1787483381.666234
197,529,p1,selection,99.91999053955078,1787483381.6710806
197,530,p1,selection,91.16339874267578,1787483381.6745179
197,531,p1,selection,89.60527801513672,1787483381.6771934
197,529,p2,selection,92.56678771972656,1787483381.679619
197,530,p2,selection,97.18224334716797,1787483381.6820407
197,531,p2,selection,95.92980194091797,1787483381.684431
198,190,p1,turn,24.456830978393555,1787483381.703455
198,190,p2,turn,16.130428314208984,1787483381.7039876
198,532,p1,selection,75.8671646118164,1787483381.7067022
198,533,p1,selection,89.4688491821289,1787483381.7102377
198,534,p1,selection,90.98919677734375,1787483381.7133443
198,532,p2,selection,98.70217895507812,1787483381.7163665
198,533,p2,selection,95.77623748779297,1787483381.71902
198,534,p2,selection,94.48438262939453,1787483381.7223654
199,191,p1,turn,17.63457679748535,1787483381.7585049
199,191,p2,turn,20.117403030395508,1787483381.7592928
199,535,p1,selection,91.48627471923828,1787483381.7631903
199,536,p1,selection,86.87533569335938,1787483381.7670045
199,537,p1,selection,76.2113037109375,1787483381.771765
199,535,p2,selection,93.47230529785156,1787483381.776225
199,536,p2,selection,96.0857162475586,1787483381.7803245
199,537,p2,selection,96.65899658203125,1787483381.7841115
200,192,p1,turn,21.79836082458496,1787483381.8194387
200,192,p2,turn,26.032955169677734,1787483381.8202503
200,538,p1,selection,87.8239974975586,1787483381.8254821
200,539,p1,selection,79.66192626953125,1787483381.830672
200,540,p1,selection,81.63330841064453,1787483381.8350692
200,538,p2,selection,94.45203399658203,1787483381.8391154
200,539,p2,selection,94.1001968383789,1787483381.842203
200,540,p2,selection,95.90159606933594,1787483381.8453195
201,193,p1,turn,15.820751190185547,1787483381.8864274
201,193,p2,turn,27.350435256958008,1787483381.887299
201,541,p1,selection,86.7409439086914,1787483381.8917677
201,542,p1,selection,84.10064697265625,1787483381.8960114
201,543,p1,selection,87.53311157226562,1787483381.9000273
201,541,p2,selection,95.95075988769531,1787483381.9040186
201,542,p2,selection,92.47653198242188,1787483381.9086049
201,543,p2,selection,90.54281616210938,1787483381.9127424
202,194,p1,turn,17.113370895385742,1787483381.954598
202,194,p2,turn,21.215744018554688,1787483381.955568
202,544,p1,selection,73.95304870605469,1787483381.9600425
202,545,p1,selection,88.13034057617188,1787483381.9646044
202,546,p1,selection,77.43170928955078,1787483381.9691064
202,544,p2,selection,94.34004974365234,1787483381.9740975
202,545,p2,selection,94.05374145507812,1787483381.978376
202,546,p2,selection,96.06886291503906,1787483381.9823565
203,195,p1,turn,20.258663177490234,1787483382.0271354
203,195,p2,turn,15.949514389038086,1787483382.027969
203,547,p1,selection,86.77580261230469,1787483382.0322835
203,548,p1,selection,86.95520782470703,1787483382.03668
203,549,p1,selection,86.31436920166016,1787483382.0412564
203,547,p2,selection,93.9324951171875,1787483382.0456548
203,548,p2,selection,92.23069763183594,1787483382.0500562
203,549,p2,selection,95.07774353027344,1787483382.0544462
204,196,p1,turn,17.468894958496094,1787483382.0947924
204,196,p2,turn,15.760518074035645,1787483382.0956008
204,550,p1,selection,90.31201171875,1787483382.0999496
204,551,p1,selection,98.09906768798828,1787483382.103686
204,552,p1,selection,90.74690246582031,1787483382.1080635
204,550,p2,selection,93.48672485351562,1787483382.1127636
204,551,p2,selection,99.98063659667969,1787483382.117579
204,552,p2,selection,95.18782043457031,1787483382.1225438
205,197,p1,turn,22.658828735351562,1787483382.1737826
205,197,p2,turn,25.51506805419922,1787483382.1745288
205,553,p1,selection,107.08161163330078,1787483382.1786225
205,554,p1,selection,101.23655700683594,1787483382.182033
205,555,p1,selection,94.0316390991211,1787483382.1846352
205,553,p2,selection,98.13634490966797,1787483382.1871455
205,554,p2,selection,93.9148178100586,1787483382.190052
205,555,p2,selection,96.29827880859375,1787483382.1927204
206,198,p1,turn,19.285480499267578,1787483382.2125843
206,198,p2,turn,23.322601318359375,1787483382.2132583
206,556,p1,selection,99.22391510009766,1787483382.21849
206,557,p1,selection,108.31105041503906,1787483382.2235117
206,558,p1,selection,99.64802551269531,1787483382.228165
206,556,p2,selection,93.67329406738281,1787483382.2326996
206,557,p2,selection,98.99359130859375,1787483382.2372465
206,558,p2,selection,97.61904907226562,1787483382.2419243
207,199,p1,turn,26.918962478637695,1787483382.2812772
207,199,p2,turn,17.893901824951172,1787483382.282062
207,559,p1,selection,98.81717681884766,1787483382.2860813
207,560,p1,selection,106.01484680175781,1787483382.2905798
207,561,p1,selection,103.50393676757812,1787483382.2947912
207,559,p2,selection,97.79275512695312,1787483382.2988613
207,560,p2,selection,99.22393798828125,1787483382.302896
207,561,p2,selection,98.95421600341797,1787483382.307225
208,200,p1,turn,19.47577476501465,1787483382.3484218
208,200,p2,turn,23.626903533935547,1787483382.3492932
208,562,p1,selection,102.50205993652344,1787483382.353582
208,563,p1,selection,97.35134887695312,1787483382.3583064
208,564,p1,selection,105.45834350585938,1787483382.3626158
208,562,p2,selection,94.50296020507812,1787483382.3667653
208,563,p2,selection,95.1175308227539,1787483382.3707674
208,564,p2,selection,95.87574005126953,1787483382.3747914
209,201,p1,turn,21.827959060668945,1787483382.4101355
209,201,p2,turn,14.71489143371582,1787483382.4109218
209,565,p1,selection,110.55707550048828,1787483382.4148593
209,566,p1,selection,102.84435272216797,1787483382.4187374
209,567,p1,selection,87.16929626464844,1787483382.4227185
209,565,p2,selection,96.94931030273438,1787483382.4265647
209,566,p2,selection,91.86715698242188,1787483382.430452
209,567,p2,selection,93.59227752685547,1787483382.4342763
210,202,p1,turn,20.577640533447266,1787483382.4593458
210,202,p2,turn,21.364002227783203,1787483382.45984
210,568,p1,selection,98.64553833007812,1787483382.4635959
210,569,p1,selection,109.7290267944336,1787483382.4675517
210,570,p1,selection,98.32928466796875,1787483382.4716136
210,568,p2,selection,93.41950225830078,1787483382.4756455
210,569,p2,selection,92.65725708007812,1787483382.4795392
210,570,p2,selection,97.36541748046875,1787483382.4836106
211,203,p1,turn,17.63309097290039,1787483382.5190961
211,203,p2,turn,31.784744262695312,1787483382.519848
211,571,p1,selection,99.02796173095703,1787483382.5238497
211,572,p1,selection,94.81139373779297,1787483382.5278492
211,573,p1,selection,97.26152801513672,1787483382.531732
211,571,p2,selection,93.93062591552734,1787483382.5356066
211,572,p2,selection,86.35399627685547,1787483382.539689
211,573,p2,selection,85.53485107421875,1787483382.543701
212,204,p1,turn,19.553632736206055,1787483382.5736516
212,204,p2,turn,16.99212074279785,1787483382.5744336
212,574,p1,selection,77.23301696777344,1787483382.5786633
212,575,p1,selection,96.40794372558594,1787483382.583307
212,576,p1,selection,95.02505493164062,1787483382.5879164
212,574,p2,selection,97.81431579589844,1787483382.592462
212,575,p2,selection,92.67870330810547,1787483382.5967898
212,576,p2,selection,88.93415832519531,1787483382.600723
213,205,p1,turn,19.66889190673828,1787483382.6410406
213,205,p2,turn,23.538742065429688,1787483382.6418443
213,577,p1,selection,93.07730102539062,1787483382.6459124
213,578,p1,selection,90.50570678710938,1787483382.6501322
213,579,p1,selection,93.96084594726562,1787483382.654266
213,577,p2,selection,93.1483154296875,1787483382.659335
213,578,p2,selection,92.13809204101562,1787483382.6642761
213,579,p2,selection,90.18292236328125,1787483382.6690369
214,206,p1,turn,26.125078201293945,1787483382.7072697
214,206,p2,turn,16.6278133392334,1787483382.7082067
214,580,p1,selection,96.57682037353516,1787483382.7127173
214,581,p1,selection,90.9011001586914,1787483382.716802
214,582,p1,selection,106.5752944946289,1787483382.7207615
214,580,p2,selection,94.56449127197266,1787483382.7255719
214,581,p2,selection,90.27906799316406,1787483382.7297878
214,582,p2,selection,91.62788391113281,1787483382.7336752
215,207,p1,turn,15.462723731994629,1787483382.7653184
215,207,p2,turn,16.677570343017578,1787483382.7659652
215,583,p1,selection,94.8421630859375,1787483382.768762
215,584,p1,selection,98.73320007324219,1787483382.772117
215,585,p1,selection,84.54866027832031,1787483382.7771804
215,583,p2,selection,94.12615203857422,1787483382.7814026
215,584,p2,selection,94.25059509277344,1787483382.7854495
215,585,p2,selection,89.73197937011719,1787483382.7906332
216,208,p1,turn,15.60681438446045,1787483382.8293638
216,208,p2,turn,22.817882537841797,1787483382.8300946
216,586,p1,selection,91.47025299072266,1787483382.833071
216,587,p1,selection,108.31922912597656,1787483382.8358145
216,588,p1,selection,112.88609313964844,1787483382.8393233
216,586,p2,selection,89.0955581665039,1787483382.843905
216,587,p2,selection,85.9715576171875,1787483382.8479948
216,588,p2,selection,87.20441436767578,1787483382.8518555
217,209,p1,turn,25.052001953125,1787483382.8914962
217,209,p2,turn,29.34756851196289,1787483382.892337
217,589,p1,selection,95.1926040649414,1787483382.896411
217,590,p1,selection,91.25230407714844,1787483382.900449
217,591,p1,selection,96.89558410644531,1787483382.9046223
217,589,p2,selection,82.21614074707031,1787483382.909219
217,590,p2,selection,90.75596618652344,1787483382.9136138
217,591,p2,selection,86.6531753540039,1787483382.9181545
218,210,p1,turn,14.252386093139648,1787483382.9579198
218,210,p2,turn,18.231327056884766,1787483382.9588451
218,592,p1,selection,93.92346954345703,1787483382.9629493
218,593,p1,selection,97.46253967285156,1787483382.967083
218,594,p1,selection,88.35917663574219,1787483382.9713862
218,592,p2,selection,91.48684692382812,1787483382.9760082
218,593,p2,selection,90.49856567382812,1787483382.9802244
218,594,p2,selection,94.6078109741211,1787483382.9841478
219,211,p1,turn,23.49691390991211,1787483383.0238738
219,211,p2,turn,23.631147384643555,1787483383.024542
219,595,p1,selection,90.413818359375,1787483383.0273986
219,596,p1,selection,95.39656066894531,1787483383.0309503
219,597,p1,selection,81.91992950439453,1787483383.0348904
219,595,p2,selection,86.38098907470703,1787483383.0398953
219,596,p2,selection,84.8192138671875,1787483383.0445354
219,597,p2,selection,93.93892669677734,1787483383.0489795
220,212,p1,turn,16.78606414794922,1787483383.0920098
220,212,p2,turn,26.378753662109375,1787483383.0928545
220,598,p1,selection,104.35208892822266,1787483383.0975082
220,599,p1,selection,77.74364471435547,1787483383.1018422
220,600,p1,selection,84.50144958496094,1787483383.1074967
220,598,p2,selection,84.00421142578125,1787483383.1121588
220,599,p2,selection,85.49028015136719,1787483383.1164725
220,600,p2,selection,84.34943389892578,1787483383.120544
221,213,p1,turn,14.352348327636719,1787483383.159602
221,213,p2,turn,14.761885643005371,1787483383.1604128
221,601,p1,selection,103.98402404785156,1787483383.1645305
221,602,p1,selection,108.9481201171875,1787483383.1686
221,603,p1,selection,105.84955596923828,1787483383.1733923
221,601,p2,selection,92.41912841796875,1787483383.177584
221,602,p2,selection,90.45935821533203,1787483383.1818523
221,603,p2,selection,94.49217224121094,1787483383.185948
222,214,p1,turn,22.403892517089844,1787483383.2191024
222,214,p2,turn,21.477087020874023,1787483383.2198644
222,604,p1,selection,100.68572998046875,1787483383.2247274
222,605,p1,selection,102.91592407226562,1787483383.2291017
222,606,p1,selection,121.27476501464844,1787483383.2333047
222,604,p2,selection,93.59182739257812,1787483383.2373302
222,605,p2,selection,93.86638641357422,1787483383.2419848
222,606,p2,selection,90.54469299316406,1787483383.246119
223,215,p1,turn,19.648712158203125,1787483383.287404
223,215,p2,turn,20.375690460205078,1787483383.288325
223,607,p1,selection,108.2152328491211,1787483383.2927456
223,608,p1,selection,114.38567352294922,1787483383.2966866
223,609,p1,selection,100.37197875976562,1787483383.3005478
223,607,p2,selection,88.60020446777344,1787483383.3048003
223,608,p2,selection,90.02540588378906,1787483383.3095834
223,609,p2,selection,95.53767395019531,1787483383.313685
224,216,p1,turn,15.705405235290527,1787483383.3535836
224,216,p2,turn,20.363466262817383,1787483383.3545618
224,610,p1,selection,109.98725128173828,1787483383.359116
224,611,p1,selection,113.67410278320312,1787483383.363007
224,612,p1,selection,100.03084564208984,1787483383.3668647
224,610,p2,selection,92.07109832763672,1787483383.370794
224,611,p2,selection,96.48985290527344,1787483383.374232
224,612,p2,selection,93.56330871582031,1787483383.3768127
225,217,p1,turn,23.5883846282959,1787483383.4081724
225,217,p2,turn,11.984086990356445,1787483383.4089918
225,613,p1,selection,104.61431884765625,1787483383.4132795
225,614,p1,selection,111.49381256103516,1787483383.4172392
225,615,p1,selection,113.69347381591797,1787483383.4211807
225,613,p2,selection,89.27023315429688,1787483383.4256473
225,614,p2,selection,92.29480743408203,1787483383.4297931
225,615,p2,selection,90.69326782226562,1787483383.433533
226,218,p1,turn,18.8104305267334,1787483383.4706233
226,218,p2,turn,15.653944969177246,1787483383.4714646
226,616,p1,selection,126.69944763183594,1787483383.4754436
226,617,p1,selection,106.68423461914062,1787483383.4792717
226,618,p1,selection,97.59886932373047,1787483383.4832697
226,616,p2,selection,90.20963287353516,1787483383.487158
226,617,p2,selection,83.71971130371094,1787483383.4910848
226,618,p2,selection,87.60525512695312,1787483383.4949126
227,219,p1,turn,13.943127632141113,1787483383.5319104
227,219,p2,turn,21.614990234375,1787483383.532635
227,619,p1,selection,108.88642883300781,1787483383.535577
227,620,p1,selection,95.8546142578125,1787483383.5390017
227,621,p1,selection,87.54531860351562,1787483383.5433013
227,619,p2,selection,87.27350616455078,1787483383.5476904
227,620,p2,selection,83.98395538330078,1787483383.5519063
227,621,p2,selection,92.36162567138672,1787483383.5561106
228,220,p1,turn,18.41008758544922,1787483383.5928202
228,220,p2,turn,23.90348243713379,1787483383.593568
228,622,p1,selection,95.90774536132812,1787483383.5973883
228,623,p1,selection,107.95734405517578,1787483383.6011748
228,624,p1,selection,98.38615417480469,1787483383.605228
228,622,p2,selection,88.69039916992188,1787483383.6092553
228,623,p2,selection,93.34367370605469,1787483383.6131475
228,624,p2,selection,87.24462890625,1787483383.6169999
229,221,p1,turn,25.217697143554688,1787483383.6564226
229,221,p2,turn,25.34099006652832,1787483383.6571543
229,625,p1,selection,112.597900390625,1787483383.6610193
229,626,p1,selection,105.65061950683594,1787483383.6648057
229,627,p1,selection,113.91448211669922,1787483383.6685941
229,625,p2,selection,88.31134033203125,1787483383.6726146
229,626,p2,selection,78.98494720458984,1787483383.6764538
229,627,p2,selection,94.71833801269531,1787483383.680281
230,222,p1,turn,17.650314331054688,1787483383.7157538
230,222,p2,turn,23.15363883972168,1787483383.7164793
230,628,p1,selection,112.64765167236328,1787483383.7204988
230,629,p1,selection,99.98297119140625,1787483383.724537
230,630,p1,selection,87.88507080078125,1787483383.7283878
230,628,p2,selection,84.82848358154297,1787483383.7321453
230,629,p2,selection,85.0765380859375,1787483383.7358558
230,630,p2,selection,84.0047607421875,1787483383.7396772
231,223,p1,turn,14.730216026306152,1787483383.768563
231,223,p2,turn,26.128902435302734,1787483383.7691712
231,631,p1,selection,116.18646240234375,1787483383.772448
231,632,p1,selection,96.45582580566406,1787483383.7767012
231,633,p1,selection,110.104248046875,1787483383.7808907
231,631,p2,selection,81.83848571777344,1787483383.7848847
231,632,p2,selection,82.61253356933594,1787483383.7894852
231,633,p2,selection,81.81852722167969,1787483383.7942703
232,224,p1,turn,19.12738037109375,1787483383.8358235
232,224,p2,turn,18.462844848632812,1787483383.8367045
232,634,p1,selection,93.96826934814453,1787483383.8411872
232,635,p1,selection,89.94801330566406,1787483383.8447332
232,636,p1,selection,96.18879699707031,1787483383.8484316
232,634,p2,selection,88.13184356689453,1787483383.853303
232,635,p2,selection,78.33872985839844,1787483383.8582737
232,636,p2,selection,74.98585510253906,1787483383.8627408
233,225,p1,turn,26.846235275268555,1787483383.899929
233,225,p2,turn,18.353225708007812,1787483383.9007583
233,637,p1,selection,91.79610443115234,1787483383.905079
233,638,p1,selection,106.94214630126953,1787483383.9102933
233,639,p1,selection,100.68812561035156,1787483383.9144526
233,637,p2,selection,74.6506118774414,1787483383.917237
233,638,p2,selection,78.88105773925781,1787483383.9198155
233,639,p2,selection,84.41584014892578,1787483383.9237475
234,226,p1,turn,18.289222717285156,1787483383.9622478
234,226,p2,turn,14.721171379089355,1787483383.9630902
234,640,p1,selection,89.44152069091797,1787483383.9672623
234,641,p1,selection,98.91044616699219,1787483383.9715087
234,642,p1,selection,101.16816711425781,1787483383.9762251
234,640,p2,selection,79.46051025390625,1787483383.9804049
234,641,p2,selection,89.9693374633789,1787483383.9845102
234,642,p2,selection,77.05241394042969,1787483383.9887865
235,227,p1,turn,17.005643844604492,1787483384.011005
235,227,p2,turn,24.875282287597656,1787483384.0115168
235,643,p1,selection,102.30233001708984,1787483384.0137012
235,644,p1,selection,101.76640319824219,1787483384.0157359
235,645,p1,selection,101.12976837158203,1787483384.017714
235,643,p2,selection,82.90585327148438,1787483384.0203335
235,644,p2,selection,80.24004364013672,1787483384.0254054
235,645,p2,selection,85.02861022949219,1787483384.0360384
236,228,p1,turn,17.64124298095703,1787483384.0886822
236,228,p2,turn,20.30350685119629,1787483384.0894215
236,646,p1,selection,113.12846374511719,1787483384.0935266
236,647,p1,selection,110.29806518554688,1787483384.0968528
236,648,p1,selection,116.89533996582031,1787483384.0996528
236,646,p2,selection,77.40473937988281,1787483384.102591
236,647,p2,selection,85.46690368652344,1787483384.107692
236,648,p2,selection,84.4053955078125,1787483384.1123497
237,229,p1,turn,20.93712615966797,1787483384.1545298
237,229,p2,turn,21.97884750366211,1787483384.1553948
237,649,p1,selection,117.12301635742188,1787483384.1597958
237,650,p1,selection,102.55586242675781,1787483384.1640735
237,651,p1,selection,119.99082946777344,1787483384.1680186
237,649,p2,selection,78.61371612548828,1787483384.1729748
237,650,p2,selection,81.64225769042969,1787483384.1775904
237,651,p2,selection,89.78288269042969,1787483384.1815987
238,230,p1,turn,18.879417419433594,1787483384.2274094
238,230,p2,turn,17.73680877685547,1787483384.2282023
238,652,p1,selection,129.36691284179688,1787483384.2323673
238,653,p1,selection,113.33998107910156,1787483384.2365036
238,654,p1,selection,119.94678497314453,1787483384.2412422
238,652,p2,selection,88.2811508178711,1787483384.2457573
238,653,p2,selection,79.69834899902344,1787483384.250093
238,654,p2,selection,84.04702758789062,1787483384.2550209
239,231,p1,turn,32.13513946533203,1787483384.284057
239,231,p2,turn,22.679832458496094,1787483384.2846413
239,655,p1,selection,123.62886047363281,1787483384.2884219
239,656,p1,selection,94.23111724853516,1787483384.2920177
239,657,p1,selection,113.65282440185547,1787483384.2949567
239,655,p2,selection,86.080322265625,1787483384.2980661
239,656,p2,selection,86.75151062011719,1787483384.3009636
239,657,p2,selection,77.03636169433594,1787483384.3038542
240,232,p1,turn,19.812519073486328,1787483384.3294256
240,232,p2,turn,17.66918182373047,1787483384.3301005
240,658,p1,selection,109.15684509277344,1787483384.3331084
240,659,p1,selection,109.3756332397461,1787483384.337845
240,660,p1,selection,100.88275146484375,1787483384.3431642
240,658,p2,selection,82.99214935302734,1787483384.3475714
240,659,p2,selection,71.35417938232422,1787483384.3520238
240,660,p2,selection,83.37657165527344,1787483384.3577597
241,233,p1,turn,27.62307357788086,1787483384.3921974
241,233,p2,turn,24.783761978149414,1787483384.3928275
241,661,p1,selection,113.01067352294922,1787483384.396186
241,662,p1,selection,114.80531311035156,1787483384.3994246
241,663,p1,selection,117.41170501708984,1787483384.4024327
241,661,p2,selection,88.48870849609375,1787483384.4063609
241,662,p2,selection,81.95270538330078,1787483384.409832
241,663,p2,selection,85.40756225585938,1787483384.4126792
242,234,p1,turn,18.482316970825195,1787483384.4369318
242,234,p2,turn,27.724760055541992,1787483384.4377
242,664,p1,selection,124.22229766845703,1787483384.4413579
242,665,p1,selection,107.2464370727539,1787483384.4443893
242,666,p1,selection,120.64895629882812,1787483384.447274
242,664,p2,selection,78.47443389892578,1787483384.4502385
242,665,p2,selection,80.41461181640625,1787483384.4529147
242,666,p2,selection,75.86587524414062,1787483384.4576514
243,235,p1,turn,14.447091102600098,1787483384.4988363
243,235,p2,turn,22.593765258789062,1787483384.4996216
243,667,p1,selection,123.10140991210938,1787483384.5042071
243,668,p1,selection,122.31973266601562,1787483384.5099244
243,669,p1,selection,100.89794921875,1787483384.5144086
243,667,p2,selection,83.76068115234375,1787483384.5185988
243,668,p2,selection,75.87390899658203,1787483384.52429
243,669,p2,selection,82.45954132080078,1787483384.5289323
244,236,p1,turn,23.65521812438965,1787483384.5591984
244,236,p2,turn,18.824684143066406,1787483384.5599077
244,670,p1,selection,114.99044799804688,1787483384.5632322
244,671,p1,selection,123.8311538696289,1787483384.5661478
244,672,p1,selection,120.07689666748047,1787483384.5691562
244,670,p2,selection,75.9724349975586,1787483384.5731473
244,671,p2,selection,87.77540588378906,1787483384.5777307
244,672,p2,selection,78.21968078613281,1787483384.5820987
245,237,p1,turn,15.636075973510742,1787483384.6241894
245,237,p2,turn,21.967552185058594,1787483384.6249437
245,673,p1,selection,114.22962951660156,1787483384.6295524
245,674,p1,selection,120.76860809326172,1787483384.6337595
245,675,p1,selection,113.9263916015625,1787483384.6385803
245,673,p2,selection,80.75164031982422,1787483384.6434758
245,674,p2,selection,72.99971008300781,1787483384.6464193
245,675,p2,selection,67.12635040283203,1787483384.649069
246,238,p1,turn,25.859752655029297,1787483384.6733053
246,238,p2,turn,22.72832489013672,1787483384.6739428
246,676,p1,selection,115.931640625,1787483384.6769545
246,677,p1,selection,111.72549438476562,1787483384.6797295
246,678,p1,selection,119.9301986694336,1787483384.6826077
246,676,p2,selection,70.5517578125,1787483384.6853511
246,677,p2,selection,79.69271087646484,1787483384.6895602
246,678,p2,selection,71.95173645019531,1787483384.6926327
247,239,p1,turn,25.754575729370117,1787483384.7226827
247,239,p2,turn,20.213651657104492,1787483384.7235415
247,679,p1,selection,125.05413818359375,1787483384.727813
247,680,p1,selection,117.99800872802734,1787483384.7318773
247,681,p1,selection,116.39020538330078,1787483384.7358756
247,679,p2,selection,89.59564971923828,1787483384.7407422
247,680,p2,selection,77.68281555175781,1787483384.7452202
247,681,p2,selection,71.27865600585938,1787483384.7494795
248,240,p1,turn,22.582666397094727,1787483384.780671
248,240,p2,turn,21.33493423461914,1787483384.7812457
248,682,p1,selection,115.49223327636719,1787483384.7838933
248,683,p1,selection,116.37928771972656,1787483384.7864838
248,684,p1,selection,120.73626708984375,1787483384.789647
248,682,p2,selection,79.62176513671875,1787483384.7924457
248,683,p2,selection,76.3265380859375,1787483384.7950182
248,684,p2,selection,67.6919937133789,1787483384.7975273
249,241,p1,turn,18.336753845214844,1787483384.8357005
249,241,p2,turn,28.44700813293457,1787483384.8365142
249,685,p1,selection,98.14688110351562,1787483384.8417325
249,686,p1,selection,105.80471801757812,1787483384.8467906
249,687,p1,selection,111.91304016113281,1787483384.851096
249,685,p2,selection,67.30184173583984,1787483384.8558023
249,686,p2,selection,67.02458190917969,1787483384.8603795
249,687,p2,selection,77.24542999267578,1787483384.8646767
250,242,p1,turn,16.42085075378418,1787483384.8909142
250,242,p2,turn,18.089689254760742,1787483384.8915694
250,688,p1,selection,116.34805297851562,1787483384.894654
250,689,p1,selection,131.04974365234375,1787483384.8977377
250,690,p1,selection,105.88064575195312,1787483384.90065
250,688,p2,selection,77.94546508789062,1787483384.9035134
250,689,p2,selection,74.75324249267578,1787483384.9074504
250,690,p2,selection,77.48390197753906,1787483384.910415
251,243,p1,turn,24.161067962646484,1787483384.950979
251,243,p2,turn,13.78704833984375,1787483384.951798
251,691,p1,selection,124.86030578613281,1787483384.9569192
251,692,p1,selection,114.94200134277344,1787483384.9614112
251,693,p1,selection,104.3963623046875,1787483384.9656699
251,691,p2,selection,76.2990951538086,1787483384.9697995
251,692,p2,selection,75.26425170898438,1787483384.9752843
251,693,p2,selection,65.85554504394531,1787483384.9807997
252,244,p1,turn,19.200916290283203,1787483385.001707
252,244,p2,turn,18.910234451293945,1787483385.0024648
252,694,p1,selection,116.5782470703125,1787483385.007789
252,695,p1,selection,117.55047607421875,1787483385.0123348
252,696,p1,selection,118.21868896484375,1787483385.0146496
252,694,p2,selection,81.36647033691406,1787483385.0167782
252,695,p2,selection,76.56922149658203,1787483385.0187852
252,696,p2,selection,80.9443359375,1787483385.0214314
253,245,p1,turn,12.960748672485352,1787483385.0601354
253,245,p2,turn,19.74960708618164,1787483385.0610707
253,697,p1,selection,102.61624145507812,1787483385.0657475
253,698,p1,selection,110.6875228881836,1787483385.0705621
253,699,p1,selection,115.36080932617188,1787483385.0760012
253,697,p2,selection,82.19304656982422,1787483385.0791347
253,698,p2,selection,67.65997314453125,1787483385.081783
253,699,p2,selection,63.40216827392578,1787483385.0842483
254,246,p1,turn,18.27301788330078,1787483385.1063867
254,246,p2,turn,26.209627151489258,1787483385.1070454
254,700,p1,selection,106.87361907958984,1787483385.1102161
254,701,p1,selection,114.7715072631836,1787483385.1129925
254,702,p1,selection,136.09762573242188,1787483385.1156383
254,700,p2,selection,69.86262512207031,1787483385.118485
254,701,p2,selection,79.81269073486328,1787483385.1219347
254,702,p2,selection,78.43597412109375,1787483385.125096
255,247,p1,turn,23.06977081298828,1787483385.1476555
255,247,p2,turn,23.217975616455078,1787483385.1482973
255,703,p1,selection,115.17162322998047,1787483385.1511524
255,704,p1,selection,120.02091979980469,1787483385.1548743
255,705,p1,selection,120.17060852050781,1787483385.1580534
255,703,p2,selection,82.04320526123047,1787483385.1609745
255,704,p2,selection,91.04817962646484,1787483385.1637573
255,705,p2,selection,92.74048614501953,1787483385.166513
256,248,p1,turn,16.798166275024414,1787483385.1857502
256,248,p2,turn,21.22138214111328,1787483385.186375
256,706,p1,selection,123.21723175048828,1787483385.1902626
256,707,p1,selection,115.40219116210938,1787483385.1949158
256,708,p1,selection,114.38439178466797,1787483385.1992297
256,706,p2,selection,76.70720672607422,1787483385.2033842
256,707,p2,selection,75.03494262695312,1787483385.2077363
256,708,p2,selection,76.88954162597656,1787483385.2120163
257,249,p1,turn,18.48142433166504,1787483385.2508237
257,249,p2,turn,24.101526260375977,1787483385.2516205
257,709,p1,selection,122.49723815917969,1787483385.2563365
257,710,p1,selection,114.43531799316406,1787483385.260737
257,711,p1,selection,120.90510559082031,1787483385.2648118
257,709,p2,selection,82.72722625732422,1787483385.268833
257,710,p2,selection,74.2321548461914,1787483385.2733867
257,711,p2,selection,81.85723114013672,1787483385.2776842
258,250,p1,turn,20.227489471435547,1787483385.3027885
258,250,p2,turn,17.753387451171875,1787483385.3035352
258,712,p1,selection,136.81155395507812,1787483385.3070571
258,713,p1,selection,128.89712524414062,1787483385.3101394
258,714,p1,selection,139.4319610595703,1787483385.3129785
258,712,p2,selection,77.82237243652344,1787483385.315739
258,713,p2,selection,71.17515563964844,1787483385.3182976
258,714,p2,selection,76.93538665771484,1787483385.3210783
259,251,p1,turn,28.101364135742188,1787483385.342742
259,251,p2,turn,18.23284339904785,1787483385.3433535
259,715,p1,selection,126.95598602294922,1787483385.346105
259,716,p1,selection,118.9828872680664,1787483385.3488622
259,717,p1,selection,123.99034118652344,1787483385.3517072
259,715,p2,selection,81.59078216552734,1787483385.356087
259,716,p2,selection,95.77002716064453,1787483385.360843
259,717,p2,selection,82.05278015136719,1787483385.3648956
260,252,p1,turn,20.074562072753906,1787483385.4047513
260,252,p2,turn,16.83085823059082,1787483385.4056277
260,718,p1,selection,130.25376892089844,1787483385.4100735
260,719,p1,selection,107.69314575195312,1787483385.4142478
260,720,p1,selection,111.75184631347656,1787483385.4182727
260,718,p2,selection,81.02397155761719,1787483385.4229698
260,719,p2,selection,73.96111297607422,1787483385.4274123
260,720,p2,selection,78.57295989990234,1787483385.4318125
261,253,p1,turn,23.706729888916016,1787483385.459299
261,253,p2,turn,20.0351619720459,1787483385.4599996
261,721,p1,selection,110.30818176269531,1787483385.463058
261,722,p1,selection,117.57744598388672,1787483385.4658933
261,723,p1,selection,136.35997009277344,1787483385.4690323
261,721,p2,selection,69.70183563232422,1787483385.4735482
261,722,p2,selection,76.02730560302734,1787483385.4784617
261,723,p2,selection,71.19879150390625,1787483385.4829066
262,254,p1,turn,17.814123153686523,1787483385.5232146
262,254,p2,turn,25.98218536376953,1787483385.5240254
262,724,p1,selection,119.21157836914062,1787483385.5280888
262,725,p1,selection,118.83358001708984,1787483385.53204
262,726,p1,selection,127.32221984863281,1787483385.5359929
262,724,p2,selection,74.69911193847656,1787483385.540069
262,725,p2,selection,70.5417251586914,1787483385.5445414
262,726,p2,selection,74.8399429321289,1787483385.5478826
263,255,p1,turn,23.692453384399414,1787483385.58147
263,255,p2,turn,19.405603408813477,1787483385.582311
263,727,p1,selection,129.88714599609375,1787483385.5863974
263,728,p1,selection,121.17729949951172,1787483385.590994
263,729,p1,selection,108.18348693847656,1787483385.5955896
263,727,p2,selection,74.91268157958984,1787483385.5998769
263,728,p2,selection,77.48953247070312,1787483385.604175
263,729,p2,selection,79.88260650634766,1787483385.6076796
264,256,p1,turn,18.726821899414062,1787483385.6290822
264,256,p2,turn,25.851781845092773,1787483385.629719
264,730,p1,selection,117.74258422851562,1787483385.6326096
264,731,p1,selection,118.36163330078125,1787483385.6353538
264,732,p1,selection,121.24820709228516,1787483385.63887
264,730,p2,selection,70.76773071289062,1787483385.643488
264,731,p2,selection,79.7649917602539,1787483385.6476557
264,732,p2,selection,79.0251235961914,1787483385.651619
265,257,p1,turn,27.83437728881836,1787483385.692246
265,257,p2,turn,22.218957901000977,1787483385.6930475
265,733,p1,selection,125.31442260742188,1787483385.6970525
265,734,p1,selection,125.63396453857422,1787483385.70102
265,735,p1,selection,104.71328735351562,1787483385.705246
265,733,p2,selection,65.80363464355469,1787483385.7095149
265,734,p2,selection,83.42535400390625,1787483385.7135394
265,735,p2,selection,70.26018524169922,1787483385.7175126
266,258,p1,turn,19.347135543823242,1787483385.7463038
266,258,p2,turn,19.553451538085938,1787483385.7471077
266,736,p1,selection,117.04586791992188,1787483385.7512558
266,737,p1,selection,115.67608642578125,1787483385.7560053
266,738,p1,selection,146.27197265625,1787483385.760337
266,736,p2,selection,74.55448913574219,1787483385.7645342
266,737,p2,selection,81.28639221191406,1787483385.768817
266,738,p2,selection,74.45693969726562,1787483385.7733192
267,259,p1,turn,15.260492324829102,1787483385.8120816
267,259,p2,turn,20.960180282592773,1787483385.8126152
267,739,p1,selection,125.99821472167969,1787483385.8147585
267,740,p1,selection,123.85930633544922,1787483385.8167913
267,741,p1,selection,107.02618408203125,1787483385.81879
267,739,p2,selection,81.76263427734375,1787483385.8213937
267,740,p2,selection,68.33303833007812,1787483385.8240836
267,741,p2,selection,74.26655578613281,1787483385.8281987
268,260,p1,turn,24.018795013427734,1787483385.870292
268,260,p2,turn,23.178110122680664,1787483385.8711522
268,742,p1,selection,117.6732406616211,1787483385.8757179
268,743,p1,selection,110.51747131347656,1787483385.879923
268,744,p1,selection,124.84646606445312,1787483385.8840182
268,742,p2,selection,75.27043914794922,1787483385.8885033
268,743,p2,selection,76.6046371459961,1787483385.8929992
268,744,p2,selection,69.96947479248047,1787483385.8970764
269,261,p1,turn,19.460084915161133,1787483385.9232364
269,261,p2,turn,19.421823501586914,1787483385.9241683
269,745,p1,selection,136.1748809814453,1787483385.9286745
269,746,p1,selection,107.45384216308594,1787483385.9327986
269,747,p1,selection,99.0273208618164,1787483385.9368265
269,745,p2,selection,80.18053436279297,1787483385.941635
269,746,p2,selection,85.21240234375,1787483385.946019
269,747,p2,selection,85.46007537841797,1787483385.9503555
270,262,p1,turn,20.039220809936523,1787483385.9773974
270,262,p2,turn,15.730178833007812,1787483385.9780781
270,748,p1,selection,115.86119079589844,1787483385.9808521
270,749,p1,selection,129.0171356201172,1787483385.9835193
270,750,p1,selection,103.80769348144531,1787483385.9868963
270,748,p2,selection,72.00484466552734,1787483385.9911962
270,749,p2,selection,78.04585266113281,1787483385.9950469
270,750,p2,selection,71.62043762207031,1787483385.998248
271,263,p1,turn,19.019180297851562,1787483386.018928
271,263,p2,turn,19.41452980041504,1787483386.0195708
271,751,p1,selection,111.29095458984375,1787483386.0245183
271,752,p1,selection,128.1088409423828,1787483386.028747
271,753,p1,selection,123.90332794189453,1787483386.0329497
271,751,p2,selection,94.42079162597656,1787483386.0373724
271,752,p2,selection,85.00064849853516,1787483386.0419261
271,753,p2,selection,86.8420639038086,1787483386.0460145
272,264,p1,turn,18.777759552001953,1787483386.0755563
272,264,p2,turn,16.96489143371582,1787483386.076228
272,754,p1,selection,124.74873352050781,1787483386.0812347
272,755,p1,selection,150.72950744628906,1787483386.0855796
272,756,p1,selection,124.3413314819336,1787483386.0900342
272,754,p2,selection,79.98904418945312,1787483386.0943294
272,755,p2,selection,82.21854400634766,1787483386.0984159
272,756,p2,selection,86.99015045166016,1787483386.1024313
273,265,p1,turn,10.062934875488281,1787483386.1582248
273,265,p2,turn,23.183807373046875,1787483386.1589668
273,757,p1,selection,122.96286010742188,1787483386.1636877
273,758,p1,selection,126.24919128417969,1787483386.168944
273,759,p1,selection,135.7039031982422,1787483386.1750813
273,757,p2,selection,75.6541976928711,1787483386.1798782
273,758,p2,selection,86.71359252929688,1787483386.1848366
273,759,p2,selection,81.650390625,1787483386.1902337
274,266,p1,turn,21.89830780029297,1787483386.2342756
274,266,p2,turn,23.30632781982422,1787483386.2351255
274,760,p1,selection,128.89410400390625,1787483386.2404792
274,761,p1,selection,115.54756164550781,1787483386.2450678
274,762,p1,selection,128.6387939453125,1787483386.2502692
274,760,p2,selection,86.24374389648438,1787483386.2558305
274,761,p2,selection,83.57463073730469,1787483386.2604682
274,762,p2,selection,89.44896697998047,1787483386.2651815
275,267,p1,turn,22.393529891967773,1787483386.3013532
275,267,p2,turn,21.028114318847656,1787483386.3021162
275,763,p1,selection,126.28689575195312,1787483386.3095422
275,764,p1,selection,132.58096313476562,1787483386.3158214
275,765,p1,selection,131.8173828125,1787483386.3223145
275,763,p2,selection,85.416748046875,1787483386.32694
275,764,p2,selection,80.88468933105469,1787483386.330485
275,765,p2,selection,87.90266418457031,1787483386.3328485
276,268,p1,turn,16.750703811645508,1787483386.3525717
276,268,p2,turn,16.39498519897461,1787483386.353405
276,766,p1,selection,121.974609375,1787483386.3571253
276,767,p1,selection,118.03741455078125,1787483386.3605535
276,768,p1,selection,136.12445068359375,1787483386.3637435
276,766,p2,selection,86.7383041381836,1787483386.3670897
276,767,p2,selection,79.94499206542969,1787483386.3702564
276,768,p2,selection,84.17967987060547,1787483386.37326
277,269,p1,turn,18.5810546875,1787483386.4054542
277,269,p2,turn,19.803268432617188,1787483386.406251
277,769,p1,selection,129.4910430908203,1787483386.4105093
277,770,p1,selection,130.08338928222656,1787483386.4145977
277,771,p1,selection,160.4385528564453,1787483386.4187508
277,769,p2,selection,78.38455200195312,1787483386.4232795
277,770,p2,selection,87.32889556884766,1787483386.427504
277,771,p2,selection,83.31316375732422,1787483386.431544
278,270,p1,turn,20.322948455810547,1787483386.473863
278,270,p2,turn,18.287939071655273,1787483386.4746573
278,772,p1,selection,143.08676147460938,1787483386.4787338
278,773,p1,selection,118.22948455810547,1787483386.482931
278,774,p1,selection,126.12576293945312,1787483386.4871662
278,772,p2,selection,84.41000366210938,1787483386.4913251
278,773,p2,selection,74.48948669433594,1787483386.4952807
278,774,p2,selection,86.64381408691406,1787483386.4991663
279,271,p1,turn,15.486631393432617,1787483386.5174565
279,271,p2,turn,24.389986038208008,1787483386.5179386
279,775,p1,selection,137.59652709960938,1787483386.521285
279,776,p1,selection,120.96669006347656,1787483386.525404
279,777,p1,selection,136.23553466796875,1787483386.5293517
279,775,p2,selection,83.38568878173828,1787483386.5333214
279,776,p2,selection,81.13978576660156,1787483386.5375028
279,777,p2,selection,79.12234497070312,1787483386.5417657
280,272,p1,turn,24.332605361938477,1787483386.579733
280,272,p2,turn,21.34652328491211,1787483386.580559
280,778,p1,selection,130.50706481933594,1787483386.585493
280,779,p1,selection,133.90206909179688,1787483386.5903294
280,780,p1,selection,145.0660858154297,1787483386.5951185
280,778,p2,selection,86.39654541015625,1787483386.5984268
280,779,p2,selection,89.6271743774414,1787483386.6009886
280,780,p2,selection,89.76428985595703,1787483386.6037173
281,273,p1,turn,22.160106658935547,1787483386.6471121
281,273,p2,turn,27.535497665405273,1787483386.64795
281,781,p1,selection,125.20752716064453,1787483386.6522992
281,782,p1,selection,118.62031555175781,1787483386.6567879
281,783,p1,selection,120.24241638183594,1787483386.6609643
281,781,p2,selection,81.74906158447266,1787483386.6642478
281,782,p2,selection,68.2659912109375,1787483386.666809
281,783,p2,selection,85.04708862304688,1787483386.669367
282,274,p1,turn,19.01995086669922,1787483386.6895785
282,274,p2,turn,22.850027084350586,1787483386.6901586
282,784,p1,selection,141.22630310058594,1787483386.6925244
282,785,p1,selection,128.36685180664062,1787483386.694685
282,786,p1,selection,134.23924255371094,1787483386.696783
282,784,p2,selection,86.2331314086914,1787483386.7004461
282,785,p2,selection,81.53864288330078,1787483386.7047493
282,786,p2,selection,90.25248718261719,1787483386.708887
283,275,p1,turn,20.853487014770508,1787483386.751927
283,275,p2,turn,27.46663475036621,1787483386.7527173
283,787,p1,selection,138.85519409179688,1787483386.7575943
283,788,p1,selection,143.4730987548828,1787483386.762225
283,789,p1,selection,138.53749084472656,1787483386.7664294
283,787,p2,selection,84.76274108886719,1787483386.7707715
283,788,p2,selection,84.0551528930664,1787483386.7750185
283,789,p2,selection,88.96014404296875,1787483386.7792025
284,276,p1,turn,16.167081832885742,1787483386.81727
284,276,p2,turn,30.17137336730957,1787483386.8181398
284,790,p1,selection,137.74765014648438,1787483386.8231888
284,791,p1,selection,142.50442504882812,1787483386.8284843
284,792,p1,selection,125.15233612060547,1787483386.8340802
284,790,p2,selection,89.12793731689453,1787483386.837621
284,791,p2,selection,80.66195678710938,1787483386.8410327
284,792,p2,selection,85.19743347167969,1787483386.8442066
285,277,p1,turn,22.986217498779297,1787483386.8821044
285,277,p2,turn,22.462135314941406,1787483386.8831441
285,793,p1,selection,127.83116149902344,1787483386.8889108
285,794,p1,selection,142.51055908203125,1787483386.8949587
285,795,p1,selection,128.3205108642578,1787483386.9011657
285,793,p2,selection,78.48078155517578,1787483386.9059167
285,794,p2,selection,75.90528869628906,1787483386.90958
285,795,p2,selection,82.29077911376953,1787483386.9132905
286,278,p1,turn,23.610946655273438,1787483386.9507751
286,278,p2,turn,28.23488426208496,1787483386.9517865
286,796,p1,selection,129.12071228027344,1787483386.9585574
286,797,p1,selection,114.5184326171875,1787483386.9641829
286,798,p1,selection,109.4220199584961,1787483386.970235
286,796,p2,selection,79.43363189697266,1787483386.9765232
286,797,p2,selection,82.8681411743164,1787483386.9827101
286,798,p2,selection,80.87507629394531,1787483386.989279
287,279,p1,turn,20.465744018554688,1787483387.0306227
287,279,p2,turn,20.75693130493164,1787483387.0313823
287,799,p1,selection,137.58177185058594,1787483387.0347304
287,800,p1,selection,129.98580932617188,1787483387.0417032
287,801,p1,selection,148.5684356689453,1787483387.0474107
287,799,p2,selection,77.5875473022461,1787483387.052944
287,800,p2,selection,86.93212890625,1787483387.0572891
287,801,p2,selection,90.63856506347656,1787483387.0615034
288,280,p1,turn,20.84415626525879,1787483387.0884092
288,280,p2,turn,22.516307830810547,1787483387.0891097
288,802,p1,selection,119.50906372070312,1787483387.094775
288,803,p1,selection,142.92808532714844,1787483387.1017797
288,804,p1,selection,124.99942016601562,1787483387.109246
288,802,p2,selection,91.92250061035156,1787483387.115828
288,803,p2,selection,78.71385192871094,1787483387.1220975
288,804,p2,selection,82.38511657714844,1787483387.1269355
289,281,p1,turn,25.243392944335938,1787483387.1585214
289,281,p2,turn,21.859201431274414,1787483387.159246
289,805,p1,selection,129.0232696533203,1787483387.1628613
289,806,p1,selection,153.001220703125,1787483387.168482
289,807,p1,selection,139.1976318359375,1787483387.17567
289,805,p2,selection,82.31359100341797,1787483387.182532
289,806,p2,selection,79.60562896728516,1787483387.1889555
289,807,p2,selection,82.15751647949219,1787483387.1948237
290,282,p1,turn,18.097450256347656,1787483387.2476187
290,282,p2,turn,15.978521347045898,1787483387.2486575
290,808,p1,selection,148.34580993652344,1787483387.2545104
290,809,p1,selection,135.2141571044922,1787483387.2583132
290,810,p1,selection,149.40106201171875,1787483387.262207
290,808,p2,selection,85.96037292480469,1787483387.2664163
290,809,p2,selection,82.46660614013672,1787483387.2703416
290,810,p2,selection,84.71249389648438,1787483387.2741268
291,283,p1,turn,25.65339469909668,1787483387.313359
291,283,p2,turn,24.680431365966797,1787483387.3143878
291,811,p1,selection,140.92889404296875,1787483387.319943
291,812,p1,selection,128.64425659179688,1787483387.3254108
291,813,p1,selection,140.55474853515625,1787483387.3308477
291,811,p2,selection,85.46034240722656,1787483387.3364341
291,812,p2,selection,74.25272369384766,1787483387.3426824
291,813,p2,selection,81.32597351074219,1787483387.348547
292,284,p1,turn,20.464202880859375,1787483387.4025407
292,284,p2,turn,29.50162124633789,1787483387.403567
292,814,p1,selection,133.71405029296875,1787483387.4092362
292,815,p1,selection,138.62384033203125,1787483387.4153066
292,816,p1,selection,155.45553588867188,1787483387.4224584
292,814,p2,selection,78.9499740600586,1787483387.42867
292,815,p2,selection,84.52699279785156,1787483387.4347553
292,816,p2,selection,93.80127716064453,1787483387.440646
293,285,p1,turn,19.883371353149414,1787483387.491797
293,285,p2,turn,17.45867919921875,1787483387.4929805
293,817,p1,selection,130.6808624267578,1787483387.4991329
293,818,p1,selection,136.36473083496094,1787483387.5054095
293,819,p1,selection,142.83929443359375,1787483387.5115132
293,817,p2,selection,81.41830444335938,1787483387.5176427
293,818,p2,selection,79.02316284179688,1787483387.5236497
293,819,p2,selection,91.45946502685547,1787483387.5292304
294,286,p1,turn,20.1463623046875,1787483387.580511
294,286,p2,turn,22.868816375732422,1787483387.5814521
294,820,p1,selection,145.912353515625,1787483387.5867121
294,821,p1,selection,145.06251525878906,1787483387.59024
294,822,p1,selection,150.2778778076172,1787483387.5927367
294,820,p2,selection,87.78239440917969,1787483387.5951378
294,821,p2,selection,91.54107666015625,1787483387.5975802
294,822,p2,selection,93.83428192138672,1787483387.599961
295,287,p1,turn,18.157127380371094,1787483387.6532934
295,287,p2,turn,16.85997772216797,1787483387.6542451
295,823,p1,selection,136.04580688476562,1787483387.6597407
295,824,p1,selection,148.1928253173828,1787483387.6649108
295,825,p1,selection,142.93017578125,1787483387.6703594
295,823,p2,selection,84.40544128417969,1787483387.6759474
295,824,p2,selection,79.29679107666016,1787483387.6813352
295,825,p2,selection,88.93668365478516,1787483387.6846843
296,288,p1,turn,26.154308319091797,1787483387.7331402
296,288,p2,turn,24.08163833618164,1787483387.7340894
296,826,p1,selection,132.49578857421875,1787483387.7400281
296,827,p1,selection,134.1580047607422,1787483387.7455256
296,828,p1,selection,131.50868225097656,1787483387.751026
296,826,p2,selection,88.27715301513672,1787483387.7565873
296,827,p2,selection,83.43534088134766,1787483387.7619364
296,828,p2,selection,81.3678207397461,1787483387.7673242
297,289,p1,turn,21.72353744506836,1787483387.812978
297,289,p2,turn,18.209278106689453,1787483387.8139195
297,829,p1,selection,151.28933715820312,1787483387.819269
297,830,p1,selection,122.77278137207031,1787483387.8251233
297,831,p1,selection,118.7728271484375,1787483387.830852
297,829,p2,selection,88.71102142333984,1787483387.8362293
297,830,p2,selection,75.02982330322266,1787483387.8419182
297,831,p2,selection,83.34410095214844,1787483387.8459926
298,290,p1,turn,19.6051025390625,1787483387.883363
298,290,p2,turn,33.28980255126953,1787483387.8842926
298,832,p1,selection,143.0209197998047,1787483387.8898852
298,833,p1,selection,143.6260528564453,1787483387.896497
298,834,p1,selection,155.49456787109375,1787483387.9022813
298,832,p2,selection,80.4311752319336,1787483387.908315
298,833,p2,selection,79.64541625976562,1787483387.9137547
298,834,p2,selection,72.24441528320312,1787483387.9190738
299,291,p1,turn,23.080265045166016,1787483387.955001
299,291,p2,turn,20.804119110107422,1787483387.9559555
299,835,p1,selection,134.787841796875,1787483387.9614873
299,836,p1,selection,133.4919891357422,1787483387.9668775
299,837,p1,selection,130.0183563232422,1787483387.9734225
299,835,p2,selection,90.64802551269531,1787483387.9792445
299,836,p2,selection,92.0342788696289,1787483387.9848635
299,837,p2,selection,82.13338470458984,1787483387.9901822
300,292,p1,turn,22.814922332763672,1787483388.029219
300,292,p2,turn,17.990156173706055,1787483388.0302954
300,838,p1,selection,145.09048461914062,1787483388.0370874
300,839,p1,selection,130.30279541015625,1787483388.0446563
300,840,p1,selection,136.50399780273438,1787483388.0496755
300,838,p2,selection,81.09091186523438,1787483388.053854
300,839,p2,selection,79.74207305908203,1787483388.0608027
300,840,p2,selection,81.79576110839844,1787483388.0671988
301,293,p1,turn,24.239490509033203,1787483388.120369
301,293,p2,turn,17.487472534179688,1787483388.1216054
301,841,p1,selection,145.6812744140625,1787483388.12797
301,842,p1,selection,125.40234375,1787483388.1337085
301,843,p1,selection,134.45187377929688,1787483388.1410172
301,841,p2,selection,81.61450958251953,1787483388.1466272
301,842,p2,selection,71.96949768066406,1787483388.150311
301,843,p2,selection,87.83877563476562,1787483388.1566346
302,294,p1,turn,17.258312225341797,1787483388.2449572
302,294,p2,turn,19.19707489013672,1787483388.2461317
302,844,p1,selection,157.37359619140625,1787483388.2532434
302,845,p1,selection,129.03826904296875,1787483388.2580118
302,846,p1,selection,137.12535095214844,1787483388.2760694
302,844,p2,selection,77.33097839355469,1787483388.2821708
302,845,p2,selection,84.924072265625,1787483388.2885983
302,846,p2,selection,83.64540100097656,1787483388.2919629
303,295,p1,turn,18.09457778930664,1787483388.331899
303,295,p2,turn,27.476848602294922,1787483388.3328884
303,847,p1,selection,150.62599182128906,1787483388.3388782
303,848,p1,selection,138.65170288085938,1787483388.3445694
303,849,p1,selection,146.44769287109375,1787483388.349952
303,847,p2,selection,73.41714477539062,1787483388.3558867
303,848,p2,selection,76.18632507324219,1787483388.361511
303,849,p2,selection,82.25593566894531,1787483388.3668
304,296,p1,turn,16.955772399902344,1787483388.397768
304,296,p2,turn,17.69239044189453,1787483388.39846
304,850,p1,selection,134.18878173828125,1787483388.4017687
304,851,p1,selection,172.49000549316406,1787483388.4063616
304,852,p1,selection,168.4534149169922,1787483388.411807
304,850,p2,selection,82.52393341064453,1787483388.4173057
304,851,p2,selection,78.05812072753906,1787483388.4228346
304,852,p2,selection,91.98356628417969,1787483388.4280975
305,297,p1,turn,20.6724853515625,1787483388.4761968
305,297,p2,turn,27.546415328979492,1787483388.477152
305,853,p1,selection,162.51104736328125,1787483388.4825175
305,854,p1,selection,160.4749755859375,1787483388.4881468
305,855,p1,selection,148.10406494140625,1787483388.4936354
305,853,p2,selection,94.70001220703125,1787483388.4987538
305,854,p2,selection,81.22010040283203,1787483388.503834
305,855,p2,selection,79.09892272949219,1787483388.509081
306,298,p1,turn,22.631900787353516,1787483388.5312254
306,298,p2,turn,28.78148078918457,1787483388.531815
306,856,p1,selection,159.88714599609375,1787483388.5342674
306,857,p1,selection,139.7489776611328,1787483388.5390415
306,858,p1,selection,174.01087951660156,1787483388.5443249
306,856,p2,selection,89.65652465820312,1787483388.5492027
306,857,p2,selection,87.47752380371094,1787483388.5546775
306,858,p2,selection,72.07355499267578,1787483388.560339
307,299,p1,turn,23.785022735595703,1787483388.6014674
307,299,p2,turn,21.58804702758789,1787483388.602187
307,859,p1,selection,170.11488342285156,1787483388.605669
307,860,p1,selection,157.7050018310547,1787483388.6083128
307,861,p1,selection,159.17648315429688,1787483388.6107626
307,859,p2,selection,79.92012023925781,1787483388.6131072
307,860,p2,selection,89.25466918945312,1787483388.615459
307,861,p2,selection,91.38191223144531,1787483388.617762
308,300,p1,turn,16.115270614624023,1787483388.6609118
308,300,p2,turn,21.231908798217773,1787483388.6618366
308,862,p1,selection,162.14691162109375,1787483388.666935
308,863,p1,selection,160.03463745117188,1787483388.6725035
308,864,p1,selection,157.74966430664062,1787483388.6778603
308,862,p2,selection,90.7906723022461,1787483388.6827743
308,863,p2,selection,81.24153900146484,1787483388.688101
308,864,p2,selection,85.36394500732422,1787483388.693226
309,301,p1,turn,17.120256423950195,1787483388.7255177
309,301,p2,turn,19.64856719970703,1787483388.7264879
309,865,p1,selection,169.22894287109375,1787483388.7327373
309,866,p1,selection,151.28317260742188,1787483388.7389867
309,867,p1,selection,154.56112670898438,1787483388.7449062
309,865,p2,selection,81.65670776367188,1787483388.752047
309,866,p2,selection,74.72779846191406,1787483388.7588007
309,867,p2,selection,77.40750885009766,1787483388.780742
310,302,p1,turn,14.46541976928711,1787483388.90772
310,302,p2,turn,17.821168899536133,1787483388.9088948
310,868,p1,selection,166.14442443847656,1787483388.9288366
310,869,p1,selection,152.25413513183594,1787483388.936897
310,870,p1,selection,160.57247924804688,1787483388.9452386
310,868,p2,selection,78.33419036865234,1787483388.9530675
310,869,p2,selection,86.51840209960938,1787483388.9613547
310,870,p2,selection,86.37751007080078,1787483388.968955
311,303,p1,turn,13.723764419555664,1787483389.0357149
311,303,p2,turn,19.921037673950195,1787483389.0370066
311,871,p1,selection,152.9871826171875,1787483389.043756
311,872,p1,selection,169.14178466796875,1787483389.0505779
311,873,p1,selection,133.54669189453125,1787483389.060308
311,871,p2,selection,74.80744934082031,1787483389.069287
311,872,p2,selection,87.77359771728516,1787483389.083346
311,873,p2,selection,79.8635482788086,1787483389.0943925
312,304,p1,turn,19.49677276611328,1787483389.1586854
312,304,p2,turn,21.266677856445312,1787483389.1598237
312,874,p1,selection,155.41221618652344,1787483389.167345
312,875,p1,selection,146.6059112548828,1787483389.1754148
312,876,p1,selection,163.14215087890625,1787483389.182912
312,874,p2,selection,86.65708923339844,1787483389.1910446
312,875,p2,selection,82.32469177246094,1787483389.198507
312,876,p2,selection,78.0958023071289,1787483389.2056205
313,305,p1,turn,16.991798400878906,1787483389.2465446
313,305,p2,turn,19.948362350463867,1787483389.2471287
313,877,p1,selection,162.89234924316406,1787483389.2497945
313,878,p1,selection,178.23245239257812,1787483389.253671
313,879,p1,selection,157.78799438476562,1787483389.2603948
313,877,p2,selection,87.1439437866211,1787483389.2664573
313,878,p2,selection,85.16667938232422,1787483389.273485
313,879,p2,selection,85.95419311523438,1787483389.279364
314,306,p1,turn,16.297414779663086,1787483389.3275192
314,306,p2,turn,20.173351287841797,1787483389.3282351
314,880,p1,selection,158.14649963378906,1787483389.3313057
314,881,p1,selection,154.81118774414062,1787483389.3339086
314,882,p1,selection,172.25912475585938,1787483389.3390567
314,880,p2,selection,81.3552017211914,1787483389.3448002
314,881,p2,selection,78.14894104003906,1787483389.3503258
314,882,p2,selection,96.76399993896484,1787483389.35697
315,307,p1,turn,21.991971969604492,1787483389.42518
315,307,p2,turn,21.80540657043457,1787483389.4262283
315,883,p1,selection,140.92465209960938,1787483389.434114
315,884,p1,selection,160.5550994873047,1787483389.4423082
315,885,p1,selection,155.23179626464844,1787483389.45076
315,883,p2,selection,87.95491027832031,1787483389.4587529
315,884,p2,selection,82.58992767333984,1787483389.468156
315,885,p2,selection,83.17167663574219,1787483389.476348
316,308,p1,turn,22.7083797454834,1787483389.5342543
316,308,p2,turn,29.777353286743164,1787483389.5354753
316,886,p1,selection,159.34925842285156,1787483389.542814
316,887,p1,selection,138.99789428710938,1787483389.5499024
316,888,p1,selection,148.74168395996094,1787483389.558641
316,886,p2,selection,86.21044158935547,1787483389.56462
316,887,p2,selection,79.52433776855469,1787483389.5714047
316,888,p2,selection,72.17817687988281,1787483389.5774899
317,309,p1,turn,17.889894485473633,1787483389.6299605
317,309,p2,turn,24.944538116455078,1787483389.6309125
317,889,p1,selection,157.2654571533203,1787483389.6367502
317,890,p1,selection,155.45846557617188,1787483389.6427581
317,891,p1,selection,153.85877990722656,1787483389.6481974
317,889,p2,selection,79.50798797607422,1787483389.6538594
317,890,p2,selection,92.06841278076172,1787483389.659479
317,891,p2,selection,77.98212432861328,1787483389.6647336
318,310,p1,turn,24.201953887939453,1787483389.695501
318,310,p2,turn,21.16192626953125,1787483389.6961045
318,892,p1,selection,166.1822967529297,1787483389.698562
318,893,p1,selection,150.69174194335938,1787483389.701127
318,894,p1,selection,146.6909637451172,1787483389.7047343
318,892,p2,selection,79.3360366821289,1787483389.707988
318,893,p2,selection,83.92057800292969,1787483389.71106
318,894,p2,selection,79.25402069091797,1787483389.7140384
319,311,p1,turn,18.92905044555664,1787483389.7390742
319,311,p2,turn,22.35759735107422,1787483389.739741
319,895,p1,selection,140.2678985595703,1787483389.7433996
319,896,p1,selection,155.58213806152344,1787483389.7470233
319,897,p1,selection,154.175048828125,1787483389.750288
319,895,p2,selection,75.87428283691406,1787483389.7543342
319,896,p2,selection,86.00277709960938,1787483389.757798
319,897,p2,selection,84.03775024414062,1787483389.7612946
320,312,p1,turn,16.637252807617188,1787483389.7943535
320,312,p2,turn,22.465221405029297,1787483389.7953124
320,898,p1,selection,164.15377807617188,1787483389.8006897
320,899,p1,selection,141.963623046875,1787483389.8069394
320,900,p1,selection,153.06814575195312,1787483389.8135364
320,898,p2,selection,88.37016296386719,1787483389.8190894
320,899,p2,selection,88.2884292602539,1787483389.8246133
320,900,p2,selection,79.5425796508789,1787483389.8302922
321,313,p1,turn,19.31781768798828,1787483389.8760269
321,313,p2,turn,21.860675811767578,1787483389.876706
321,901,p1,selection,186.83241271972656,1787483389.8802078
321,902,p1,selection,157.1092071533203,1787483389.883824
321,903,p1,selection,185.911376953125,1787483389.8903823
321,901,p2,selection,86.88601684570312,1787483389.8962393
321,902,p2,selection,83.77635192871094,1787483389.9024944
321,903,p2,selection,76.19632720947266,1787483389.9083955
322,314,p1,turn,16.243160247802734,1787483389.9565604
322,314,p2,turn,18.845762252807617,1787483389.9572499
322,904,p1,selection,166.27706909179688,1787483389.9620824
322,905,p1,selection,164.752197265625,1787483389.968107
322,906,p1,selection,181.26641845703125,1787483389.9743598
322,904,p2,selection,79.46503448486328,1787483389.9803503
322,905,p2,selection,82.17774200439453,1787483389.9859364
322,906,p2,selection,80.49751281738281,1787483389.9912815
323,315,p1,turn,19.870494842529297,1787483390.0454957
323,315,p2,turn,16.216991424560547,1787483390.046474
323,907,p1,selection,156.26771545410156,1787483390.0520005
323,908,p1,selection,176.69898986816406,1787483390.0593543
323,909,p1,selection,159.1165008544922,1787483390.0682359
323,907,p2,selection,82.29678344726562,1787483390.0752594
323,908,p2,selection,84.2248764038086,1787483390.0786855
323,909,p2,selection,76.81156158447266,1787483390.0817976
324,316,p1,turn,23.661434173583984,1787483390.1045842
324,316,p2,turn,22.25117301940918,1787483390.105254
324,910,p1,selection,187.4439697265625,1787483390.1084707
324,911,p1,selection,151.16563415527344,1787483390.1120298
324,912,p1,selection,160.58677673339844,1787483390.1152067
324,910,p2,selection,88.52853393554688,1787483390.1184669
324,911,p2,selection,83.40277099609375,1787483390.122098
324,912,p2,selection,90.74189758300781,1787483390.1254408
325,317,p1,turn,15.191642761230469,1787483390.172933
325,317,p2,turn,15.56959342956543,1787483390.1738784
325,913,p1,selection,164.1934051513672,1787483390.1785758
325,914,p1,selection,171.98489379882812,1787483390.1818528
325,915,p1,selection,165.6357421875,1787483390.18495
325,913,p2,selection,78.57396697998047,1787483390.190264
325,914,p2,selection,81.05856323242188,1787483390.1956084
325,915,p2,selection,69.92387390136719,1787483390.2007468
326,318,p1,turn,22.43012237548828,1787483390.2494109
326,318,p2,turn,23.23571014404297,1787483390.2503903
326,916,p1,selection,157.09951782226562,1787483390.255536
326,917,p1,selection,167.022216796875,1787483390.2605686
326,918,p1,selection,179.73338317871094,1787483390.265595
326,916,p2,selection,75.89349365234375,1787483390.2712574
326,917,p2,selection,87.30774688720703,1787483390.2764058
326,918,p2,selection,87.50472259521484,1787483390.2799606
327,319,p1,turn,13.274566650390625,1787483390.3292444
327,319,p2,turn,19.721895217895508,1787483390.3301418
327,919,p1,selection,176.8533172607422,1787483390.3351948
327,920,p1,selection,161.19825744628906,1787483390.3406756
327,921,p1,selection,169.60678100585938,1787483390.3443148
327,919,p2,selection,101.41631317138672,1787483390.3467724
327,920,p2,selection,77.18830108642578,1787483390.3492916
327,921,p2,selection,84.48434448242188,1787483390.3525002
328,320,p1,turn,20.11781883239746,1787483390.4019613
328,320,p2,turn,19.31520652770996,1787483390.4030263
328,922,p1,selection,199.84213256835938,1787483390.408434
328,923,p1,selection,179.0810546875,1787483390.4137032
328,924,p1,selection,174.1505126953125,1787483390.4190469
328,922,p2,selection,85.2174072265625,1787483390.4244297
328,923,p2,selection,87.0621566772461,1787483390.4295273
328,924,p2,selection,83.82522583007812,1787483390.4344058
329,321,p1,turn,18.84260368347168,1787483390.4622939
329,321,p2,turn,14.53274154663086,1787483390.4629853
329,925,p1,selection,181.767822265625,1787483390.4663937
329,926,p1,selection,163.00244140625,1787483390.4712334
329,927,p1,selection,183.4233856201172,1787483390.476654
329,925,p2,selection,81.70436096191406,1787483390.4817405
329,926,p2,selection,80.67366027832031,1787483390.4872339
329,927,p2,selection,83.62477111816406,1787483390.4925258
330,322,p1,turn,19.551963806152344,1787483390.5386953
330,322,p2,turn,21.852991104125977,1787483390.5396304
330,928,p1,selection,175.11044311523438,1787483390.5428858
330,929,p1,selection,180.30117797851562,1787483390.5471196
330,930,p1,selection,165.527099609375,1787483390.553382
330,928,p2,selection,80.89708709716797,1787483390.5588741
330,929,p2,selection,83.80679321289062,1787483390.564043
330,930,p2,selection,83.23805236816406,1787483390.5693038
331,323,p1,turn,23.591938018798828,1787483390.6147237
331,323,p2,turn,23.963560104370117,1787483390.6153111
331,931,p1,selection,166.63784790039062,1787483390.617794
331,932,p1,selection,171.81224060058594,1787483390.6209993
331,933,p1,selection,157.5569610595703,1787483390.6240258
331,931,p2,selection,89.26397705078125,1787483390.6269653
331,932,p2,selection,71.27313232421875,1787483390.6323683
331,933,p2,selection,89.4701919555664,1787483390.6383748
332,324,p1,turn,20.01246452331543,1787483390.6858819
332,324,p2,turn,20.535511016845703,1787483390.6868374
332,934,p1,selection,196.51242065429688,1787483390.692069
332,935,p1,selection,142.15615844726562,1787483390.6970994
332,936,p1,selection,154.2521514892578,1787483390.7001235
332,934,p2,selection,77.94572448730469,1787483390.7045088
332,935,p2,selection,72.06429290771484,1787483390.7097268
332,936,p2,selection,85.58476257324219,1787483390.71457
333,325,p1,turn,18.453092575073242,1787483390.762825
333,325,p2,turn,17.909793853759766,1787483390.7638369
333,937,p1,selection,174.8076934814453,1787483390.7691305
333,938,p1,selection,180.60231018066406,1787483390.774645
333,939,p1,selection,153.78968811035156,1787483390.7799726
333,937,p2,selection,80.97249603271484,1787483390.7849143
333,938,p2,selection,80.12769317626953,1787483390.789734
333,939,p2,selection,81.02202606201172,1787483390.7929852
334,326,p1,turn,16.41080093383789,1787483390.816475
334,326,p2,turn,17.26189613342285,1787483390.8171377
334,940,p1,selection,167.5653839111328,1787483390.8205419
334,941,p1,selection,146.64114379882812,1787483390.8241575
334,942,p1,selection,177.98011779785156,1787483390.8275278
334,940,p2,selection,77.04850006103516,1787483390.8309975
334,941,p2,selection,83.00682830810547,1787483390.8341403
334,942,p2,selection,86.22374725341797,1787483390.8383396
335,327,p1,turn,18.583837509155273,1787483390.8963192
335,327,p2,turn,20.9686336517334,1787483390.897267
335,943,p1,selection,165.13430786132812,1787483390.9026668
335,944,p1,selection,179.38438415527344,1787483390.9082046
335,945,p1,selection,161.8457489013672,1787483390.9134305
335,943,p2,selection,77.05358123779297,1787483390.9183657
335,944,p2,selection,77.83609008789062,1787483390.9225564
335,945,p2,selection,85.7425765991211,1787483390.9251246
336,328,p1,turn,18.476797103881836,1787483390.9607022
336,328,p2,turn,17.555519104003906,1787483390.9616451
336,946,p1,selection,157.62725830078125,1787483390.967095
336,947,p1,selection,186.18601989746094,1787483390.972592
336,948,p1,selection,183.025634765625,1787483390.9780998
336,946,p2,selection,84.21615600585938,1787483390.9831617
336,947,p2,selection,88.27740478515625,1787483390.9887142
336,948,p2,selection,84.27606201171875,1787483390.9940946
337,329,p1,turn,19.81414031982422,1787483391.0404034
337,329,p2,turn,14.760547637939453,1787483391.0413914
337,949,p1,selection,167.06112670898438,1787483391.0467625
337,950,p1,selection,182.70001220703125,1787483391.0518818
337,951,p1,selection,186.34744262695312,1787483391.0557323
337,949,p2,selection,83.04041290283203,1787483391.0592608
337,950,p2,selection,77.0514144897461,1787483391.0629506
337,951,p2,selection,91.76952362060547,1787483391.066204
338,330,p1,turn,17.990827560424805,1787483391.1227517
338,330,p2,turn,24.05376434326172,1787483391.1237435
338,952,p1,selection,189.08761596679688,1787483391.1292489
338,953,p1,selection,185.34176635742188,1787483391.13474
338,954,p1,selection,163.22837829589844,1787483391.1407251
338,952,p2,selection,85.02569580078125,1787483391.1461804
338,953,p2,selection,84.87696075439453,1787483391.1514149
338,954,p2,selection,79.98580169677734,1787483391.155997
339,331,p1,turn,20.653766632080078,1787483391.2014995
339,331,p2,turn,21.146577835083008,1787483391.2024937
339,955,p1,selection,211.9364013671875,1787483391.2081797
339,956,p1,selection,184.9666290283203,1787483391.2135098
339,957,p1,selection,193.21527099609375,1787483391.218718
339,955,p2,selection,82.94561767578125,1787483391.223898
339,956,p2,selection,93.5810775756836,1787483391.2289472
339,957,p2,selection,84.72698974609375,1787483391.2339845
340,332,p1,turn,17.017629623413086,1787483391.2834501
340,332,p2,turn,16.679235458374023,1787483391.2843425
340,958,p1,selection,172.1242218017578,1787483391.2895305
340,959,p1,selection,200.24305725097656,1787483391.2945669
340,960,p1,selection,181.20941162109375,1787483391.299564
340,958,p2,selection,82.1878433227539,1787483391.3046753
340,959,p2,selection,87.50534057617188,1787483391.3096237
340,960,p2,selection,84.41487884521484,1787483391.3144946
341,333,p1,turn,17.413734436035156,1787483391.3549135
341,333,p2,turn,22.966331481933594,1787483391.3557909
341,961,p1,selection,204.87557983398438,1787483391.3619452
341,962,p1,selection,190.08201599121094,1787483391.3677585
341,963,p1,selection,179.29306030273438,1787483391.3747125
341,961,p2,selection,84.34085845947266,1787483391.3808103
341,962,p2,selection,84.36273956298828,1787483391.3893867
341,963,p2,selection,84.06890869140625,1787483391.3955495
342,334,p1,turn,23.756290435791016,1787483391.4536278
342,334,p2,turn,23.593097686767578,1787483391.4548562
342,964,p1,selection,191.04949951171875,1787483391.4612017
342,965,p1,selection,178.07957458496094,1787483391.4673872
342,966,p1,selection,170.24754333496094,1787483391.4736652
342,964,p2,selection,77.14793395996094,1787483391.4800255
342,965,p2,selection,77.59358978271484,1787483391.4871418
342,966,p2,selection,80.98048400878906,1787483391.4934418
343,335,p1,turn,9.173418045043945,1787483391.5563931
343,335,p2,turn,15.777969360351562,1787483391.5575137
343,967,p1,selection,187.69891357421875,1787483391.561919
343,968,p1,selection,196.637451171875,1787483391.5654397
343,969,p1,selection,175.9422149658203,1787483391.5694602
343,967,p2,selection,92.15829467773438,1787483391.5753527
343,968,p2,selection,89.10631561279297,1787483391.5809686
343,969,p2,selection,86.88613891601562,1787483391.5869894
344,336,p1,turn,23.920246124267578,1787483391.6435883
344,336,p2,turn,24.47529411315918,1787483391.6443026
344,970,p1,selection,173.63021850585938,1787483391.647762
344,971,p1,selection,190.27316284179688,1787483391.6535308
344,972,p1,selection,190.9503936767578,1787483391.6590652
344,970,p2,selection,87.28355407714844,1787483391.664246
344,971,p2,selection,74.1543197631836,1787483391.6693764
344,972,p2,selection,74.5602035522461,1787483391.674596
345,337,p1,turn,16.221923828125,1787483391.7323356
345,337,p2,turn,21.562198638916016,1787483391.732901
345,973,p1,selection,190.2656707763672,1787483391.7360306
345,974,p1,selection,165.1648712158203,1787483391.7402925
345,975,p1,selection,183.2399139404297,1787483391.7440102
345,973,p2,selection,79.00054931640625,1787483391.7493207
345,974,p2,selection,88.28988647460938,1787483391.75505
345,975,p2,selection,88.66754150390625,1787483391.760194
346,338,p1,turn,18.510225296020508,1787483391.8001652
346,338,p2,turn,21.441892623901367,1787483391.80088
346,976,p1,selection,179.42262268066406,1787483391.805886
346,977,p1,selection,189.82589721679688,1787483391.8117266
346,978,p1,selection,184.81349182128906,1787483391.8173187
346,976,p2,selection,70.79067993164062,1787483391.8227882
346,977,p2,selection,83.96365356445312,1787483391.8279583
346,978,p2,selection,79.35126495361328,1787483391.833174
347,339,p1,turn,17.443283081054688,1787483391.8845377
347,339,p2,turn,18.57831573486328,1787483391.8857243
347,979,p1,selection,179.62625122070312,1787483391.8915412
347,980,p1,selection,158.357177734375,1787483391.8973067
347,981,p1,selection,173.68934631347656,1787483391.9035492
347,979,p2,selection,85.47543334960938,1787483391.9091763
347,980,p2,selection,80.6632308959961,1787483391.9147553
347,981,p2,selection,78.13067626953125,1787483391.9208875
348,340,p1,turn,15.753812789916992,1787483391.9695306
348,340,p2,turn,19.88357925415039,1787483391.9705887
348,982,p1,selection,211.6890106201172,1787483391.9761653
348,983,p1,selection,172.2379608154297,1787483391.9814804
348,984,p1,selection,180.20973205566406,1787483391.986931
348,982,p2,selection,78.77022552490234,1787483391.9904053
348,983,p2,selection,82.83605194091797,1787483391.99373
348,984,p2,selection,71.26836395263672,1787483391.997212
349,341,p1,turn,21.94658088684082,1787483392.021442
349,341,p2,turn,20.70029640197754,1787483392.022194
349,985,p1,selection,199.76254272460938,1787483392.02587
349,986,p1,selection,197.56871032714844,1787483392.0301323
349,987,p1,selection,175.24960327148438,1787483392.0341346
349,985,p2,selection,86.24568176269531,1787483392.0384622
349,986,p2,selection,80.283447265625,1787483392.042175
349,987,p2,selection,80.73382568359375,1787483392.0471766
350,342,p1,turn,18.46047592163086,1787483392.1077414
350,342,p2,turn,30.043176651000977,1787483392.108757
350,988,p1,selection,186.39259338378906,1787483392.1159403
350,989,p1,selection,198.86441040039062,1787483392.1215162
350,990,p1,selection,193.5421600341797,1787483392.125389
350,988,p2,selection,78.70951080322266,1787483392.1312523
350,989,p2,selection,75.7313232421875,1787483392.1379483
350,990,p2,selection,86.08969116210938,1787483392.1444647
351,343,p1,turn,12.568345069885254,1787483392.252468
351,343,p2,turn,25.2073974609375,1787483392.2535074
351,991,p1,selection,193.4662628173828,1787483392.2595024
351,992,p1,selection,155.46200561523438,1787483392.2655897
351,993,p1,selection,185.50369262695312,1787483392.2720644
351,991,p2,selection,90.13888549804688,1787483392.278177
351,992,p2,selection,83.78022003173828,1787483392.2842486
351,993,p2,selection,80.10212707519531,1787483392.2903178
352,344,p1,turn,17.812868118286133,1787483392.3406324
352,344,p2,turn,22.4074764251709,1787483392.3416371
352,994,p1,selection,184.93988037109375,1787483392.3473287
352,995,p1,selection,199.02407836914062,1787483392.3533223
352,996,p1,selection,185.7521514892578,1787483392.3592584
352,994,p2,selection,88.45130920410156,1787483392.3648772
352,995,p2,selection,78.55230712890625,1787483392.3710673
352,996,p2,selection,80.56151580810547,1787483392.3769338
353,345,p1,turn,14.122442245483398,1787483392.4267118
353,345,p2,turn,18.125322341918945,1787483392.4276626
353,997,p1,selection,180.58428955078125,1787483392.4331317
353,998,p1,selection,200.2738800048828,1787483392.4387856
353,999,p1,selection,205.11190795898438,1787483392.4442754
353,997,p2,selection,77.81287384033203,1787483392.4494653
353,998,p2,selection,86.63581848144531,1787483392.4548478
353,999,p2,selection,83.07073211669922,1787483392.4602647
354,346,p1,turn,16.79353904724121,1787483392.50935
354,346,p2,turn,15.608356475830078,1787483392.510337
354,1000,p1,selection,183.74038696289062,1787483392.516558
354,1001,p1,selection,208.69407653808594,1787483392.5230732
354,1002,p1,selection,212.68130493164062,1787483392.530149
354,1000,p2,selection,70.04228973388672,1787483392.5385838
354,1001,p2,selection,71.1726303100586,1787483392.5444393
354,1002,p2,selection,79.91474914550781,1787483392.5498908
355,347,p1,turn,22.744123458862305,1787483392.6000948
355,347,p2,turn,15.119897842407227,1787483392.6007783
355,1003,p1,selection,211.52810668945312,1787483392.6044123
355,1004,p1,selection,230.34840393066406,1787483392.607622
355,1005,p1,selection,234.03330993652344,1787483392.6107662
355,1003,p2,selection,87.0076904296875,1787483392.6140714
355,1004,p2,selection,75.82589721679688,1787483392.6171412
355,1005,p2,selection,77.06025695800781,1787483392.6203272
356,348,p1,turn,16.62735939025879,1787483392.654293
356,348,p2,turn,17.893529891967773,1787483392.6552906
356,1006,p1,selection,210.83731079101562,1787483392.6605928
356,1007,p1,selection,209.84951782226562,1787483392.6658921
356,1008,p1,selection,184.47840881347656,1787483392.6711993
356,1006,p2,selection,84.66148376464844,1787483392.6762564
356,1007,p2,selection,85.09208679199219,1787483392.6813447
356,1008,p2,selection,85.6340103149414,1787483392.686495
357,349,p1,turn,18.18219566345215,1787483392.7346234
357,349,p2,turn,23.70408058166504,1787483392.7355404
357,1009,p1,selection,223.65834045410156,1787483392.7414734
357,1010,p1,selection,217.8047332763672,1787483392.7471628
357,1011,p1,selection,174.26214599609375,1787483392.752784
357,1009,p2,selection,89.18836975097656,1787483392.7578297
357,1010,p2,selection,82.8096694946289,1787483392.762696
357,1011,p2,selection,75.35799407958984,1787483392.7676458
358,350,p1,turn,20.336811065673828,1787483392.821104
358,350,p2,turn,17.010679244995117,1787483392.822016
358,1012,p1,selection,204.80836486816406,1787483392.827315
358,1013,p1,selection,201.6780242919922,1787483392.832468
358,1014,p1,selection,193.5157928466797,1787483392.8380642
358,1012,p2,selection,83.85786437988281,1787483392.843527
358,1013,p2,selection,73.6137466430664,1787483392.8485706
358,1014,p2,selection,86.10645294189453,1787483392.8539698
359,351,p1,turn,23.201343536376953,1787483392.9034417
359,351,p2,turn,15.12265682220459,1787483392.9040496
359,1015,p1,selection,174.33041381835938,1787483392.9066978
359,1016,p1,selection,178.0783233642578,1787483392.9091284
359,1017,p1,selection,185.65232849121094,1787483392.9114912
359,1015,p2,selection,79.554931640625,1787483392.913864
359,1016,p2,selection,82.49720001220703,1787483392.9162135
359,1017,p2,selection,75.19058227539062,1787483392.9211287
360,352,p1,turn,19.02850341796875,1787483392.9662151
360,352,p2,turn,21.7752685546875,1787483392.967147
360,1018,p1,selection,206.82106018066406,1787483392.9733315
360,1019,p1,selection,203.7092742919922,1787483392.9789412
360,1020,p1,selection,215.1259307861328,1787483392.9841022
360,1018,p2,selection,80.40095520019531,1787483392.9892762
360,1019,p2,selection,78.64960479736328,1787483392.9946148
360,1020,p2,selection,78.98609924316406,1787483393.000634
361,353,p1,turn,22.151708602905273,1787483393.047435
361,353,p2,turn,23.187129974365234,1787483393.04836
361,1021,p1,selection,192.0575714111328,1787483393.0542643
361,1022,p1,selection,192.755859375,1787483393.060023
361,1023,p1,selection,189.92654418945312,1787483393.0654213
361,1021,p2,selection,77.89492797851562,1787483393.0718544
361,1022,p2,selection,73.8864974975586,1787483393.0770547
361,1023,p2,selection,89.00608825683594,1787483393.0823047
362,354,p1,turn,23.48116111755371,1787483393.137645
362,354,p2,turn,23.550193786621094,1787483393.1386282
362,1024,p1,selection,187.4478759765625,1787483393.1442657
362,1025,p1,selection,191.92955017089844,1787483393.149653
362,1026,p1,selection,220.5406951904297,1787483393.1549165
362,1024,p2,selection,73.5048828125,1787483393.1598668
362,1025,p2,selection,77.02417755126953,1787483393.1648366
362,1026,p2,selection,83.38182830810547,1787483393.1698992
363,355,p1,turn,16.90058135986328,1787483393.2165706
363,355,p2,turn,17.93929672241211,1787483393.2175162
363,1027,p1,selection,192.93272399902344,1787483393.2207296
363,1028,p1,selection,231.1249237060547,1787483393.2238433
363,1029,p1,selection,215.18310546875,1787483393.2268054
363,1027,p2,selection,84.05056762695312,1787483393.229684
363,1028,p2,selection,76.32127380371094,1787483393.233323
363,1029,p2,selection,79.59688568115234,1787483393.2383802
364,356,p1,turn,23.81866455078125,1787483393.290261
364,356,p2,turn,29.199378967285156,1787483393.2911856
364,1030,p1,selection,195.7037811279297,1787483393.29669
364,1031,p1,selection,212.0035400390625,1787483393.3031542
364,1032,p1,selection,209.9436798095703,1787483393.3086154
364,1030,p2,selection,77.91397857666016,1787483393.3135185
364,1031,p2,selection,84.35835266113281,1787483393.3189647
364,1032,p2,selection,81.53489685058594,1787483393.323597
365,357,p1,turn,24.84298324584961,1787483393.3459725
365,357,p2,turn,15.560589790344238,1787483393.3465776
365,1033,p1,selection,179.71734619140625,1787483393.3496106
365,1034,p1,selection,216.6215362548828,1787483393.35449
365,1035,p1,selection,190.5775909423828,1787483393.3597836
365,1033,p2,selection,74.86863708496094,1787483393.3646958
365,1034,p2,selection,84.34252166748047,1787483393.369906
365,1035,p2,selection,90.52769470214844,1787483393.3749182
366,358,p1,turn,20.805776596069336,1787483393.4243681
366,358,p2,turn,17.128320693969727,1787483393.4252906
366,1036,p1,selection,201.4558563232422,1787483393.4304338
366,1037,p1,selection,207.83633422851562,1787483393.435603
366,1038,p1,selection,205.8095703125,1787483393.440708
366,1036,p2,selection,83.76502227783203,1787483393.4455798
366,1037,p2,selection,79.227294921875,1787483393.450418
366,1038,p2,selection,83.29479217529297,1787483393.4553165
367,359,p1,turn,22.437999725341797,1787483393.503044
367,359,p2,turn,26.52541732788086,1787483393.5039508
367,1039,p1,selection,218.71115112304688,1787483393.5090864
367,1040,p1,selection,189.5159149169922,1787483393.5139465
367,1041,p1,selection,190.928955078125,1787483393.5183065
367,1039,p2,selection,75.18571472167969,1787483393.5214252
367,1040,p2,selection,76.28054809570312,1787483393.5243125
367,1041,p2,selection,86.76416015625,1787483393.5271802
368,360,p1,turn,24.58470344543457,1787483393.5491364
368,360,p2,turn,24.248920440673828,1787483393.5497265
368,1042,p1,selection,200.68211364746094,1787483393.553281
368,1043,p1,selection,186.20611572265625,1787483393.55672
368,1044,p1,selection,195.0834197998047,1787483393.5602038
368,1042,p2,selection,72.357177734375,1787483393.5633261
368,1043,p2,selection,75.58538055419922,1787483393.5663297
368,1044,p2,selection,78.45806121826172,1787483393.5695722
369,361,p1,turn,20.516395568847656,1787483393.601848
369,361,p2,turn,19.168537139892578,1787483393.602707
369,1045,p1,selection,178.6805419921875,1787483393.6078382
369,1046,p1,selection,192.61984252929688,1787483393.6127632
369,1047,p1,selection,207.0723114013672,1787483393.6176214
369,1045,p2,selection,97.14958953857422,1787483393.6225507
369,1046,p2,selection,80.38825988769531,1787483393.6274264
369,1047,p2,selection,88.43403625488281,1787483393.632048
370,362,p1,turn,20.32709503173828,1787483393.6738305
370,362,p2,turn,23.13261604309082,1787483393.6743755
370,1048,p1,selection,182.73309326171875,1787483393.679281
370,1049,p1,selection,208.1725311279297,1787483393.6843452
370,1050,p1,selection,167.14071655273438,1787483393.6898181
370,1048,p2,selection,81.19856262207031,1787483393.6945975
370,1049,p2,selection,69.31805419921875,1787483393.6999972
370,1050,p2,selection,70.13316345214844,1787483393.70701
371,363,p1,turn,15.364164352416992,1787483393.755761
371,363,p2,turn,23.654390335083008,1787483393.7567089
371,1051,p1,selection,207.8805694580078,1787483393.7633138
371,1052,p1,selection,210.42108154296875,1787483393.7687128
371,1053,p1,selection,215.2511749267578,1787483393.7714558
371,1051,p2,selection,75.73460388183594,1787483393.774068
371,1052,p2,selection,84.3530044555664,1787483393.777202
371,1053,p2,selection,88.31593322753906,1787483393.780135
372,364,p1,turn,19.43579864501953,1787483393.8269691
372,364,p2,turn,27.683818817138672,1787483393.8279455
372,1054,p1,selection,236.63320922851562,1787483393.8330812
372,1055,p1,selection,225.987060546875,1787483393.8387704
372,1056,p1,selection,238.42947387695312,1787483393.844014
372,1054,p2,selection,76.02542114257812,1787483393.849042
372,1055,p2,selection,77.52825927734375,1787483393.8541942
372,1056,p2,selection,89.37606048583984,1787483393.8591163
373,365,p1,turn,22.552631378173828,1787483393.885013
373,365,p2,turn,24.863384246826172,1787483393.8857205
373,1057,p1,selection,222.87435913085938,1787483393.8896074
373,1058,p1,selection,229.68873596191406,1787483393.893599
373,1059,p1,selection,208.04803466796875,1787483393.8972495
373,1057,p2,selection,81.77412414550781,1787483393.900533
373,1058,p2,selection,77.6580810546875,1787483393.9034657
373,1059,p2,selection,85.12457275390625,1787483393.9058862
374,366,p1,turn,23.069278717041016,1787483393.9285765
374,366,p2,turn,21.561847686767578,1787483393.9291916
374,1060,p1,selection,191.07530212402344,1787483393.932251
374,1061,p1,selection,207.80642700195312,1787483393.9356213
374,1062,p1,selection,188.52029418945312,1787483393.9387853
374,1060,p2,selection,91.78905487060547,1787483393.9418266
374,1061,p2,selection,81.83455657958984,1787483393.9447925
374,1062,p2,selection,69.40027618408203,1787483393.947723
375,367,p1,turn,20.6815185546875,1787483393.9782603
375,367,p2,turn,22.372066497802734,1787483393.9791496
375,1063,p1,selection,210.94879150390625,1787483393.984389
375,1064,p1,selection,214.39552307128906,1787483393.9900653
375,1065,p1,selection,208.30523681640625,1787483393.995508
375,1063,p2,selection,87.99156188964844,1787483394.0004182
375,1064,p2,selection,76.36386108398438,1787483394.0053277
375,1065,p2,selection,73.68295288085938,1787483394.0101333
376,368,p1,turn,20.249568939208984,1787483394.0576532
376,368,p2,turn,19.223125457763672,1787483394.0586135
376,1066,p1,selection,203.10491943359375,1787483394.0644746
376,1067,p1,selection,225.2761688232422,1787483394.0692716
376,1068,p1,selection,193.43284606933594,1787483394.0727212
376,1066,p2,selection,78.3273696899414,1787483394.0758398
376,1067,p2,selection,80.04654693603516,1787483394.0787947
376,1068,p2,selection,80.11299896240234,1787483394.081717
377,369,p1,turn,22.980831146240234,1787483394.1044562
377,369,p2,turn,21.674123764038086,1787483394.105096
377,1069,p1,selection,222.41680908203125,1787483394.1082227
377,1070,p1,selection,219.5850830078125,1787483394.1112728
377,1071,p1,selection,190.47207641601562,1787483394.1144624
377,1069,p2,selection,84.34812927246094,1787483394.1179945
377,1070,p2,selection,82.39167022705078,1787483394.1215985
377,1071,p2,selection,81.65586853027344,1787483394.1250358
378,370,p1,turn,18.81014060974121,1787483394.17992
378,370,p2,turn,27.970077514648438,1787483394.1808827
378,1072,p1,selection,220.9879913330078,1787483394.1865978
378,1073,p1,selection,245.2399444580078,1787483394.1920693
378,1074,p1,selection,230.8957061767578,1787483394.1971781
378,1072,p2,selection,83.48709106445312,1787483394.2023294
378,1073,p2,selection,68.03939819335938,1787483394.207349
378,1074,p2,selection,92.09574890136719,1787483394.2123122
379,371,p1,turn,24.26542854309082,1787483394.257993
379,371,p2,turn,17.924165725708008,1787483394.2589352
379,1075,p1,selection,204.12359619140625,1787483394.2640283
379,1076,p1,selection,211.3287353515625,1787483394.2694132
379,1077,p1,selection,198.9772491455078,1787483394.275285
379,1075,p2,selection,82.48320007324219,1787483394.2808385
379,1076,p2,selection,70.84158325195312,1787483394.2862117
379,1077,p2,selection,86.75157928466797,1787483394.2911744
380,372,p1,turn,15.85677719116211,1787483394.3375661
380,372,p2,turn,24.24573516845703,1787483394.33846
380,1078,p1,selection,205.62008666992188,1787483394.3438034
380,1079,p1,selection,226.34719848632812,1787483394.348897
380,1080,p1,selection,197.9994659423828,1787483394.3530269
380,1078,p2,selection,68.17121887207031,1787483394.3556392
380,1079,p2,selection,83.0960922241211,1787483394.3582044
380,1080,p2,selection,79.43022918701172,1787483394.3605099
381,373,p1,turn,17.870193481445312,1787483394.3816783
381,373,p2,turn,21.042865753173828,1787483394.3822637
381,1081,p1,selection,228.99061584472656,1787483394.3871748
381,1082,p1,selection,223.09979248046875,1787483394.3923848
381,1083,p1,selection,220.29705810546875,1787483394.3974006
381,1081,p2,selection,75.45775604248047,1787483394.4024038
381,1082,p2,selection,79.91629028320312,1787483394.40741
381,1083,p2,selection,85.75285339355469,1787483394.4122229
382,374,p1,turn,15.92552661895752,1787483394.4621503
382,374,p2,turn,11.345892906188965,1787483394.4630075
382,1084,p1,selection,234.99755859375,1787483394.4682143
382,1085,p1,selection,193.02569580078125,1787483394.4733765
382,1086,p1,selection,213.1897735595703,1787483394.4783995
382,1084,p2,selection,75.7484130859375,1787483394.4834807
382,1085,p2,selection,81.50523376464844,1787483394.4886515
382,1086,p2,selection,80.61093139648438,1787483394.4934855
383,375,p1,turn,17.928077697753906,1787483394.537038
383,375,p2,turn,28.86969757080078,1787483394.5378923
383,1087,p1,selection,222.85635375976562,1787483394.5428836
383,1088,p1,selection,210.58505249023438,1787483394.5477371
383,1089,p1,selection,217.85386657714844,1787483394.5529203
383,1087,p2,selection,79.88387298583984,1787483394.5577688
383,1088,p2,selection,70.44183349609375,1787483394.5624373
383,1089,p2,selection,81.19871520996094,1787483394.5671833
384,376,p1,turn,25.58183479309082,1787483394.6181452
384,376,p2,turn,19.455997467041016,1787483394.6186762
384,1090,p1,selection,202.99417114257812,1787483394.621984
384,1091,p1,selection,199.30543518066406,1787483394.6250074
384,1092,p1,selection,205.01434326171875,1787483394.6279726
384,1090,p2,selection,80.48770904541016,1787483394.6309245
384,1091,p2,selection,89.36119842529297,1787483394.6341202
384,1092,p2,selection,79.41954803466797,1787483394.637321
385,377,p1,turn,20.416879653930664,1787483394.6625001
385,377,p2,turn,15.50936222076416,1787483394.6631732
385,1093,p1,selection,219.13522338867188,1787483394.6661558
385,1094,p1,selection,190.83590698242188,1787483394.6693907
385,1095,p1,selection,209.97744750976562,1787483394.6725595
385,1093,p2,selection,68.04471588134766,1787483394.675606
385,1094,p2,selection,79.7349853515625,1787483394.6785738
385,1095,p2,selection,75.25643920898438,1787483394.6815126
386,378,p1,turn,21.21002769470215,1787483394.7269757
386,378,p2,turn,22.435091018676758,1787483394.7279413
386,1096,p1,selection,196.68087768554688,1787483394.7335467
386,1097,p1,selection,203.09457397460938,1787483394.7393675
386,1098,p1,selection,206.01876831054688,1787483394.7464247
386,1096,p2,selection,78.49465942382812,1787483394.7523646
386,1097,p2,selection,74.56621551513672,1787483394.757546
386,1098,p2,selection,73.64713287353516,1787483394.7625887
387,379,p1,turn,16.44773292541504,1787483394.8176763
387,379,p2,turn,16.313152313232422,1787483394.8185966
387,1099,p1,selection,227.3545379638672,1787483394.824365
387,1100,p1,selection,223.96670532226562,1787483394.8302398
387,1101,p1,selection,243.8916778564453,1787483394.835586
387,1099,p2,selection,82.38017272949219,1787483394.8407013
387,1100,p2,selection,78.389892578125,1787483394.8460147
387,1101,p2,selection,78.57704162597656,1787483394.850955
388,380,p1,turn,18.016571044921875,1787483394.9012594
388,380,p2,turn,14.931989669799805,1787483394.9021802
388,1102,p1,selection,229.5123291015625,1787483394.9074156
388,1103,p1,selection,204.2015838623047,1787483394.9124682
388,1104,p1,selection,233.3220977783203,1787483394.9176393
388,1102,p2,selection,78.92182922363281,1787483394.9226751
388,1103,p2,selection,82.28296661376953,1787483394.9275453
388,1104,p2,selection,76.00391387939453,1787483394.9324539
389,381,p1,turn,17.4646053314209,1787483394.9822621
389,381,p2,turn,22.1087703704834,1787483394.9832034
389,1105,p1,selection,226.08041381835938,1787483394.9884534
389,1106,p1,selection,229.47850036621094,1787483394.9936953
389,1107,p1,selection,205.58058166503906,1787483394.9988327
389,1105,p2,selection,74.51734924316406,1787483395.0042913
389,1106,p2,selection,85.79542541503906,1787483395.010131
389,1107,p2,selection,74.44657897949219,1787483395.0153449
390,382,p1,turn,17.856340408325195,1787483395.0621157
390,382,p2,turn,23.095251083374023,1787483395.063132
390,1108,p1,selection,230.07009887695312,1787483395.0698774
390,1109,p1,selection,214.56448364257812,1787483395.0761704
390,1110,p1,selection,261.87725830078125,1787483395.08214
390,1108,p2,selection,84.29939270019531,1787483395.0877113
390,1109,p2,selection,83.27725219726562,1787483395.0928888
390,1110,p2,selection,76.10212707519531,1787483395.0980349
391,383,p1,turn,19.024995803833008,1787483395.1535325
391,383,p2,turn,19.794475555419922,1787483395.1545308
391,1111,p1,selection,231.91029357910156,1787483395.1604216
391,1112,p1,selection,212.539794921875,1787483395.16591
391,1113,p1,selection,227.91226196289062,1787483395.1702785
391,1111,p2,selection,92.19976043701172,1787483395.1736233
391,1112,p2,selection,87.56019592285156,1787483395.1767836
391,1113,p2,selection,82.23821258544922,1787483395.1798809
392,384,p1,turn,13.804631233215332,1787483395.2054079
392,384,p2,turn,18.1060791015625,1787483395.206374
392,1114,p1,selection,253.7669677734375,1787483395.2118418
392,1115,p1,selection,215.3541259765625,1787483395.2176147
392,1116,p1,selection,215.87770080566406,1787483395.2233531
392,1114,p2,selection,79.07251739501953,1787483395.228674
392,1115,p2,selection,71.39575958251953,1787483395.234337
392,1116,p2,selection,72.01982879638672,1787483395.2400913
393,385,p1,turn,18.009342193603516,1787483395.299419
393,385,p2,turn,18.544919967651367,1787483395.3003893
393,1117,p1,selection,239.42857360839844,1787483395.3061705
393,1118,p1,selection,235.741455078125,1787483395.3119054
393,1119,p1,selection,249.4849853515625,1787483395.3174345
393,1117,p2,selection,69.95838165283203,1787483395.322776
393,1118,p2,selection,85.46200561523438,1787483395.3279173
393,1119,p2,selection,77.99259185791016,1787483395.3331223
394,386,p1,turn,20.093971252441406,1787483395.3837574
394,386,p2,turn,23.57386016845703,1787483395.3843834
394,1120,p1,selection,241.9912872314453,1787483395.3877206
394,1121,p1,selection,228.6602783203125,1787483395.3908956
394,1122,p1,selection,238.03407287597656,1787483395.3940256
394,1120,p2,selection,76.77159118652344,1787483395.3979697
394,1121,p2,selection,71.75009155273438,1787483395.4036338
394,1122,p2,selection,80.4530258178711,1787483395.409214
395,387,p1,turn,17.97369384765625,1787483395.4584112
395,387,p2,turn,24.715179443359375,1787483395.4593234
395,1123,p1,selection,245.8749542236328,1787483395.464774
395,1124,p1,selection,222.1806182861328,1787483395.4704096
395,1125,p1,selection,221.1245574951172,1787483395.4759748
395,1123,p2,selection,82.54846954345703,1787483395.481291
395,1124,p2,selection,88.06509399414062,1787483395.4872828
395,1125,p2,selection,82.3401870727539,1787483395.492764
396,388,p1,turn,14.38303279876709,1787483395.5466332
396,388,p2,turn,21.338369369506836,1787483395.5475154
396,1126,p1,selection,238.4805908203125,1787483395.5570116
396,1127,p1,selection,224.51416015625,1787483395.5648263
396,1128,p1,selection,225.01641845703125,1787483395.5703235
396,1126,p2,selection,84.50170135498047,1787483395.5755482
396,1127,p2,selection,71.78125762939453,1787483395.580626
396,1128,p2,selection,80.56892395019531,1787483395.5860963
397,389,p1,turn,16.14060401916504,1787483395.6373765
397,389,p2,turn,22.592714309692383,1787483395.638265
397,1129,p1,selection,212.52259826660156,1787483395.643442
397,1130,p1,selection,225.07095336914062,1787483395.6485837
397,1131,p1,selection,235.19981384277344,1787483395.6539695
397,1129,p2,selection,70.98607635498047,1787483395.659147
397,1130,p2,selection,78.37419891357422,1787483395.6641693
397,1131,p2,selection,79.84952545166016,1787483395.669494
398,390,p1,turn,11.389688491821289,1787483395.715429
398,390,p2,turn,18.219297409057617,1787483395.7163632
398,1132,p1,selection,215.73226928710938,1787483395.722177
398,1133,p1,selection,213.7363739013672,1787483395.7278428
398,1134,p1,selection,235.2510528564453,1787483395.7334714
398,1132,p2,selection,72.59783935546875,1787483395.7370195
398,1133,p2,selection,74.00301361083984,1787483395.7401772
398,1134,p2,selection,71.57826232910156,1787483395.7432907
399,391,p1,turn,18.711143493652344,1787483395.7766843
399,391,p2,turn,13.199166297912598,1787483395.7776031
399,1135,p1,selection,249.1146697998047,1787483395.7832832
399,1136,p1,selection,224.06634521484375,1787483395.7888803
399,1137,p1,selection,213.12181091308594,1787483395.7941816
399,1135,p2,selection,70.5203628540039,1787483395.8000116
399,1136,p2,selection,75.46981048583984,1787483395.8057423
399,1137,p2,selection,75.8905029296875,1787483395.8126197
400,392,p1,turn,21.04574203491211,1787483395.8610322
400,392,p2,turn,18.353532791137695,1787483395.8619797
400,1138,p1,selection,209.97508239746094,1787483395.8676474
400,1139,p1,selection,216.75059509277344,1787483395.873142
400,1140,p1,selection,206.6017303466797,1787483395.878303
400,1138,p2,selection,86.28916931152344,1787483395.8833034
400,1139,p2,selection,85.39837646484375,1787483395.889076
400,1140,p2,selection,73.00559997558594,1787483395.8943832
401,393,p1,turn,21.05103302001953,1787483395.9367228
401,393,p2,turn,22.481428146362305,1787483395.9376976
401,1141,p1,selection,224.25961303710938,1787483395.9432716
401,1142,p1,selection,236.5765380859375,1787483395.9485714
401,1143,p1,selection,240.14308166503906,1787483395.9541893
401,1141,p2,selection,73.68148803710938,1787483395.9594774
401,1142,p2,selection,76.54894256591797,1787483395.9646358
401,1143,p2,selection,73.01644897460938,1787483395.970161
402,394,p1,turn,18.707073211669922,1787483396.030782
402,394,p2,turn,22.854829788208008,1787483396.0318096
402,1144,p1,selection,233.91395568847656,1787483396.037076
402,1145,p1,selection,226.8607635498047,1787483396.0422385
402,1146,p1,selection,206.81515502929688,1787483396.0472767
402,1144,p2,selection,70.33172607421875,1787483396.053921
402,1145,p2,selection,65.47979736328125,1787483396.0610614
402,1146,p2,selection,83.29402923583984,1787483396.0675695
403,395,p1,turn,14.236845016479492,1787483396.0983684
403,395,p2,turn,21.66778564453125,1787483396.0990434
403,1147,p1,selection,229.91195678710938,1787483396.1024
403,1148,p1,selection,216.66445922851562,1787483396.1055405
403,1149,p1,selection,253.743896484375,1787483396.1084626
403,1147,p2,selection,70.46876525878906,1787483396.111475
403,1148,p2,selection,80.62217712402344,1787483396.1145668
403,1149,p2,selection,81.09701538085938,1787483396.1179256
404,396,p1,turn,17.051616668701172,1787483396.1431632
404,396,p2,turn,19.745603561401367,1787483396.1438031
404,1150,p1,selection,224.6527862548828,1787483396.1471858
404,1151,p1,selection,230.85574340820312,1787483396.1506453
404,1152,p1,selection,257.9136962890625,1787483396.1544087
404,1150,p2,selection,75.44795989990234,1787483396.1580663
404,1151,p2,selection,72.16976928710938,1787483396.1612437
404,1152,p2,selection,68.58602142333984,1787483396.164299
405,397,p1,turn,16.36838150024414,1787483396.2113757
405,397,p2,turn,15.0634126663208,1787483396.2123234
405,1153,p1,selection,256.5090026855469,1787483396.2168703
405,1154,p1,selection,234.3103485107422,1787483396.2201204
405,1155,p1,selection,253.06712341308594,1787483396.2232478
405,1153,p2,selection,76.07903289794922,1787483396.2262325
405,1154,p2,selection,71.03804016113281,1787483396.2292566
405,1155,p2,selection,85.18925476074219,1787483396.232167
406,398,p1,turn,19.031269073486328,1787483396.2546687
406,398,p2,turn,26.612781524658203,1787483396.25531
406,1156,p1,selection,234.40182495117188,1787483396.260724
406,1157,p1,selection,229.1835479736328,1787483396.2660825
406,1158,p1,selection,239.278076171875,1787483396.2719069
406,1156,p2,selection,91.78849792480469,1787483396.2772985
406,1157,p2,selection,82.82148742675781,1787483396.2827544
406,1158,p2,selection,78.98403930664062,1787483396.2880108
407,399,p1,turn,15.120223045349121,1787483396.332317
407,399,p2,turn,18.6147403717041,1787483396.3332183
407,1159,p1,selection,214.66140747070312,1787483396.3385468
407,1160,p1,selection,236.99298095703125,1787483396.3436224
407,1161,p1,selection,250.35552978515625,1787483396.3486443
407,1159,p2,selection,75.62996673583984,1787483396.3528264
407,1160,p2,selection,85.36576080322266,1787483396.3552358
407,1161,p2,selection,72.45096588134766,1787483396.3576407
408,400,p1,turn,20.20296287536621,1787483396.4029102
408,400,p2,turn,24.084163665771484,1787483396.4038522
408,1162,p1,selection,231.6489715576172,1787483396.4102447
408,1163,p1,selection,234.06954956054688,1787483396.4155843
408,1164,p1,selection,234.2877197265625,1787483396.4207742
408,1162,p2,selection,82.23292541503906,1787483396.4261672
408,1163,p2,selection,65.84060668945312,1787483396.4292297
408,1164,p2,selection,82.91649627685547,1787483396.432229
409,401,p1,turn,18.02779769897461,1787483396.4553514
409,401,p2,turn,16.562835693359375,1787483396.4558966
409,1165,p1,selection,240.5098114013672,1787483396.4583523
409,1166,p1,selection,223.19705200195312,1787483396.4608443
409,1167,p1,selection,217.6027069091797,1787483396.4633195
409,1165,p2,selection,72.96334838867188,1787483396.4658327
409,1166,p2,selection,76.01099395751953,1787483396.468923
409,1167,p2,selection,67.13024139404297,1787483396.471935
410,402,p1,turn,18.591814041137695,1787483396.5070488
410,402,p2,turn,20.888681411743164,1787483396.507971
410,1168,p1,selection,232.98089599609375,1787483396.5131257
410,1169,p1,selection,238.67694091796875,1787483396.518385
410,1170,p1,selection,229.79095458984375,1787483396.523573
410,1168,p2,selection,82.22354888916016,1787483396.528489
410,1169,p2,selection,88.34139251708984,1787483396.5339818
410,1170,p2,selection,79.7979736328125,1787483396.5389252
411,403,p1,turn,26.441993713378906,1787483396.5830026
411,403,p2,turn,17.834423065185547,1787483396.5837734
411,1171,p1,selection,209.9703826904297,1787483396.5873523
411,1172,p1,selection,240.82383728027344,1787483396.5908995
411,1173,p1,selection,213.9115753173828,1787483396.5963047
411,1171,p2,selection,76.53978729248047,1787483396.6023152
411,1172,p2,selection,75.09851837158203,1787483396.6090467
411,1173,p2,selection,67.50772857666016,1787483396.6159158
412,404,p1,turn,18.476362228393555,1787483396.6736681
412,404,p2,turn,20.720518112182617,1787483396.6747108
412,1174,p1,selection,211.63003540039062,1787483396.6811905
412,1175,p1,selection,241.65338134765625,1787483396.6878812
412,1176,p1,selection,242.2107391357422,1787483396.694037
412,1174,p2,selection,73.65579223632812,1787483396.7003217
412,1175,p2,selection,71.27198028564453,1787483396.707296
412,1176,p2,selection,73.95658874511719,1787483396.7139719
413,405,p1,turn,20.22121810913086,1787483396.7673047
413,405,p2,turn,14.896306037902832,1787483396.7683244
413,1177,p1,selection,236.0074462890625,1787483396.7744708
413,1178,p1,selection,233.53396606445312,1787483396.7820446
413,1179,p1,selection,241.06277465820312,1787483396.7937503
413,1177,p2,selection,80.10810852050781,1787483396.8016343
413,1178,p2,selection,63.59885025024414,1787483396.8076143
413,1179,p2,selection,87.37651062011719,1787483396.8129501
414,406,p1,turn,29.94478988647461,1787483396.8606346
414,406,p2,turn,19.415193557739258,1787483396.8612933
414,1180,p1,selection,228.66055297851562,1787483396.863927
414,1181,p1,selection,223.7113494873047,1787483396.8673294
414,1182,p1,selection,232.80099487304688,1787483396.8708417
414,1180,p2,selection,78.2483901977539,1787483396.8741024
414,1181,p2,selection,76.27818298339844,1787483396.8772633
414,1182,p2,selection,79.6819076538086,1787483396.8803883
415,407,p1,turn,18.56814956665039,1787483396.9134781
415,407,p2,turn,21.50333023071289,1787483396.914478
415,1183,p1,selection,219.07809448242188,1787483396.9216576
415,1184,p1,selection,231.98880004882812,1787483396.92898
415,1185,p1,selection,245.67007446289062,1787483396.9358602
415,1183,p2,selection,79.306640625,1787483396.9418535
415,1184,p2,selection,76.78987121582031,1787483396.9476666
415,1185,p2,selection,78.26666259765625,1787483396.952748
416,408,p1,turn,18.084957122802734,1787483396.990621
416,408,p2,turn,24.062339782714844,1787483396.9916036
416,1186,p1,selection,210.99847412109375,1787483396.997622
416,1187,p1,selection,238.94580078125,1787483397.0034819
416,1188,p1,selection,223.09136962890625,1787483397.0092266
416,1186,p2,selection,74.61027526855469,1787483397.0149662
416,1187,p2,selection,79.00147247314453,1787483397.0208163
416,1188,p2,selection,75.39146423339844,1787483397.0266728
417,409,p1,turn,18.860322952270508,1787483397.082359
417,409,p2,turn,21.052000045776367,1787483397.0835876
417,1189,p1,selection,236.14195251464844,1787483397.0907269
417,1190,p1,selection,221.57835388183594,1787483397.096577
417,1191,p1,selection,254.62457275390625,1787483397.103483
417,1189,p2,selection,76.05815124511719,1787483397.109359
417,1190,p2,selection,80.87847137451172,1787483397.114807
417,1191,p2,selection,77.28475189208984,1787483397.1205454
418,410,p1,turn,16.0505428314209,1787483397.173065
418,410,p2,turn,17.445247650146484,1787483397.1741557
418,1192,p1,selection,250.60101318359375,1787483397.180295
418,1193,p1,selection,207.5859375,1787483397.1871727
418,1194,p1,selection,230.60568237304688,1787483397.1932492
418,1192,p2,selection,81.76142120361328,1787483397.1991327
418,1193,p2,selection,78.0458755493164,1787483397.2050705
418,1194,p2,selection,74.67574310302734,1787483397.2105198
419,411,p1,turn,17.724287033081055,1787483397.2714398
419,411,p2,turn,21.551942825317383,1787483397.2724245
419,1195,p1,selection,203.8540802001953,1787483397.2782
419,1196,p1,selection,260.95538330078125,1787483397.2843776
419,1197,p1,selection,247.9375762939453,1787483397.290515
419,1195,p2,selection,74.97297668457031,1787483397.2961764
419,1196,p2,selection,67.28520202636719,1787483397.302389
419,1197,p2,selection,71.69113159179688,1787483397.3082905
420,412,p1,turn,18.91436004638672,1787483397.3959105
420,412,p2,turn,26.992124557495117,1787483397.3970795
420,1198,p1,selection,224.04586791992188,1787483397.4037638
420,1199,p1,selection,226.24472045898438,1787483397.413606
420,1200,p1,selection,257.65545654296875,1787483397.4215949
420,1198,p2,selection,75.65238189697266,1787483397.4286065
420,1199,p2,selection,79.43203735351562,1787483397.4325886
420,1200,p2,selection,73.75594329833984,1787483397.4372962
421,413,p1,turn,21.718168258666992,1787483397.4616394
421,413,p2,turn,19.376110076904297,1787483397.4623547
421,1201,p1,selection,268.8467102050781,1787483397.4678369
421,1202,p1,selection,260.56390380859375,1787483397.4745848
421,1203,p1,selection,266.3143005371094,1787483397.4814296
421,1201,p2,selection,71.96903228759766,1787483397.4879804
421,1202,p2,selection,77.56471252441406,1787483397.4934597
421,1203,p2,selection,81.30622863769531,1787483397.498837
422,414,p1,turn,14.796536445617676,1787483397.5489767
422,414,p2,turn,26.690406799316406,1787483397.5500228
422,1204,p1,selection,267.6439208984375,1787483397.555993
422,1205,p1,selection,223.68966674804688,1787483397.5620635
422,1206,p1,selection,230.6178436279297,1787483397.5686927
422,1204,p2,selection,79.50590515136719,1787483397.574528
422,1205,p2,selection,74.61844635009766,1787483397.5801413
422,1206,p2,selection,69.44591522216797,1787483397.5863183
423,415,p1,turn,20.412296295166016,1787483397.6405082
423,415,p2,turn,27.397859573364258,1787483397.6415005
423,1207,p1,selection,235.0300750732422,1787483397.6468997
423,1208,p1,selection,236.87130737304688,1787483397.652565
423,1209,p1,selection,252.3437042236328,1787483397.6579437
423,1207,p2,selection,80.44927215576172,1787483397.6630588
423,1208,p2,selection,75.8631820678711,1787483397.6682858
423,1209,p2,selection,68.059326171875,1787483397.673474
424,416,p1,turn,14.769533157348633,1787483397.7206175
424,416,p2,turn,21.126798629760742,1787483397.7211282
424,1210,p1,selection,255.444580078125,1787483397.723536
424,1211,p1,selection,250.20257568359375,1787483397.7277238
424,1212,p1,selection,246.02886962890625,1787483397.7326322
424,1210,p2,selection,82.67692565917969,1787483397.737459
424,1211,p2,selection,72.455810546875,1787483397.7420871
424,1212,p2,selection,83.06979370117188,1787483397.7467513
425,417,p1,turn,16.099641799926758,1787483397.7822104
425,417,p2,turn,25.296897888183594,1787483397.7832808
425,1213,p1,selection,251.61587524414062,1787483397.7889106
425,1214,p1,selection,247.12579345703125,1787483397.7944593
425,1215,p1,selection,243.31106567382812,1787483397.7996428
425,1213,p2,selection,84.03459930419922,1787483397.8046072
425,1214,p2,selection,73.52096557617188,1787483397.8095
425,1215,p2,selection,70.89932250976562,1787483397.8143477
426,418,p1,turn,13.409672737121582,1787483397.8605814
426,418,p2,turn,22.106037139892578,1787483397.8613539
426,1216,p1,selection,220.32168579101562,1787483397.8643794
426,1217,p1,selection,233.50909423828125,1787483397.867616
426,1218,p1,selection,263.42706298828125,1787483397.870671
426,1216,p2,selection,68.11835479736328,1787483397.873582
426,1217,p2,selection,75.86748504638672,1787483397.8764236
426,1218,p2,selection,72.74317169189453,1787483397.8792875
427,419,p1,turn,20.786951065063477,1787483397.903143
427,419,p2,turn,20.503170013427734,1787483397.9040554
427,1219,p1,selection,242.47471618652344,1787483397.907321
427,1220,p1,selection,251.81546020507812,1787483397.9102705
427,1221,p1,selection,235.69464111328125,1787483397.9133167
427,1219,p2,selection,75.67236328125,1787483397.9165645
427,1220,p2,selection,61.895904541015625,1787483397.9205432
427,1221,p2,selection,74.26880645751953,1787483397.923823
428,420,p1,turn,21.17851448059082,1787483397.9499137
428,420,p2,turn,18.273906707763672,1787483397.9506574
428,1222,p1,selection,223.70632934570312,1787483397.9542928
428,1223,p1,selection,226.58853149414062,1787483397.9575531
428,1224,p1,selection,277.683349609375,1787483397.9606225
428,1222,p2,selection,82.03740692138672,1787483397.9637089
428,1223,p2,selection,79.76201629638672,1787483397.9670043
428,1224,p2,selection,77.49241638183594,1787483397.9702203
429,421,p1,turn,15.778912544250488,1787483398.0106947
429,421,p2,turn,19.279136657714844,1787483398.0116262
429,1225,p1,selection,232.00086975097656,1787483398.016914
429,1226,p1,selection,233.09616088867188,1787483398.0221398
429,1227,p1,selection,240.96115112304688,1787483398.027211
429,1225,p2,selection,76.48333740234375,1787483398.032087
429,1226,p2,selection,68.5599365234375,1787483398.0380468
429,1227,p2,selection,75.02083587646484,1787483398.0437493
430,422,p1,turn,16.96984100341797,1787483398.0941386
430,422,p2,turn,22.998310089111328,1787483398.095118
430,1228,p1,selection,230.2617645263672,1787483398.1007082
430,1229,p1,selection,249.93150329589844,1787483398.106781
430,1230,p1,selection,225.3243408203125,1787483398.11251
430,1228,p2,selection,78.7176284790039,1787483398.1181188
430,1229,p2,selection,64.73038482666016,1787483398.1232374
430,1230,p2,selection,79.44325256347656,1787483398.128689
431,423,p1,turn,17.966995239257812,1787483398.1825783
431,423,p2,turn,14.139942169189453,1787483398.1835873
431,1231,p1,selection,241.4879150390625,1787483398.1892905
431,1232,p1,selection,222.8022003173828,1787483398.194597
431,1233,p1,selection,255.72276306152344,1787483398.2001152
431,1231,p2,selection,75.98649597167969,1787483398.206124
431,1232,p2,selection,78.42879486083984,1787483398.2112033
431,1233,p2,selection,75.04891204833984,1787483398.2161634
432,424,p1,turn,20.029178619384766,1787483398.266025
432,424,p2,turn,18.96471405029297,1787483398.2670457
432,1234,p1,selection,234.53811645507812,1787483398.2709897
432,1235,p1,selection,223.31285095214844,1787483398.2742362
432,1236,p1,selection,284.0908203125,1787483398.2774732
432,1234,p2,selection,73.48479461669922,1787483398.2827406
432,1235,p2,selection,80.38209533691406,1787483398.2883484
432,1236,p2,selection,69.08868408203125,1787483398.2937632
433,425,p1,turn,17.327281951904297,1787483398.3398273
433,425,p2,turn,16.92711067199707,1787483398.3407545
433,1237,p1,selection,244.23983764648438,1787483398.346306
433,1238,p1,selection,233.3062744140625,1787483398.3515477
433,1239,p1,selection,216.10540771484375,1787483398.355783
433,1237,p2,selection,80.32979583740234,1787483398.35834
433,1238,p2,selection,73.52459716796875,1787483398.3630514
433,1239,p2,selection,82.8204345703125,1787483398.3689892
434,426,p1,turn,18.08820343017578,1787483398.4095376
434,426,p2,turn,18.10860824584961,1787483398.4104836
434,1240,p1,selection,240.36660766601562,1787483398.4156625
434,1241,p1,selection,213.68040466308594,1787483398.4211848
434,1242,p1,selection,256.6824951171875,1787483398.4266758
434,1240,p2,selection,79.14202880859375,1787483398.4318082
434,1241,p2,selection,81.32115173339844,1787483398.4369621
434,1242,p2,selection,76.04009246826172,1787483398.4420705
435,427,p1,turn,17.436845779418945,1787483398.4894233
435,427,p2,turn,24.704748153686523,1787483398.4899964
435,1243,p1,selection,241.28512573242188,1787483398.492508
435,1244,p1,selection,244.0997314453125,1787483398.4954455
435,1245,p1,selection,226.75350952148438,1787483398.498033
435,1243,p2,selection,77.58262634277344,1787483398.5030596
435,1244,p2,selection,76.89976501464844,1787483398.5093105
435,1245,p2,selection,69.17989349365234,1787483398.5150034
436,428,p1,turn,15.187227249145508,1787483398.5693321
436,428,p2,turn,18.192338943481445,1787483398.57018
436,1246,p1,selection,218.0740966796875,1787483398.5765011
436,1247,p1,selection,217.93679809570312,1787483398.5824888
436,1248,p1,selection,219.77633666992188,1787483398.58925
436,1246,p2,selection,69.7685317993164,1787483398.5954204
436,1247,p2,selection,67.35366821289062,1787483398.6018481
436,1248,p2,selection,76.93348693847656,1787483398.6077163
437,429,p1,turn,16.613750457763672,1787483398.6540725
437,429,p2,turn,16.822952270507812,1787483398.654987
437,1249,p1,selection,227.15895080566406,1787483398.6603394
437,1250,p1,selection,222.28289794921875,1787483398.6660805
437,1251,p1,selection,254.59124755859375,1787483398.671577
437,1249,p2,selection,76.2528305053711,1787483398.6767113
437,1250,p2,selection,74.65330505371094,1787483398.6826007
437,1251,p2,selection,77.38848114013672,1787483398.6880271
438,430,p1,turn,12.894342422485352,1787483398.7407813
438,430,p2,turn,23.878162384033203,1787483398.7413952
438,1252,p1,selection,228.45201110839844,1787483398.744831
438,1253,p1,selection,242.98170471191406,1787483398.7482061
438,1254,p1,selection,250.73788452148438,1787483398.7518957
438,1252,p2,selection,61.35844421386719,1787483398.7555842
438,1253,p2,selection,74.61278533935547,1787483398.7596257
438,1254,p2,selection,65.00848388671875,1787483398.763182
439,431,p1,turn,19.869281768798828,1787483398.8076348
439,431,p2,turn,18.867198944091797,1787483398.8085182
439,1255,p1,selection,248.78012084960938,1787483398.8142881
439,1256,p1,selection,216.5753631591797,1787483398.8209152
439,1257,p1,selection,234.15269470214844,1787483398.8268182
439,1255,p2,selection,67.43318176269531,1787483398.8324044
439,1256,p2,selection,76.58204650878906,1787483398.8367686
439,1257,p2,selection,67.43260955810547,1787483398.8403382
440,432,p1,turn,18.58234977722168,1787483398.8863056
440,432,p2,turn,19.477306365966797,1787483398.8872824
440,1258,p1,selection,240.4697265625,1787483398.8929048
440,1259,p1,selection,285.49407958984375,1787483398.8982575
440,1260,p1,selection,232.10601806640625,1787483398.90414
440,1258,p2,selection,76.28821563720703,1787483398.9098248
440,1259,p2,selection,77.33531951904297,1787483398.9159067
440,1260,p2,selection,72.16112518310547,1787483398.9224174
441,433,p1,turn,15.469490051269531,1787483398.952772
441,433,p2,turn,21.216032028198242,1787483398.9533465
441,1261,p1,selection,248.48593139648438,1787483398.9566917
441,1262,p1,selection,248.22320556640625,1787483398.959904
441,1263,p1,selection,244.12411499023438,1787483398.9630759
441,1261,p2,selection,77.11444854736328,1787483398.9668534
441,1262,p2,selection,75.97354125976562,1787483398.970019
441,1263,p2,selection,69.30059814453125,1787483398.9735231
442,434,p1,turn,21.207292556762695,1787483398.9956
442,434,p2,turn,27.754676818847656,1787483398.996165
442,1264,p1,selection,238.77108764648438,1787483399.0009134
442,1265,p1,selection,233.03053283691406,1787483399.0077856
442,1266,p1,selection,266.2454833984375,1787483399.014858
442,1264,p2,selection,67.1329345703125,1787483399.01986
442,1265,p2,selection,78.35897827148438,1787483399.0235505
442,1266,p2,selection,71.14220428466797,1787483399.0278964
443,435,p1,turn,18.293718338012695,1787483399.0551157
443,435,p2,turn,21.884765625,1787483399.0558162
443,1267,p1,selection,249.2129669189453,1787483399.060689
443,1268,p1,selection,240.93490600585938,1787483399.0673242
443,1269,p1,selection,235.83653259277344,1787483399.0745535
443,1267,p2,selection,64.73600769042969,1787483399.0806415
443,1268,p2,selection,70.94218444824219,1787483399.087899
443,1269,p2,selection,78.50988006591797,1787483399.0935996
444,436,p1,turn,12.340799331665039,1787483399.1483018
444,436,p2,turn,15.383758544921875,1787483399.1493344
444,1270,p1,selection,253.97329711914062,1787483399.1555867
444,1271,p1,selection,249.0045623779297,1787483399.1615798
444,1272,p1,selection,255.06700134277344,1787483399.1676311
444,1270,p2,selection,67.46078491210938,1787483399.1733043
444,1271,p2,selection,78.58671569824219,1787483399.1788805
444,1272,p2,selection,68.59989166259766,1787483399.1848493
445,437,p1,turn,16.72784423828125,1787483399.2406063
445,437,p2,turn,19.367130279541016,1787483399.2415185
445,1273,p1,selection,273.3853759765625,1787483399.2479284
445,1274,p1,selection,242.92520141601562,1787483399.2540278
445,1275,p1,selection,229.57078552246094,1787483399.2584257
445,1273,p2,selection,78.77572631835938,1787483399.2627532
445,1274,p2,selection,68.23796081542969,1787483399.267974
445,1275,p2,selection,83.25574493408203,1787483399.2716825
446,438,p1,turn,17.5178165435791,1787483399.3094
446,438,p2,turn,29.699766159057617,1787483399.3107915
446,1276,p1,selection,254.18592834472656,1787483399.3169522
446,1277,p1,selection,263.662109375,1787483399.3234608
446,1278,p1,selection,236.9626922607422,1787483399.3294427
446,1276,p2,selection,73.86892700195312,1787483399.335423
446,1277,p2,selection,56.823951721191406,1787483399.340951
446,1278,p2,selection,66.0615463256836,1787483399.3457022
447,439,p1,turn,17.609519958496094,1787483399.3702376
447,439,p2,turn,15.985252380371094,1787483399.370906
447,1279,p1,selection,233.99420166015625,1787483399.3741298
447,1280,p1,selection,217.0802001953125,1787483399.377285
447,1281,p1,selection,235.7808074951172,1787483399.380374
447,1279,p2,selection,76.85752868652344,1787483399.3836162
447,1280,p2,selection,70.23489379882812,1787483399.3867497
447,1281,p2,selection,79.30524444580078,1787483399.3897896
448,440,p1,turn,19.263212203979492,1787483399.436502
448,440,p2,turn,24.235647201538086,1787483399.4374695
448,1282,p1,selection,250.31077575683594,1787483399.4429288
448,1283,p1,selection,231.72723388671875,1787483399.4484577
448,1284,p1,selection,234.47915649414062,1787483399.4542575
448,1282,p2,selection,64.6667709350586,1787483399.459402
448,1283,p2,selection,66.34873962402344,1787483399.4644725
448,1284,p2,selection,68.74751281738281,1787483399.4697373
449,441,p1,turn,11.174040794372559,1787483399.5202017
449,441,p2,turn,17.026020050048828,1787483399.5210898
449,1285,p1,selection,251.6699676513672,1787483399.5263062
449,1286,p1,selection,237.53604125976562,1787483399.5316126
449,1287,p1,selection,237.51620483398438,1787483399.536946
449,1285,p2,selection,66.98416900634766,1787483399.540905
449,1286,p2,selection,64.93033599853516,1787483399.5439982
449,1287,p2,selection,75.1128921508789,1787483399.546909
450,442,p1,turn,15.437095642089844,1787483399.594594
450,442,p2,turn,21.81523323059082,1787483399.5955434
450,1288,p1,selection,246.720947265625,1787483399.6012475
450,1289,p1,selection,231.92019653320312,1787483399.606861
450,1290,p1,selection,216.2120361328125,1787483399.612225
450,1288,p2,selection,73.85757446289062,1787483399.6169448
450,1289,p2,selection,81.39287567138672,1787483399.6202955
450,1290,p2,selection,68.22640991210938,1787483399.6234121
451,443,p1,turn,21.736103057861328,1787483399.6698706
451,443,p2,turn,34.954368591308594,1787483399.670786
451,1291,p1,selection,252.6050262451172,1787483399.6764946
451,1292,p1,selection,256.30694580078125,1787483399.681529
451,1293,p1,selection,290.5198974609375,1787483399.686987
451,1291,p2,selection,73.06668853759766,1787483399.6921644
451,1292,p2,selection,66.40857696533203,1787483399.6971343
451,1293,p2,selection,69.91386413574219,1787483399.7020926
452,444,p1,turn,21.158536911010742,1787483399.755803
452,444,p2,turn,14.479181289672852,1787483399.756734
452,1294,p1,selection,253.3046875,1787483399.7626853
452,1295,p1,selection,224.4510955810547,1787483399.768443
452,1296,p1,selection,290.96942138671875,1787483399.7733347
452,1294,p2,selection,80.63338470458984,1787483399.7759335
452,1295,p2,selection,71.79712677001953,1787483399.778905
452,1296,p2,selection,72.60604095458984,1787483399.7818792
453,445,p1,turn,14.046826362609863,1787483399.827924
453,445,p2,turn,15.506671905517578,1787483399.8288727
453,1297,p1,selection,242.26524353027344,1787483399.83477
453,1298,p1,selection,239.413818359375,1787483399.840678
453,1299,p1,selection,195.2250213623047,1787483399.846294
453,1297,p2,selection,72.1756591796875,1787483399.8517747
453,1298,p2,selection,71.84220886230469,1787483399.8568523
453,1299,p2,selection,73.42008972167969,1787483399.8594756
454,446,p1,turn,22.33418083190918,1787483399.894367
454,446,p2,turn,17.226511001586914,1787483399.895298
454,1300,p1,selection,260.47216796875,1787483399.9012246
454,1301,p1,selection,242.87265014648438,1787483399.906781
454,1302,p1,selection,300.85205078125,1787483399.912021
454,1300,p2,selection,72.18079376220703,1787483399.918084
454,1301,p2,selection,75.35637664794922,1787483399.9241037
454,1302,p2,selection,76.4751968383789,1787483399.930411
455,447,p1,turn,24.48263931274414,1787483399.9733355
455,447,p2,turn,24.017086029052734,1787483399.9742754
455,1303,p1,selection,251.43238830566406,1787483399.9798079
455,1304,p1,selection,254.91220092773438,1787483399.9860995
455,1305,p1,selection,246.5625,1787483399.9918268
455,1303,p2,selection,76.6827392578125,1787483399.9972043
455,1304,p2,selection,70.73539733886719,1787483400.0035386
455,1305,p2,selection,60.335201263427734,1787483400.0088553
456,448,p1,turn,20.92786979675293,1787483400.0907297
456,448,p2,turn,20.296960830688477,1787483400.0917442
456,1306,p1,selection,256.7630310058594,1787483400.1018345
456,1307,p1,selection,218.5644989013672,1787483400.1082132
456,1308,p1,selection,241.75364685058594,1787483400.1143522
456,1306,p2,selection,74.09075927734375,1787483400.120264
456,1307,p2,selection,69.73468017578125,1787483400.1266618
456,1308,p2,selection,70.62202453613281,1787483400.1325526
457,449,p1,turn,20.607969284057617,1787483400.1843157
457,449,p2,turn,21.887657165527344,1787483400.1849015
457,1309,p1,selection,239.98829650878906,1787483400.1879604
457,1310,p1,selection,268.300537109375,1787483400.1910236
457,1311,p1,selection,251.52996826171875,1787483400.1939125
457,1309,p2,selection,78.1303939819336,1787483400.1969662
457,1310,p2,selection,73.0267333984375,1787483400.2021031
457,1311,p2,selection,64.92962646484375,1787483400.2073524
458,450,p1,turn,20.28213119506836,1787483400.2545154
458,450,p2,turn,20.44660758972168,1787483400.2554314
458,1312,p1,selection,265.88787841796875,1787483400.2603874
458,1313,p1,selection,247.65798950195312,1787483400.2654748
458,1314,p1,selection,233.5755615234375,1787483400.2709014
458,1312,p2,selection,67.57191467285156,1787483400.2760377
458,1313,p2,selection,72.74739074707031,1787483400.2806094
458,1314,p2,selection,74.95861053466797,1787483400.2853487
459,451,p1,turn,22.19167709350586,1787483400.3055453
459,451,p2,turn,27.209440231323242,1787483400.306095
459,1315,p1,selection,325.80157470703125,1787483400.3082852
459,1316,p1,selection,285.084228515625,1787483400.312821
459,1317,p1,selection,256.8553466796875,1787483400.3179133
459,1315,p2,selection,72.8558120727539,1787483400.3225152
459,1316,p2,selection,60.930152893066406,1787483400.3270135
459,1317,p2,selection,72.05352020263672,1787483400.331308
460,452,p1,turn,16.512516021728516,1787483400.375524
460,452,p2,turn,30.337697982788086,1787483400.3763187
460,1318,p1,selection,249.72784423828125,1787483400.3809507
460,1319,p1,selection,254.5455322265625,1787483400.3855884
460,1320,p1,selection,285.0771789550781,1787483400.3880563
460,1318,p2,selection,69.53227996826172,1787483400.3904204
460,1319,p2,selection,65.70413970947266,1787483400.3931172
460,1320,p2,selection,78.89309692382812,1787483400.3954482
461,453,p1,turn,18.989883422851562,1787483400.4175541
461,453,p2,turn,26.714513778686523,1787483400.4181936
461,1321,p1,selection,248.7483367919922,1787483400.4213262
461,1322,p1,selection,247.10031127929688,1787483400.4245296
461,1323,p1,selection,221.33212280273438,1787483400.4275181
461,1321,p2,selection,74.06314849853516,1787483400.4305582
461,1322,p2,selection,86.5635986328125,1787483400.433771
461,1323,p2,selection,62.67131805419922,1787483400.437349
462,454,p1,turn,16.9095401763916,1787483400.467749
462,454,p2,turn,14.255962371826172,1787483400.4686384
462,1324,p1,selection,227.42703247070312,1787483400.4737432
462,1325,p1,selection,245.6521759033203,1787483400.4794447
462,1326,p1,selection,257.35906982421875,1787483400.4856331
462,1324,p2,selection,63.8044548034668,1787483400.4906204
462,1325,p2,selection,59.619503021240234,1787483400.4954946
462,1326,p2,selection,57.6692008972168,1787483400.500487
463,455,p1,turn,20.6149845123291,1787483400.5227308
463,455,p2,turn,18.849336624145508,1787483400.5234325
463,1327,p1,selection,263.92352294921875,1787483400.5265615
463,1328,p1,selection,263.7371520996094,1787483400.5297194
463,1329,p1,selection,260.72064208984375,1787483400.534518
463,1327,p2,selection,63.880035400390625,1787483400.5398042
463,1328,p2,selection,70.80159759521484,1787483400.5446568
463,1329,p2,selection,69.04965209960938,1787483400.5515926
464,456,p1,turn,20.545734405517578,1787483400.6033022
464,456,p2,turn,17.196596145629883,1787483400.6039617
464,1330,p1,selection,231.1658172607422,1787483400.609427
464,1331,p1,selection,212.28512573242188,1787483400.6148312
464,1332,p1,selection,298.3075256347656,1787483400.6205213
464,1330,p2,selection,73.21891784667969,1787483400.625696
464,1331,p2,selection,76.65081787109375,1787483400.6307626
464,1332,p2,selection,69.43438720703125,1787483400.636216
465,457,p1,turn,18.764179229736328,1787483400.6822908
465,457,p2,turn,18.069311141967773,1787483400.6832333
465,1333,p1,selection,256.03619384765625,1787483400.6888647
465,1334,p1,selection,243.40170288085938,1787483400.6942115
465,1335,p1,selection,210.6058349609375,1787483400.6994388
465,1333,p2,selection,73.71318817138672,1787483400.7046807
465,1334,p2,selection,61.17304229736328,1787483400.7097144
465,1335,p2,selection,71.00511169433594,1787483400.7145932
466,458,p1,turn,24.617820739746094,1787483400.7631807
466,458,p2,turn,23.568965911865234,1787483400.7641065
466,1336,p1,selection,230.35260009765625,1787483400.769109
466,1337,p1,selection,245.6859893798828,1787483400.7723632
466,1338,p1,selection,233.17929077148438,1787483400.775361
466,1336,p2,selection,63.234107971191406,1787483400.7782779
466,1337,p2,selection,64.85601806640625,1787483400.7812672
466,1338,p2,selection,61.56269454956055,1787483400.7858562
467,459,p1,turn,19.16669464111328,1787483400.834899
467,459,p2,turn,21.84280014038086,1787483400.8358295
467,1339,p1,selection,249.9497528076172,1787483400.8410513
467,1340,p1,selection,283.6996765136719,1787483400.846299
467,1341,p1,selection,253.03976440429688,1787483400.852129
467,1339,p2,selection,67.42652130126953,1787483400.8573203
467,1340,p2,selection,65.32917785644531,1787483400.8623881
467,1341,p2,selection,70.07427215576172,1787483400.8679419
468,460,p1,turn,15.874351501464844,1787483400.9205623
468,460,p2,turn,15.860977172851562,1787483400.9216228
468,1342,p1,selection,212.33590698242188,1787483400.9270139
468,1343,p1,selection,264.4804382324219,1787483400.932393
468,1344,p1,selection,286.2350158691406,1787483400.9381118
468,1342,p2,selection,67.93067932128906,1787483400.9410841
468,1343,p2,selection,75.82992553710938,1787483400.9434621
468,1344,p2,selection,79.34718322753906,1787483400.9458292
469,461,p1,turn,16.848779678344727,1787483400.9949589
469,461,p2,turn,19.401912689208984,1787483400.995837
469,1345,p1,selection,231.93063354492188,1787483401.0011487
469,1346,p1,selection,232.25775146484375,1787483401.0062652
469,1347,p1,selection,273.38482666015625,1787483401.0113387
469,1345,p2,selection,61.88766860961914,1787483401.0163102
469,1346,p2,selection,65.78578186035156,1787483401.0212867
469,1347,p2,selection,76.58320617675781,1787483401.0260868
470,462,p1,turn,17.98602294921875,1787483401.082503
470,462,p2,turn,19.619918823242188,1787483401.0835354
470,1348,p1,selection,256.754150390625,1787483401.0899713
470,1349,p1,selection,242.04830932617188,1787483401.0956182
470,1350,p1,selection,272.10064697265625,1787483401.101794
470,1348,p2,selection,78.07538604736328,1787483401.1069467
470,1349,p2,selection,61.55934143066406,1787483401.111926
470,1350,p2,selection,55.470603942871094,1787483401.1178834
471,463,p1,turn,17.17005157470703,1787483401.1659315
471,463,p2,turn,24.82176971435547,1787483401.1669147
471,1351,p1,selection,238.47357177734375,1787483401.1724372
471,1352,p1,selection,254.97579956054688,1787483401.17777
471,1353,p1,selection,220.92080688476562,1787483401.1826942
471,1351,p2,selection,68.1302261352539,1787483401.1882133
471,1352,p2,selection,68.79412841796875,1787483401.1932554
471,1353,p2,selection,66.9012451171875,1787483401.198275
472,464,p1,turn,14.36393928527832,1787483401.2449157
472,464,p2,turn,23.861902236938477,1787483401.245875
472,1354,p1,selection,263.83941650390625,1787483401.2517533
472,1355,p1,selection,248.40476989746094,1787483401.2571213
472,1356,p1,selection,247.62973022460938,1787483401.260768
472,1354,p2,selection,72.63729858398438,1787483401.2654274
472,1355,p2,selection,70.09423065185547,1787483401.2692144
472,1356,p2,selection,71.61544799804688,1787483401.2726986
473,465,p1,turn,16.385242462158203,1787483401.2982318
473,465,p2,turn,22.963525772094727,1787483401.2992506
473,1357,p1,selection,248.56613159179688,1787483401.3049545
473,1358,p1,selection,216.6921844482422,1787483401.310055
473,1359,p1,selection,272.5847473144531,1787483401.3152905
473,1357,p2,selection,69.41321563720703,1787483401.3203127
473,1358,p2,selection,65.86415100097656,1787483401.325151
473,1359,p2,selection,73.54722595214844,1787483401.3300102
474,466,p1,turn,15.512258529663086,1787483401.3766017
474,466,p2,turn,20.436079025268555,1787483401.3774881
474,1360,p1,selection,265.58123779296875,1787483401.382669
474,1361,p1,selection,226.5359649658203,1787483401.3878314
474,1362,p1,selection,257.8288269042969,1787483401.3928435
474,1360,p2,selection,79.57373809814453,1787483401.3977532
474,1361,p2,selection,72.44322204589844,1787483401.4009447
474,1362,p2,selection,62.791847229003906,1787483401.4038756
475,467,p1,turn,19.96432876586914,1787483401.437824
475,467,p2,turn,22.55064582824707,1787483401.438677
475,1363,p1,selection,253.8804931640625,1787483401.443798
475,1364,p1,selection,213.21829223632812,1787483401.449013
475,1365,p1,selection,280.12353515625,1787483401.4541504
475,1363,p2,selection,62.565765380859375,1787483401.4590085
475,1364,p2,selection,70.23802185058594,1787483401.4638267
475,1365,p2,selection,67.55841064453125,1787483401.4693637
476,468,p1,turn,13.003131866455078,1787483401.5051544
476,468,p2,turn,16.667587280273438,1787483401.5057812
476,1366,p1,selection,280.13140869140625,1787483401.5087628
476,1367,p1,selection,228.21726989746094,1787483401.511789
476,1368,p1,selection,255.21946716308594,1787483401.514833
476,1366,p2,selection,71.1041488647461,1787483401.5178833
476,1367,p2,selection,58.30938720703125,1787483401.52084
476,1368,p2,selection,66.77068328857422,1787483401.5236936
477,469,p1,turn,14.588688850402832,1787483401.5495439
477,469,p2,turn,27.440961837768555,1787483401.5505092
477,1369,p1,selection,257.4828186035156,1787483401.5557272
477,1370,p1,selection,218.64517211914062,1787483401.5608692
477,1371,p1,selection,289.7578125,1787483401.5659885
477,1369,p2,selection,69.20722961425781,1787483401.571608
477,1370,p2,selection,64.76445007324219,1787483401.576767
477,1371,p2,selection,75.5093002319336,1787483401.5818594
478,470,p1,turn,18.168437957763672,1787483401.6278708
478,470,p2,turn,24.511760711669922,1787483401.6284552
478,1372,p1,selection,243.03656005859375,1787483401.6336367
478,1373,p1,selection,289.2955322265625,1787483401.6392472
478,1374,p1,selection,301.596435546875,1787483401.644554
478,1372,p2,selection,72.99079895019531,1787483401.6498325
478,1373,p2,selection,69.27564239501953,1787483401.655003
478,1374,p2,selection,72.88355255126953,1787483401.6598141
479,471,p1,turn,20.509281158447266,1787483401.7028685
479,471,p2,turn,16.43086814880371,1787483401.7035558
479,1375,p1,selection,307.9809265136719,1787483401.7066426
479,1376,p1,selection,214.69122314453125,1787483401.7092288
479,1377,p1,selection,245.5472412109375,1787483401.711683
479,1375,p2,selection,70.25108337402344,1787483401.7151957
479,1376,p2,selection,74.45260620117188,1787483401.718559
479,1377,p2,selection,73.0445556640625,1787483401.7218823
480,472,p1,turn,13.5850830078125,1787483401.7580972
480,472,p2,turn,21.094562530517578,1787483401.759015
480,1378,p1,selection,240.22865295410156,1787483401.7641723
480,1379,p1,selection,265.39208984375,1787483401.7696078
480,1380,p1,selection,246.31552124023438,1787483401.7747111
480,1378,p2,selection,64.5472412109375,1787483401.7795286
480,1379,p2,selection,80.16460418701172,1787483401.784376
480,1380,p2,selection,72.51719665527344,1787483401.7892642
481,473,p1,turn,16.857704162597656,1787483401.8381202
481,473,p2,turn,27.819961547851562,1787483401.8389409
481,1381,p1,selection,260.5720520019531,1787483401.8450246
481,1382,p1,selection,269.1098327636719,1787483401.8520732
481,1383,p1,selection,226.25404357910156,1787483401.860164
481,1381,p2,selection,66.04606628417969,1787483401.8667772
481,1382,p2,selection,73.60076904296875,1787483401.8743894
481,1383,p2,selection,57.584739685058594,1787483401.880581
482,474,p1,turn,21.204978942871094,1787483401.9403908
482,474,p2,turn,21.45435333251953,1787483401.9414709
482,1384,p1,selection,241.1455841064453,1787483401.9476352
482,1385,p1,selection,231.80874633789062,1787483401.954179
482,1386,p1,selection,250.1206817626953,1787483401.9609034
482,1384,p2,selection,63.18714904785156,1787483401.9676752
482,1385,p2,selection,69.56541442871094,1787483401.9737213
482,1386,p2,selection,68.513427734375,1787483401.9796073
483,475,p1,turn,19.222522735595703,1787483402.0406148
483,475,p2,turn,28.478595733642578,1787483402.042027
483,1387,p1,selection,256.7247314453125,1787483402.049395
483,1388,p1,selection,266.30322265625,1787483402.0554633
483,1389,p1,selection,211.53250122070312,1787483402.0608609
483,1387,p2,selection,72.86957550048828,1787483402.0673215
483,1388,p2,selection,62.24830627441406,1787483402.0732644
483,1389,p2,selection,64.90444946289062,1787483402.079033
484,476,p1,turn,19.601470947265625,1787483402.1312172
484,476,p2,turn,15.845810890197754,1787483402.1323159
484,1390,p1,selection,199.57315063476562,1787483402.136031
484,1391,p1,selection,239.53500366210938,1787483402.1395879
484,1392,p1,selection,282.23944091796875,1787483402.1454198
484,1390,p2,selection,71.73908233642578,1787483402.1517134
484,1391,p2,selection,56.338661193847656,1787483402.1577919
484,1392,p2,selection,65.5252456665039,1787483402.1634467
485,477,p1,turn,15.476377487182617,1787483402.2121542
485,477,p2,turn,19.497440338134766,1787483402.2131615
485,1393,p1,selection,248.8709259033203,1787483402.217717
485,1394,p1,selection,221.58734130859375,1787483402.2211058
485,1395,p1,selection,256.3905944824219,1787483402.224452
485,1393,p2,selection,77.56965637207031,1787483402.2275724
485,1394,p2,selection,64.81101989746094,1787483402.2308881
485,1395,p2,selection,63.07207489013672,1787483402.2345538
486,478,p1,turn,16.22460174560547,1787483402.2685513
486,478,p2,turn,23.326595306396484,1787483402.2695
486,1396,p1,selection,241.4384765625,1787483402.2750344
486,1397,p1,selection,287.9032897949219,1787483402.2803748
486,1398,p1,selection,258.9989013671875,1787483402.2864716
486,1396,p2,selection,73.95085144042969,1787483402.2920222
486,1397,p2,selection,77.04740142822266,1787483402.2973287
486,1398,p2,selection,69.12727355957031,1787483402.3033285
487,479,p1,turn,15.082117080688477,1787483402.3442466
487,479,p2,turn,20.901103973388672,1787483402.3449433
487,1399,p1,selection,278.31414794921875,1787483402.3483732
487,1400,p1,selection,261.65380859375,1787483402.353942
487,1401,p1,selection,263.9515380859375,1787483402.3596232
487,1399,p2,selection,57.1365966796875,1787483402.3640184
487,1400,p2,selection,77.12284088134766,1787483402.3697445
487,1401,p2,selection,66.35435485839844,1787483402.3763611
488,480,p1,turn,16.211030960083008,1787483402.4211135
488,480,p2,turn,19.3070011138916,1787483402.4218318
488,1402,p1,selection,242.24803161621094,1787483402.4253397
488,1403,p1,selection,244.96701049804688,1787483402.4288006
488,1404,p1,selection,275.5599365234375,1787483402.4333146
488,1402,p2,selection,69.97702026367188,1787483402.438428
488,1403,p2,selection,72.07984924316406,1787483402.4433267
488,1404,p2,selection,74.7911376953125,1787483402.4483917
489,481,p1,turn,17.480134963989258,1787483402.4964998
489,481,p2,turn,19.876880645751953,1787483402.4974527
489,1405,p1,selection,240.42587280273438,1787483402.5029242
489,1406,p1,selection,270.9912414550781,1787483402.50805
489,1407,p1,selection,201.08535766601562,1787483402.513164
489,1405,p2,selection,74.20452117919922,1787483402.518082
489,1406,p2,selection,72.22315979003906,1787483402.522956
489,1407,p2,selection,67.13133239746094,1787483402.5277445
490,482,p1,turn,20.93456268310547,1787483402.5804327
490,482,p2,turn,18.774517059326172,1787483402.581395
490,1408,p1,selection,211.93316650390625,1787483402.5867238
490,1409,p1,selection,243.93296813964844,1787483402.5918412
490,1410,p1,selection,228.6099853515625,1787483402.5968168
490,1408,p2,selection,65.10295104980469,1787483402.6015098
490,1409,p2,selection,67.68476104736328,1787483402.6061945
490,1410,p2,selection,64.0186538696289,1787483402.610821
491,483,p1,turn,19.606279373168945,1787483402.6386175
491,483,p2,turn,20.055835723876953,1787483402.6395702
491,1411,p1,selection,244.92178344726562,1787483402.6446407
491,1412,p1,selection,253.00479125976562,1787483402.6496906
491,1413,p1,selection,281.552490234375,1787483402.654656
491,1411,p2,selection,68.96466827392578,1787483402.659373
491,1412,p2,selection,73.44859313964844,1787483402.6640096
491,1413,p2,selection,64.78083038330078,1787483402.6690822
492,484,p1,turn,20.186431884765625,1787483402.7120886
492,484,p2,turn,18.917306900024414,1787483402.7129261
492,1414,p1,selection,246.48977661132812,1787483402.7180262
492,1415,p1,selection,190.1651153564453,1787483402.7234578
492,1416,p1,selection,230.7972869873047,1787483402.7299004
492,1414,p2,selection,67.88117980957031,1787483402.7344162
492,1415,p2,selection,64.50627136230469,1787483402.7369914
492,1416,p2,selection,72.19650268554688,1787483402.739345
493,485,p1,turn,23.738595962524414,1787483402.7927575
493,485,p2,turn,23.55199432373047,1787483402.7936332
493,1417,p1,selection,232.69313049316406,1787483402.7992187
493,1418,p1,selection,255.87547302246094,1787483402.806285
493,1419,p1,selection,218.13816833496094,1787483402.8121107
493,1417,p2,selection,68.1357650756836,1787483402.8174417
493,1418,p2,selection,73.97773742675781,1787483402.8222778
493,1419,p2,selection,73.65092468261719,1787483402.8254797
494,486,p1,turn,21.39519691467285,1787483402.8499408
494,486,p2,turn,20.7412109375,1787483402.8506162
494,1420,p1,selection,259.27587890625,1787483402.8542695
494,1421,p1,selection,258.7805480957031,1787483402.8596625
494,1422,p1,selection,243.1863250732422,1787483402.8653896
494,1420,p2,selection,69.49969482421875,1787483402.8707225
494,1421,p2,selection,70.48323059082031,1787483402.8758187
494,1422,p2,selection,74.30374908447266,1787483402.8808885
495,487,p1,turn,17.319360733032227,1787483402.9664242
495,487,p2,turn,16.947954177856445,1787483402.9671736
495,1423,p1,selection,250.64727783203125,1787483402.970828
495,1424,p1,selection,241.6845703125,1787483402.9745076
495,1425,p1,selection,283.4223327636719,1787483402.9781852
495,1423,p2,selection,67.2530288696289,1787483402.9823854
495,1424,p2,selection,66.54304504394531,1787483402.9862444
495,1425,p2,selection,66.73370361328125,1787483402.9901025
496,488,p1,turn,13.881603240966797,1787483403.0147896
496,488,p2,turn,17.24532127380371,1787483403.0154629
496,1426,p1,selection,238.3444366455078,1787483403.0189543
496,1427,p1,selection,284.8401794433594,1787483403.0246975
496,1428,p1,selection,249.96875,1787483403.0309303
496,1426,p2,selection,72.68636322021484,1787483403.037302
496,1427,p2,selection,68.98018646240234,1787483403.042983
496,1428,p2,selection,80.18148803710938,1787483403.0488257
497,489,p1,turn,13.748520851135254,1787483403.1103854
497,489,p2,turn,22.57564353942871,1787483403.111514
497,1429,p1,selection,239.39230346679688,1787483403.1211872
497,1430,p1,selection,250.8775634765625,1787483403.1285307
497,1431,p1,selection,290.3299865722656,1787483403.136001
497,1429,p2,selection,59.88030242919922,1787483403.1422753
497,1430,p2,selection,59.8187370300293,1787483403.1480374
497,1431,p2,selection,79.66962432861328,1787483403.1552632
498,490,p1,turn,19.343238830566406,1787483403.221383
498,490,p2,turn,14.928322792053223,1787483403.2225583
498,1432,p1,selection,241.34829711914062,1787483403.2298834
498,1433,p1,selection,250.89047241210938,1787483403.2367125
498,1434,p1,selection,285.7315673828125,1787483403.2435164
498,1432,p2,selection,71.01222229003906,1787483403.2503266
498,1433,p2,selection,73.20574188232422,1787483403.2566953
498,1434,p2,selection,58.149452209472656,1787483403.263075
499,491,p1,turn,15.490280151367188,1787483403.3204913
499,491,p2,turn,24.55872917175293,1787483403.3215184
499,1435,p1,selection,222.15550231933594,1787483403.3276317
499,1436,p1,selection,272.4140625,1787483403.3340254
499,1437,p1,selection,255.23130798339844,1787483403.3400478
499,1435,p2,selection,69.16827392578125,1787483403.3458946
499,1436,p2,selection,67.52925109863281,1787483403.3520586
499,1437,p2,selection,65.70648193359375,1787483403.358105
500,492,p1,turn,21.289289474487305,1787483403.4152527
500,492,p2,turn,19.244535446166992,1787483403.4162705
500,1438,p1,selection,254.17825317382812,1787483403.422624
500,1439,p1,selection,259.5972595214844,1787483403.428584
500,1440,p1,selection,267.7181701660156,1787483403.4332175
500,1438,p2,selection,62.08928680419922,1787483403.4365473
500,1439,p2,selection,66.24079132080078,1787483403.4399557
500,1440,p2,selection,69.08773040771484,1787483403.4432817
501,493,p1,turn,17.690914154052734,1787483403.4938288
501,493,p2,turn,18.809959411621094,1787483403.4949157
501,1441,p1,selection,230.4465789794922,1787483403.5018697
501,1442,p1,selection,270.2151184082031,1787483403.5079818
501,1443,p1,selection,214.60353088378906,1787483403.5153303
501,1441,p2,selection,75.82782745361328,1787483403.5213373
501,1442,p2,selection,68.93800354003906,1787483403.528503
501,1443,p2,selection,72.70670318603516,1787483403.534653
502,494,p1,turn,21.986534118652344,1787483403.5846453
502,494,p2,turn,13.53499984741211,1787483403.585754
502,1444,p1,selection,236.437744140625,1787483403.5920203
502,1445,p1,selection,235.4781951904297,1787483403.5988019
502,1446,p1,selection,249.52578735351562,1787483403.6053176
502,1444,p2,selection,60.6654052734375,1787483403.6112187
502,1445,p2,selection,62.93646240234375,1787483403.6176383
502,1446,p2,selection,76.28115844726562,1787483403.6232648
503,495,p1,turn,20.82059669494629,1787483403.6751428
503,495,p2,turn,24.666994094848633,1787483403.6761615
503,1447,p1,selection,255.1077423095703,1787483403.681725
503,1448,p1,selection,233.2867431640625,1787483403.6875274
503,1449,p1,selection,248.1787109375,1787483403.6910672
503,1447,p2,selection,68.75676727294922,1787483403.6943617
503,1448,p2,selection,66.02473449707031,1787483403.6978433
503,1449,p2,selection,68.63094329833984,1787483403.7013383
504,496,p1,turn,17.3336181640625,1787483403.727358
504,496,p2,turn,30.00393295288086,1787483403.7280583
504,1450,p1,selection,242.6789093017578,1787483403.7320917
504,1451,p1,selection,265.0971374511719,1787483403.7379143
504,1452,p1,selection,220.27511596679688,1787483403.7437675
504,1450,p2,selection,68.91382598876953,1787483403.7499971
504,1451,p2,selection,70.62028503417969,1787483403.7555459
504,1452,p2,selection,61.533477783203125,1787483403.7608519
505,497,p1,turn,21.990034103393555,1787483403.8101099
505,497,p2,turn,23.881359100341797,1787483403.8111284
505,1453,p1,selection,254.4051513671875,1787483403.8175466
505,1454,p1,selection,279.1001281738281,1787483403.8250499
505,1455,p1,selection,244.6754150390625,1787483403.8322055
505,1453,p2,selection,59.21542739868164,1787483403.8380609
505,1454,p2,selection,76.19102478027344,1787483403.8439205
505,1455,p2,selection,75.47899627685547,1787483403.8502767
506,498,p1,turn,15.22867488861084,1787483403.9117184
506,498,p2,turn,22.8555908203125,1787483403.9126964
506,1456,p1,selection,225.79824829101562,1787483403.9191024
506,1457,p1,selection,190.5605926513672,1787483403.926796
506,1458,p1,selection,242.22866821289062,1787483403.9335783
506,1456,p2,selection,70.23806762695312,1787483403.939169
506,1457,p2,selection,61.46375274658203,1787483403.9454508
506,1458,p2,selection,74.02072143554688,1787483403.9512484
507,499,p1,turn,13.005556106567383,1787483403.9924934
507,499,p2,turn,18.31243324279785,1787483403.9932365
507,1459,p1,selection,267.8104553222656,1787483403.9969516
507,1460,p1,selection,287.5750427246094,1787483404.0010107
507,1461,p1,selection,222.0362548828125,1787483404.0044312
507,1459,p2,selection,69.48749542236328,1787483404.007759
507,1460,p2,selection,65.2929916381836,1787483404.0109806
507,1461,p2,selection,71.04718780517578,1787483404.014475
508,500,p1,turn,14.625608444213867,1787483404.05282
508,500,p2,turn,24.16682243347168,1787483404.0538268
508,1462,p1,selection,286.8208923339844,1787483404.0596154
508,1463,p1,selection,252.51812744140625,1787483404.0648954
508,1464,p1,selection,240.8904571533203,1787483404.0696201
508,1462,p2,selection,62.9989013671875,1787483404.0735488
508,1463,p2,selection,64.23147583007812,1787483404.0775676
508,1464,p2,selection,66.43560028076172,1787483404.0816472
509,501,p1,turn,20.675209045410156,1787483404.1073499
509,501,p2,turn,16.00896453857422,1787483404.1080604
509,1465,p1,selection,249.81192016601562,1787483404.1115072
509,1466,p1,selection,256.162841796875,1787483404.1151645
509,1467,p1,selection,237.43370056152344,1787483404.118721
509,1465,p2,selection,59.98788070678711,1787483404.1220133
509,1466,p2,selection,70.1436767578125,1787483404.1253297
509,1467,p2,selection,63.116085052490234,1787483404.1286838
510,502,p1,turn,21.004928588867188,1787483404.1626787
510,502,p2,turn,25.69099998474121,1787483404.1634696
510,1468,p1,selection,284.4295654296875,1787483404.1715317
510,1469,p1,selection,272.5638427734375,1787483404.1789565
510,1470,p1,selection,206.784912109375,1787483404.1865056
510,1468,p2,selection,76.48863220214844,1787483404.1927378
510,1469,p2,selection,59.40968704223633,1787483404.1998918
510,1470,p2,selection,63.39794158935547,1787483404.2075284
511,503,p1,turn,19.151512145996094,1787483404.2640955
511,503,p2,turn,19.806106567382812,1787483404.265262
511,1471,p1,selection,245.48138427734375,1787483404.27229
511,1472,p1,selection,229.24244689941406,1787483404.2802212
511,1473,p1,selection,261.44012451171875,1787483404.28717
511,1471,p2,selection,65.642822265625,1787483404.2932508
511,1472,p2,selection,77.19985961914062,1787483404.297121
511,1473,p2,selection,63.59261703491211,1787483404.301383
512,504,p1,turn,22.622936248779297,1787483404.3507288
512,504,p2,turn,17.410015106201172,1787483404.351723
512,1474,p1,selection,260.4281311035156,1787483404.3573275
512,1475,p1,selection,221.2325439453125,1787483404.362849
512,1476,p1,selection,244.83810424804688,1787483404.3686671
512,1474,p2,selection,71.05216979980469,1787483404.374056
512,1475,p2,selection,68.86334228515625,1787483404.3793325
512,1476,p2,selection,56.91914367675781,1787483404.384769
513,505,p1,turn,20.81256675720215,1787483404.4279277
513,505,p2,turn,23.401981353759766,1787483404.428905
513,1477,p1,selection,231.77197265625,1787483404.4347048
513,1478,p1,selection,222.23159790039062,1787483404.4405918
513,1479,p1,selection,235.6974334716797,1787483404.4459095
513,1477,p2,selection,69.88306427001953,1787483404.4513073
513,1478,p2,selection,71.04887390136719,1787483404.4566722
513,1479,p2,selection,62.92515563964844,1787483404.4617262
514,506,p1,turn,20.550331115722656,1787483404.5234203
514,506,p2,turn,20.684370040893555,1787483404.524557
514,1480,p1,selection,255.3926239013672,1787483404.5323808
514,1481,p1,selection,223.77777099609375,1787483404.5399232
514,1482,p1,selection,269.98931884765625,1787483404.5480928
514,1480,p2,selection,77.97185516357422,1787483404.5558991
514,1481,p2,selection,62.10850524902344,1787483404.56387
514,1482,p2,selection,63.11372375488281,1787483404.5708432
515,507,p1,turn,18.689510345458984,1787483404.6268928
515,507,p2,turn,24.82493019104004,1787483404.6279428
515,1483,p1,selection,243.79806518554688,1787483404.6351144
515,1484,p1,selection,224.9229736328125,1787483404.6415825
515,1485,p1,selection,280.25018310546875,1787483404.6484973
515,1483,p2,selection,61.850093841552734,1787483404.6547022
515,1484,p2,selection,69.61483764648438,1787483404.6608622
515,1485,p2,selection,70.77693176269531,1787483404.6677866
516,508,p1,turn,19.47507095336914,1787483404.7252727
516,508,p2,turn,19.407958984375,1787483404.7263007
516,1486,p1,selection,286.4307861328125,1787483404.732646
516,1487,p1,selection,248.8021240234375,1787483404.739107
516,1488,p1,selection,183.96115112304688,1787483404.7450817
516,1486,p2,selection,72.1492919921875,1787483404.7509317
516,1487,p2,selection,80.1932601928711,1787483404.7566874
516,1488,p2,selection,66.21669006347656,1787483404.7620716
517,509,p1,turn,15.50369930267334,1787483404.8158529
517,509,p2,turn,21.975828170776367,1787483404.816865
517,1489,p1,selection,266.9500732421875,1787483404.8235102
517,1490,p1,selection,226.50906372070312,1787483404.8299532
517,1491,p1,selection,227.85560607910156,1787483404.836237
517,1489,p2,selection,71.46450805664062,1787483404.8416233
517,1490,p2,selection,61.047218322753906,1787483404.847101
517,1491,p2,selection,68.4111328125,1787483404.8528094
518,510,p1,turn,15.826303482055664,1787483404.9006438
518,510,p2,turn,24.03536605834961,1787483404.9013789
518,1492,p1,selection,310.1917724609375,1787483404.906784
518,1493,p1,selection,251.77603149414062,1787483404.912469
518,1494,p1,selection,239.73837280273438,1787483404.918089
518,1492,p2,selection,60.70636749267578,1787483404.9232776
518,1493,p2,selection,71.11373138427734,1787483404.9283144
518,1494,p2,selection,70.01445770263672,1787483404.933671
519,511,p1,turn,17.99918556213379,1787483404.9812217
519,511,p2,turn,24.71299934387207,1787483404.982171
519,1495,p1,selection,248.6753387451172,1787483405.0069697
519,1496,p1,selection,200.9671173095703,1787483405.0273037
519,1497,p1,selection,263.9299621582031,1787483405.0318167
519,1495,p2,selection,56.945003509521484,1787483405.0443063
519,1496,p2,selection,66.11730194091797,1787483405.0481546
519,1497,p2,selection,72.84884643554688,1787483405.051444
520,512,p1,turn,18.154516220092773,1787483405.0761118
520,512,p2,turn,16.87774658203125,1787483405.0770693
520,1498,p1,selection,230.43846130371094,1787483405.0833225
520,1499,p1,selection,221.9007568359375,1787483405.0900607
520,1500,p1,selection,242.98638916015625,1787483405.0962825
520,1498,p2,selection,76.55506896972656,1787483405.1023839
520,1499,p2,selection,70.35867309570312,1787483405.1095877
520,1500,p2,selection,68.86402130126953,1787483405.1161985
521,513,p1,turn,13.072404861450195,1787483405.151403
521,513,p2,turn,14.526735305786133,1787483405.1524417
521,1501,p1,selection,223.53256225585938,1787483405.15947
521,1502,p1,selection,243.29446411132812,1787483405.1667397
521,1503,p1,selection,258.9178466796875,1787483405.1741729
521,1501,p2,selection,63.73779296875,1787483405.181472
521,1502,p2,selection,63.99764633178711,1787483405.1881301
521,1503,p2,selection,75.46817016601562,1787483405.1952412
522,514,p1,turn,17.446243286132812,1787483405.247755
522,514,p2,turn,22.111223220825195,1787483405.248737
522,1504,p1,selection,262.28350830078125,1787483405.2546084
522,1505,p1,selection,207.50750732421875,1787483405.260168
522,1506,p1,selection,247.44775390625,1787483405.2658415
522,1504,p2,selection,63.3613166809082,1787483405.2715702
522,1505,p2,selection,62.37567901611328,1787483405.2767782
522,1506,p2,selection,63.86762237548828,1787483405.2793815
523,515,p1,turn,13.730929374694824,1787483405.3313177
523,515,p2,turn,31.300811767578125,1787483405.3323176
523,1507,p1,selection,243.7394256591797,1787483405.339091
523,1508,p1,selection,224.6146240234375,1787483405.3452175
523,1509,p1,selection,230.20269775390625,1787483405.349234
523,1507,p2,selection,66.76400756835938,1787483405.3528183
523,1508,p2,selection,68.27944946289062,1787483405.3561199
523,1509,p2,selection,63.13124084472656,1787483405.3595548
524,516,p1,turn,24.868518829345703,1787483405.411715
524,516,p2,turn,18.96807289123535,1787483405.412679
524,1510,p1,selection,280.8706359863281,1787483405.4185402
524,1511,p1,selection,250.94456481933594,1787483405.4245458
524,1512,p1,selection,287.9604187011719,1787483405.4302733
524,1510,p2,selection,69.1360092163086,1787483405.4357939
524,1511,p2,selection,62.67698287963867,1787483405.4411073
524,1512,p2,selection,60.84840774536133,1787483405.4462433
525,517,p1,turn,15.372714042663574,1787483405.4880426
525,517,p2,turn,17.569332122802734,1787483405.488761
525,1513,p1,selection,263.01629638671875,1787483405.492041
525,1514,p1,selection,211.71786499023438,1787483405.4952514
525,1515,p1,selection,254.26658630371094,1787483405.5012155
525,1513,p2,selection,70.92654418945312,1787483405.5069225
525,1514,p2,selection,61.76411437988281,1787483405.5121996
525,1515,p2,selection,68.22439575195312,1787483405.5181413
526,518,p1,turn,22.006542205810547,1787483405.5659587
526,518,p2,turn,16.037464141845703,1787483405.5667305
526,1516,p1,selection,246.95848083496094,1787483405.5701563
526,1517,p1,selection,251.07696533203125,1787483405.5760148
526,1518,p1,selection,226.1272735595703,1787483405.5819771
526,1516,p2,selection,71.10145568847656,1787483405.587863
526,1517,p2,selection,77.56959533691406,1787483405.593306
526,1518,p2,selection,65.81671905517578,1787483405.5990417
527,519,p1,turn,20.137800216674805,1787483405.6483529
527,519,p2,turn,24.472225189208984,1787483405.648965
527,1519,p1,selection,272.2172546386719,1787483405.6515608
527,1520,p1,selection,243.654052734375,1787483405.6539927
527,1521,p1,selection,208.45872497558594,1787483405.6563528
527,1519,p2,selection,72.42872619628906,1787483405.6587496
527,1520,p2,selection,67.2768325805664,1787483405.6612387
527,1521,p2,selection,71.71736145019531,1787483405.6645038
528,520,p1,turn,15.384004592895508,1787483405.6976762
528,520,p2,turn,19.14760971069336,1787483405.6986396
528,1522,p1,selection,256.9737854003906,1787483405.7042603
528,1523,p1,selection,243.3996124267578,1787483405.709435
528,1524,p1,selection,226.62057495117188,1787483405.7147744
528,1522,p2,selection,72.2513656616211,1787483405.7203035
528,1523,p2,selection,71.57270812988281,1787483405.725775
528,1524,p2,selection,58.46169662475586,1787483405.731202
529,521,p1,turn,21.83416175842285,1787483405.7691624
529,521,p2,turn,19.23821449279785,1787483405.7698708
529,1525,p1,selection,237.357666015625,1787483405.7732847
529,1526,p1,selection,230.76113891601562,1787483405.7764516
529,1527,p1,selection,271.0939025878906,1787483405.7796323
529,1525,p2,selection,69.09272766113281,1787483405.783278
529,1526,p2,selection,63.87527847290039,1787483405.786619
529,1527,p2,selection,70.38983154296875,1787483405.7897854
530,522,p1,turn,17.44197654724121,1787483405.8352482
530,522,p2,turn,20.273330688476562,1787483405.8361971
530,1528,p1,selection,217.51605224609375,1787483405.8416128
530,1529,p1,selection,245.71356201171875,1787483405.8468363
530,1530,p1,selection,254.25869750976562,1787483405.8526564
530,1528,p2,selection,65.4501953125,1787483405.8583772
530,1529,p2,selection,72.68463134765625,1787483405.86389
530,1530,p2,selection,67.26571655273438,1787483405.869728
531,523,p1,turn,12.792981147766113,1787483405.9065104
531,523,p2,turn,30.790966033935547,1787483405.90745
531,1531,p1,selection,251.0347900390625,1787483405.9127276
531,1532,p1,selection,250.32215881347656,1787483405.9182684
531,1533,p1,selection,275.86590576171875,1787483405.9235108
531,1531,p2,selection,69.6841812133789,1787483405.9284322
531,1532,p2,selection,61.177032470703125,1787483405.9342892
531,1533,p2,selection,58.71739196777344,1787483405.939394
532,524,p1,turn,18.647804260253906,1787483405.9833393
532,524,p2,turn,16.902816772460938,1787483405.9840598
532,1534,p1,selection,268.64080810546875,1787483405.987137
532,1535,p1,selection,247.14425659179688,1787483405.9902349
532,1536,p1,selection,276.02630615234375,1787483405.993195
532,1534,p2,selection,72.63687896728516,1787483405.9962096
532,1535,p2,selection,67.35570526123047,1787483406.0001626
532,1536,p2,selection,59.546913146972656,1787483406.0033956
533,525,p1,turn,20.36878776550293,1787483406.0269284
533,525,p2,turn,28.768417358398438,1787483406.0275848
533,1537,p1,selection,246.44802856445312,1787483406.0338998
533,1538,p1,selection,262.7131042480469,1787483406.0396292
533,1539,p1,selection,217.8157501220703,1787483406.0450118
533,1537,p2,selection,66.45986938476562,1787483406.0507543
533,1538,p2,selection,78.44389343261719,1787483406.0560977
533,1539,p2,selection,60.595855712890625,1787483406.0612128
534,526,p1,turn,20.810970306396484,1787483406.1112707
534,526,p2,turn,27.9393253326416,1787483406.1122406
534,1540,p1,selection,251.0944366455078,1787483406.1188776
534,1541,p1,selection,308.89459228515625,1787483406.12494
534,1542,p1,selection,280.0108947753906,1787483406.131701
534,1540,p2,selection,62.95246887207031,1787483406.1373348
534,1541,p2,selection,56.56741714477539,1787483406.1432793
534,1542,p2,selection,72.37387084960938,1787483406.1500587
535,527,p1,turn,14.46004867553711,1787483406.2043529
535,527,p2,turn,19.056846618652344,1787483406.205305
535,1543,p1,selection,235.69247436523438,1787483406.2110271
535,1544,p1,selection,266.0311279296875,1787483406.2167082
535,1545,p1,selection,276.37725830078125,1787483406.220725
535,1543,p2,selection,75.88626861572266,1787483406.2242067
535,1544,p2,selection,64.982421875,1787483406.2275481
535,1545,p2,selection,61.74980926513672,1787483406.2326446
536,528,p1,turn,14.683211326599121,1787483406.2849243
536,528,p2,turn,24.724546432495117,1787483406.2860014
536,1546,p1,selection,310.2164611816406,1787483406.2919216
536,1547,p1,selection,233.615234375,1787483406.2975423
536,1548,p1,selection,243.6890869140625,1787483406.3031876
536,1546,p2,selection,71.09558868408203,1787483406.3088095
536,1547,p2,selection,60.35907745361328,1787483406.3149343
536,1548,p2,selection,70.25784301757812,1787483406.3209887
537,529,p1,turn,16.56819725036621,1787483406.376882
537,529,p2,turn,18.71338653564453,1787483406.3778262
537,1549,p1,selection,234.7884979248047,1787483406.3844202
537,1550,p1,selection,196.0640106201172,1787483406.3915234
537,1551,p1,selection,228.74020385742188,1787483406.3973923
537,1549,p2,selection,65.89900207519531,1787483406.4018047
537,1550,p2,selection,62.76577377319336,1787483406.405975
537,1551,p2,selection,71.70525360107422,1787483406.4097745
538,530,p1,turn,19.91828155517578,1787483406.4343688
538,530,p2,turn,17.947425842285156,1787483406.4350526
538,1552,p1,selection,290.28173828125,1787483406.4399202
538,1553,p1,selection,215.3826904296875,1787483406.4458134
538,1554,p1,selection,228.84324645996094,1787483406.4519572
538,1552,p2,selection,66.67662048339844,1787483406.457434
538,1553,p2,selection,61.145835876464844,1787483406.4635456
538,1554,p2,selection,71.79042053222656,1787483406.4703076
539,531,p1,turn,13.211103439331055,1787483406.5252964
539,531,p2,turn,24.905563354492188,1787483406.5262458
539,1555,p1,selection,207.40411376953125,1787483406.532434
539,1556,p1,selection,172.22549438476562,1787483406.5389245
539,1557,p1,selection,223.6675262451172,1787483406.5452707
539,1555,p2,selection,66.07048034667969,1787483406.549593
539,1556,p2,selection,66.9957275390625,1787483406.5532012
539,1557,p2,selection,72.22885131835938,1787483406.5565343
540,532,p1,turn,21.097871780395508,1787483406.5819407
540,532,p2,turn,23.084299087524414,1787483406.5826082
540,1558,p1,selection,255.905029296875,1787483406.5860074
540,1559,p1,selection,284.0792541503906,1787483406.5896144
540,1560,p1,selection,251.27000427246094,1787483406.593116
540,1558,p2,selection,63.37525939941406,1787483406.5971296
540,1559,p2,selection,67.5478286743164,1787483406.601603
540,1560,p2,selection,66.60680389404297,1787483406.607504
541,533,p1,turn,11.918099403381348,1787483406.6448038
541,533,p2,turn,22.504241943359375,1787483406.645504
541,1561,p1,selection,224.8294677734375,1787483406.6490607
541,1562,p1,selection,238.6586456298828,1787483406.6524284
541,1563,p1,selection,251.65016174316406,1787483406.6556056
541,1561,p2,selection,63.91095733642578,1787483406.658773
541,1562,p2,selection,65.61631774902344,1787483406.6623237
541,1563,p2,selection,70.43276977539062,1787483406.6662254
542,534,p1,turn,15.929450988769531,1787483406.6887648
542,534,p2,turn,16.128559112548828,1787483406.689397
542,1564,p1,selection,223.78591918945312,1787483406.6930325
542,1565,p1,selection,252.72589111328125,1787483406.696936
542,1566,p1,selection,222.07420349121094,1787483406.701139
542,1564,p2,selection,56.36753845214844,1787483406.7045672
542,1565,p2,selection,68.40864562988281,1787483406.7086835
542,1566,p2,selection,75.15853881835938,1787483406.7121248
543,535,p1,turn,18.778121948242188,1787483406.7640142
543,535,p2,turn,27.58868408203125,1787483406.7649949
543,1567,p1,selection,280.7791748046875,1787483406.771799
543,1568,p1,selection,220.87648010253906,1787483406.7781367
543,1569,p1,selection,188.75955200195312,1787483406.783119
543,1567,p2,selection,60.85853958129883,1787483406.7868853
543,1568,p2,selection,56.91588592529297,1787483406.7906742
543,1569,p2,selection,67.53958129882812,1787483406.794067
544,536,p1,turn,16.036754608154297,1787483406.831994
544,536,p2,turn,14.762859344482422,1787483406.833027
544,1570,p1,selection,268.13092041015625,1787483406.839555
544,1571,p1,selection,219.6320343017578,1787483406.8458705
544,1572,p1,selection,183.26287841796875,1787483406.8527253
544,1570,p2,selection,67.5439453125,1787483406.858822
544,1571,p2,selection,66.90684509277344,1787483406.865214
544,1572,p2,selection,64.86114501953125,1787483406.8713136
545,537,p1,turn,19.232187271118164,1787483406.918356
545,537,p2,turn,25.122766494750977,1787483406.9190137
545,1573,p1,selection,206.9654083251953,1787483406.9223328
545,1574,p1,selection,274.9432678222656,1787483406.927052
545,1575,p1,selection,276.9586486816406,1787483406.9317195
545,1573,p2,selection,66.92945098876953,1787483406.935054
545,1574,p2,selection,74.09137725830078,1787483406.9381394
545,1575,p2,selection,64.50691986083984,1787483406.9411793
546,538,p1,turn,16.804052352905273,1787483406.9661012
546,538,p2,turn,24.19363021850586,1787483406.9668837
546,1576,p1,selection,260.2451477050781,1787483406.9732962
546,1577,p1,selection,252.49490356445312,1787483406.9791973
546,1578,p1,selection,222.51051330566406,1787483406.985111
546,1576,p2,selection,61.315879821777344,1787483406.990732
546,1577,p2,selection,72.401611328125,1787483406.9964213
546,1578,p2,selection,74.29473876953125,1787483407.001219
547,539,p1,turn,15.498373031616211,1787483407.0295045
547,539,p2,turn,15.3839111328125,1787483407.0305367
547,1579,p1,selection,205.62147521972656,1787483407.0377262
547,1580,p1,selection,292.0243835449219,1787483407.044612
547,1581,p1,selection,204.066162109375,1787483407.0548434
547,1579,p2,selection,60.97236633300781,1787483407.061622
547,1580,p2,selection,66.05472564697266,1787483407.071998
547,1581,p2,selection,64.558349609375,1787483407.0800097
548,540,p1,turn,16.50873565673828,1787483407.1496897
548,540,p2,turn,21.918245315551758,1787483407.1507707
548,1582,p1,selection,293.2963562011719,1787483407.158409
548,1583,p1,selection,243.4811248779297,1787483407.1667886
548,1584,p1,selection,242.91531372070312,1787483407.1750243
548,1582,p2,selection,67.3899154663086,1787483407.1834443
548,1583,p2,selection,61.961605072021484,1787483407.1904368
548,1584,p2,selection,67.30364227294922,1787483407.1956024
549,541,p1,turn,21.088829040527344,1787483407.2261145
549,541,p2,turn,20.778278350830078,1787483407.226901
549,1585,p1,selection,228.27801513671875,1787483407.231494
549,1586,p1,selection,235.22683715820312,1787483407.2368252
549,1587,p1,selection,251.70297241210938,1787483407.2413409
549,1585,p2,selection,58.527679443359375,1787483407.245258
549,1586,p2,selection,70.43946075439453,1787483407.2516172
549,1587,p2,selection,65.90312194824219,1787483407.2581668
550,542,p1,turn,18.0259952545166,1787483407.298465
550,542,p2,turn,25.75330352783203,1787483407.2992172
550,1588,p1,selection,239.50718688964844,1787483407.303562
550,1589,p1,selection,243.03086853027344,1787483407.3076596
550,1590,p1,selection,265.58160400390625,1787483407.311338
550,1588,p2,selection,55.64739227294922,1787483407.3168616
550,1589,p2,selection,68.08625793457031,1787483407.3227687
550,1590,p2,selection,69.68565368652344,1787483407.3283014
551,543,p1,turn,19.785625457763672,1787483407.382221
551,543,p2,turn,23.196521759033203,1787483407.3833175
551,1591,p1,selection,237.57887268066406,1787483407.3897462
551,1592,p1,selection,248.88011169433594,1787483407.3958423
551,1593,p1,selection,246.3231201171875,1787483407.4023027
551,1591,p2,selection,69.14505767822266,1787483407.4066923
551,1592,p2,selection,62.332645416259766,1787483407.4099634
551,1593,p2,selection,62.4433479309082,1787483407.4137685
552,544,p1,turn,15.91165828704834,1787483407.4559422
552,544,p2,turn,23.013084411621094,1787483407.4569187
552,1594,p1,selection,256.5957336425781,1787483407.4624586
552,1595,p1,selection,214.5923309326172,1787483407.468438
552,1596,p1,selection,215.88967895507812,1787483407.4743223
552,1594,p2,selection,68.52113342285156,1787483407.4797914
552,1595,p2,selection,53.81303024291992,1787483407.4859042
552,1596,p2,selection,60.056758880615234,1787483407.491725
553,545,p1,turn,20.21924591064453,1787483407.5282176
553,545,p2,turn,16.256715774536133,1787483407.5289133
553,1597,p1,selection,242.88882446289062,1787483407.5343788
553,1598,p1,selection,282.5689697265625,1787483407.5396926
553,1599,p1,selection,309.76446533203125,1787483407.5451026
553,1597,p2,selection,68.79566192626953,1787483407.5504937
553,1598,p2,selection,65.83399963378906,1787483407.5556204
553,1599,p2,selection,73.3512191772461,1787483407.5606458
554,546,p1,turn,16.19241714477539,1787483407.613722
554,546,p2,turn,15.707645416259766,1787483407.6146314
554,1600,p1,selection,258.1431884765625,1787483407.620239
554,1601,p1,selection,264.5491943359375,1787483407.6253548
554,1602,p1,selection,260.4639892578125,1787483407.6306005
554,1600,p2,selection,64.6122055053711,1787483407.635962
554,1601,p2,selection,70.80355072021484,1787483407.6408684
554,1602,p2,selection,69.224365234375,1787483407.6457062
555,547,p1,turn,12.72823429107666,1787483407.6907215
555,547,p2,turn,25.65955924987793,1787483407.6913674
555,1603,p1,selection,231.44114685058594,1787483407.694443
555,1604,p1,selection,223.80296325683594,1787483407.6984587
555,1605,p1,selection,248.78939819335938,1787483407.7039378
555,1603,p2,selection,60.00895690917969,1787483407.7088482
555,1604,p2,selection,71.4771728515625,1787483407.7142122
555,1605,p2,selection,59.574745178222656,1787483407.7194326
556,548,p1,turn,24.609901428222656,1787483407.7651448
556,548,p2,turn,23.37090301513672,1787483407.7660968
556,1606,p1,selection,261.7604064941406,1787483407.7691195
556,1607,p1,selection,245.64393615722656,1787483407.7715936
556,1608,p1,selection,273.5227355957031,1787483407.7748039
556,1606,p2,selection,72.69285583496094,1787483407.7778103
556,1607,p2,selection,62.96067810058594,1787483407.7827187
556,1608,p2,selection,57.95758819580078,1787483407.7880616
557,549,p1,turn,13.536055564880371,1787483407.833052
557,549,p2,turn,25.071765899658203,1787483407.8340044
557,1609,p1,selection,253.41641235351562,1787483407.8389668
557,1610,p1,selection,239.4254913330078,1787483407.843868
557,1611,p1,selection,222.83743286132812,1787483407.8498805
557,1609,p2,selection,66.96858978271484,1787483407.855298
557,1610,p2,selection,62.555580139160156,1787483407.8602061
557,1611,p2,selection,61.96826171875,1787483407.8653133
558,550,p1,turn,14.7723388671875,1787483407.9013586
558,550,p2,turn,19.311738967895508,1787483407.90199
558,1612,p1,selection,262.0923767089844,1787483407.9050033
558,1613,p1,selection,228.286865234375,1787483407.9079823
558,1614,p1,selection,257.4385070800781,1787483407.9109273
558,1612,p2,selection,73.958740234375,1787483407.9164374
558,1613,p2,selection,67.46263885498047,1787483407.921835
558,1614,p2,selection,61.449241638183594,1787483407.9268079
559,551,p1,turn,18.51434326171875,1787483407.973762
559,551,p2,turn,17.390453338623047,1787483407.974395
559,1615,p1,selection,237.03768920898438,1787483407.977944
559,1616,p1,selection,247.34396362304688,1787483407.98179
559,1617,p1,selection,226.13632202148438,1787483407.9854457
559,1615,p2,selection,68.84103393554688,1787483407.990104
559,1616,p2,selection,68.98361206054688,1787483407.9958234
559,1617,p2,selection,62.80052185058594,1787483408.001799
560,552,p1,turn,17.41817283630371,1787483408.0497832
560,552,p2,turn,15.664490699768066,1787483408.0507524
560,1618,p1,selection,240.942626953125,1787483408.0562122
560,1619,p1,selection,240.48788452148438,1787483408.0617206
560,1620,p1,selection,234.55528259277344,1787483408.0674837
560,1618,p2,selection,75.67249298095703,1787483408.07305
560,1619,p2,selection,73.88180541992188,1787483408.0795655
560,1620,p2,selection,60.75107955932617,1787483408.0859365
561,553,p1,turn,14.854330062866211,1787483408.1117613
561,553,p2,turn,15.695056915283203,1787483408.1126347
561,1621,p1,selection,264.8224182128906,1787483408.1190665
561,1622,p1,selection,255.12518310546875,1787483408.1242993
561,1623,p1,selection,217.61843872070312,1787483408.1283195
561,1621,p2,selection,61.57966995239258,1787483408.132157
561,1622,p2,selection,74.11479949951172,1787483408.135863
561,1623,p2,selection,71.64734649658203,1787483408.139311
562,554,p1,turn,21.82781982421875,1787483408.1816912
562,554,p2,turn,21.168428421020508,1787483408.1827593
562,1624,p1,selection,269.1365051269531,1787483408.1937943
562,1625,p1,selection,236.0279083251953,1787483408.2024114
562,1626,p1,selection,248.35150146484375,1787483408.211664
562,1624,p2,selection,70.42929077148438,1787483408.219347
562,1625,p2,selection,68.77058410644531,1787483408.2278383
562,1626,p2,selection,70.14454650878906,1787483408.2372406
563,555,p1,turn,13.107038497924805,1787483408.2984068
563,555,p2,turn,19.139480590820312,1787483408.2993507
563,1627,p1,selection,265.80804443359375,1787483408.3030372
563,1628,p1,selection,248.87948608398438,1787483408.3063543
563,1629,p1,selection,248.8230743408203,1787483408.3098097
563,1627,p2,selection,60.82470703125,1787483408.3147216
563,1628,p2,selection,72.50760650634766,1787483408.318724
563,1629,p2,selection,65.8894271850586,1787483408.322638
564,556,p1,turn,21.639829635620117,1787483408.381141
564,556,p2,turn,26.103713989257812,1787483408.382255
564,1630,p1,selection,259.6240234375,1787483408.3892314
564,1631,p1,selection,295.4251403808594,1787483408.3968225
564,1632,p1,selection,260.0296936035156,1787483408.405632
564,1630,p2,selection,69.26659393310547,1787483408.4121895
564,1631,p2,selection,59.741851806640625,1787483408.4190745
564,1632,p2,selection,71.005126953125,1787483408.4259155
565,557,p1,turn,18.4453067779541,1787483408.4861982
565,557,p2,turn,21.86572265625,1787483408.4871936
565,1633,p1,selection,263.451904296875,1787483408.4935246
565,1634,p1,selection,254.7640380859375,1787483408.5016758
565,1635,p1,selection,310.8091125488281,1787483408.5096862
565,1633,p2,selection,69.34107208251953,1787483408.5168219
565,1634,p2,selection,68.29586029052734,1787483408.5229347
565,1635,p2,selection,72.33049011230469,1787483408.5290864
566,558,p1,turn,17.16769790649414,1787483408.5884733
566,558,p2,turn,24.596691131591797,1787483408.5896304
566,1636,p1,selection,254.75146484375,1787483408.5956848
566,1637,p1,selection,256.8369140625,1787483408.6031325
566,1638,p1,selection,245.21331787109375,1787483408.6098282
566,1636,p2,selection,67.52217102050781,1787483408.6179683
566,1637,p2,selection,66.34107208251953,1787483408.6244135
566,1638,p2,selection,70.04340362548828,1787483408.6322849
567,559,p1,turn,16.29659080505371,1787483408.6759298
567,559,p2,turn,24.531103134155273,1787483408.6766376
567,1639,p1,selection,252.755859375,1787483408.6816328
567,1640,p1,selection,224.25741577148438,1787483408.6884134
567,1641,p1,selection,262.0190124511719,1787483408.6948652
567,1639,p2,selection,62.85102844238281,1787483408.7001219
567,1640,p2,selection,62.70976257324219,1787483408.7038052
567,1641,p2,selection,70.11793518066406,1787483408.7071853
568,560,p1,turn,16.94234848022461,1787483408.733238
568,560,p2,turn,23.03055191040039,1787483408.733951
568,1642,p1,selection,275.41455078125,1787483408.7372813
568,1643,p1,selection,268.6587829589844,1787483408.7405357
568,1644,p1,selection,243.0440673828125,1787483408.7437427
568,1642,p2,selection,72.46025848388672,1787483408.748081
568,1643,p2,selection,72.74738311767578,1787483408.7516668
568,1644,p2,selection,64.88069915771484,1787483408.7549376
569,561,p1,turn,13.854708671569824,1787483408.7856736
569,561,p2,turn,16.191787719726562,1787483408.7866693
569,1645,p1,selection,206.02845764160156,1787483408.7924027
569,1646,p1,selection,247.79776000976562,1787483408.798743
569,1647,p1,selection,236.73779296875,1787483408.8046727
569,1645,p2,selection,62.17985916137695,1787483408.8100054
569,1646,p2,selection,61.426490783691406,1787483408.816294
569,1647,p2,selection,65.91749572753906,1787483408.821938
570,562,p1,turn,14.85968017578125,1787483408.8772786
570,562,p2,turn,17.107074737548828,1787483408.8782887
570,1648,p1,selection,211.04190063476562,1787483408.8848414
570,1649,p1,selection,231.98809814453125,1787483408.8906806
570,1650,p1,selection,231.0753936767578,1787483408.8975577
570,1648,p2,selection,64.99654388427734,1787483408.9039123
570,1649,p2,selection,72.24484252929688,1787483408.9099386
570,1650,p2,selection,63.134063720703125,1787483408.9151216
571,563,p1,turn,16.50429916381836,1787483408.938461
571,563,p2,turn,27.158832550048828,1787483408.9391818
571,1651,p1,selection,193.45327758789062,1787483408.942609
571,1652,p1,selection,229.27359008789062,1787483408.9462092
571,1653,p1,selection,227.3045196533203,1787483408.9503832
571,1651,p2,selection,63.454376220703125,1787483408.9536803
571,1652,p2,selection,65.31402587890625,1787483408.9567907
571,1653,p2,selection,74.43722534179688,1787483408.959858
572,564,p1,turn,15.582780838012695,1787483409.0151067
572,564,p2,turn,25.904067993164062,1787483409.0161693
572,1654,p1,selection,227.02096557617188,1787483409.0224223
572,1655,p1,selection,249.37806701660156,1787483409.0286295
572,1656,p1,selection,240.73544311523438,1787483409.0355675
572,1654,p2,selection,69.17828369140625,1787483409.0416834
572,1655,p2,selection,67.92926788330078,1787483409.0494413
572,1656,p2,selection,75.64855194091797,1787483409.055381
573,565,p1,turn,15.100301742553711,1787483409.1148129
573,565,p2,turn,26.470251083374023,1787483409.1158319
573,1657,p1,selection,233.43203735351562,1787483409.1221147
573,1658,p1,selection,244.41537475585938,1787483409.1286407
573,1659,p1,selection,234.9563751220703,1787483409.1352925
573,1657,p2,selection,58.52496337890625,1787483409.1413949
573,1658,p2,selection,68.18331146240234,1787483409.148378
573,1659,p2,selection,65.59915161132812,1787483409.1546304
574,566,p1,turn,23.49319076538086,1787483409.2081797
574,566,p2,turn,16.9583797454834,1787483409.209156
574,1660,p1,selection,231.1241455078125,1787483409.2160065
574,1661,p1,selection,200.39154052734375,1787483409.2231636
574,1662,p1,selection,264.7607727050781,1787483409.2299995
574,1660,p2,selection,70.43910217285156,1787483409.2356975
574,1661,p2,selection,68.46852111816406,1787483409.2412646
574,1662,p2,selection,73.15275573730469,1787483409.2472403
575,567,p1,turn,18.206937789916992,1787483409.297268
575,567,p2,turn,21.086551666259766,1787483409.2982285
575,1663,p1,selection,290.548828125,1787483409.3037772
575,1664,p1,selection,255.6290283203125,1787483409.3091912
575,1665,p1,selection,234.75421142578125,1787483409.3150988
575,1663,p2,selection,66.5486831665039,1787483409.3205411
575,1664,p2,selection,61.57345962524414,1787483409.3256931
575,1665,p2,selection,74.2081527709961,1787483409.3314724
576,568,p1,turn,15.313041687011719,1787483409.3603659
576,568,p2,turn,24.605419158935547,1787483409.3610399
576,1666,p1,selection,274.51275634765625,1787483409.365751
576,1667,p1,selection,284.8878173828125,1787483409.3711877
576,1668,p1,selection,242.61866760253906,1787483409.3764853
576,1666,p2,selection,67.56143951416016,1787483409.381943
576,1667,p2,selection,63.135353088378906,1787483409.3871717
576,1668,p2,selection,69.17799377441406,1787483409.3922668
577,569,p1,turn,18.27878189086914,1787483409.4426565
577,569,p2,turn,10.866373062133789,1787483409.4435627
577,1669,p1,selection,260.46484375,1787483409.4488478
577,1670,p1,selection,249.97804260253906,1787483409.4540071
577,1671,p1,selection,248.4966583251953,1787483409.459084
577,1669,p2,selection,59.637664794921875,1787483409.4641638
577,1670,p2,selection,70.47679901123047,1787483409.469298
577,1671,p2,selection,68.15716552734375,1787483409.4741848
578,570,p1,turn,20.087017059326172,1787483409.5213983
578,570,p2,turn,21.762344360351562,1787483409.5223188
578,1672,p1,selection,261.26947021484375,1787483409.5275586
578,1673,p1,selection,222.91204833984375,1787483409.5327718
578,1674,p1,selection,286.30169677734375,1787483409.5378098
578,1672,p2,selection,70.44092559814453,1787483409.5427387
578,1673,p2,selection,56.727020263671875,1787483409.5477939
578,1674,p2,selection,64.72514343261719,1787483409.5527682
579,571,p1,turn,10.802355766296387,1787483409.601482
579,571,p2,turn,17.96213150024414,1787483409.6024275
579,1675,p1,selection,301.3963317871094,1787483409.6075647
579,1676,p1,selection,272.09503173828125,1787483409.612635
579,1677,p1,selection,262.26654052734375,1787483409.6177506
579,1675,p2,selection,59.05948257446289,1787483409.6226068
579,1676,p2,selection,70.69984436035156,1787483409.6274285
579,1677,p2,selection,67.43743133544922,1787483409.6325686
580,572,p1,turn,16.07703399658203,1787483409.6851819
580,572,p2,turn,16.042579650878906,1787483409.6860812
580,1678,p1,selection,224.25827026367188,1787483409.691211
580,1679,p1,selection,249.42674255371094,1787483409.696364
580,1680,p1,selection,247.99374389648438,1787483409.7017064
580,1678,p2,selection,63.422489166259766,1787483409.7065315
580,1679,p2,selection,69.53868865966797,1787483409.71125
580,1680,p2,selection,62.89768600463867,1787483409.715956
581,573,p1,turn,19.819730758666992,1787483409.7497067
581,573,p2,turn,20.350387573242188,1787483409.7503157
581,1681,p1,selection,239.5040283203125,1787483409.7533228
581,1682,p1,selection,238.77618408203125,1787483409.756253
581,1683,p1,selection,256.9280090332031,1787483409.7591891
581,1681,p2,selection,58.89195251464844,1787483409.7621465
581,1682,p2,selection,64.48432159423828,1787483409.765162
581,1683,p2,selection,69.97012329101562,1787483409.7680817
582,574,p1,turn,14.82313060760498,1787483409.8019216
582,574,p2,turn,21.096893310546875,1787483409.802801
582,1684,p1,selection,225.1118621826172,1787483409.8078184
582,1685,p1,selection,246.7668914794922,1787483409.8131144
582,1686,p1,selection,253.80130004882812,1787483409.8181183
582,1684,p2,selection,64.73751831054688,1787483409.8228433
582,1685,p2,selection,70.18046569824219,1787483409.8275542
582,1686,p2,selection,65.04731750488281,1787483409.8322616
583,575,p1,turn,15.894637107849121,1787483409.8757656
583,575,p2,turn,21.27552032470703,1787483409.8766272
583,1687,p1,selection,236.37155151367188,1787483409.8822613
583,1688,p1,selection,263.8087463378906,1787483409.887702
583,1689,p1,selection,243.84744262695312,1787483409.891686
583,1687,p2,selection,67.41527557373047,1787483409.894068
583,1688,p2,selection,66.39694213867188,1787483409.897125
583,1689,p2,selection,69.11085510253906,1787483409.9001079
584,576,p1,turn,16.048233032226562,1787483409.9321127
584,576,p2,turn,16.153953552246094,1787483409.9330132
584,1690,p1,selection,234.46823120117188,1787483409.937966
584,1691,p1,selection,236.89840698242188,1787483409.9428375
584,1692,p1,selection,214.37066650390625,1787483409.9483874
584,1690,p2,selection,69.88040161132812,1787483409.9534025
584,1691,p2,selection,60.93999099731445,1787483409.9581144
584,1692,p2,selection,55.33749771118164,1787483409.9631863
585,577,p1,turn,17.192584991455078,1787483410.0070493
585,577,p2,turn,21.745624542236328,1787483410.0079336
585,1693,p1,selection,215.09341430664062,1787483410.0130641
585,1694,p1,selection,223.7989044189453,1787483410.018103
585,1695,p1,selection,242.53399658203125,1787483410.0230684
585,1693,p2,selection,68.22236633300781,1787483410.0278597
585,1694,p2,selection,61.23893356323242,1787483410.0343292
585,1695,p2,selection,63.124000549316406,1787483410.039244
586,578,p1,turn,19.382335662841797,1787483410.088089
586,578,p2,turn,23.274688720703125,1787483410.0890086
586,1696,p1,selection,236.32447814941406,1787483410.0946004
586,1697,p1,selection,248.12924194335938,1787483410.1002195
586,1698,p1,selection,229.18679809570312,1787483410.1054049
586,1696,p2,selection,61.664024353027344,1787483410.110244
586,1697,p2,selection,61.289794921875,1787483410.1151133
586,1698,p2,selection,61.20178985595703,1787483410.1199546
587,579,p1,turn,18.03249740600586,1787483410.1676264
587,579,p2,turn,25.818878173828125,1787483410.1685393
587,1699,p1,selection,228.17449951171875,1787483410.1748013
587,1700,p1,selection,261.58551025390625,1787483410.180877
587,1701,p1,selection,267.9568786621094,1787483410.1863594
587,1699,p2,selection,69.98004913330078,1787483410.1913822
587,1700,p2,selection,66.84513854980469,1787483410.1963625
587,1701,p2,selection,67.21630096435547,1787483410.202119
588,580,p1,turn,20.108509063720703,1787483410.2491407
588,580,p2,turn,23.1772518157959,1787483410.250083
588,1702,p1,selection,235.37330627441406,1787483410.2552674
588,1703,p1,selection,259.64715576171875,1787483410.2603743
588,1704,p1,selection,262.0451965332031,1787483410.2657065
588,1702,p2,selection,61.76249313354492,1787483410.270662
588,1703,p2,selection,64.14846801757812,1787483410.275617
588,1704,p2,selection,67.79100036621094,1787483410.280861
589,581,p1,turn,17.19093894958496,1787483410.3264227
589,581,p2,turn,17.096874237060547,1787483410.3273287
589,1705,p1,selection,224.34295654296875,1787483410.3325896
589,1706,p1,selection,248.78070068359375,1787483410.3377564
589,1707,p1,selection,273.28826904296875,1787483410.3427632
589,1705,p2,selection,69.1868896484375,1787483410.3478327
589,1706,p2,selection,62.45752716064453,1787483410.3527977
589,1707,p2,selection,56.84872817993164,1787483410.3576376
590,582,p1,turn,14.188583374023438,1787483410.4046755
590,582,p2,turn,19.32476806640625,1787483410.4056118
590,1708,p1,selection,225.87351989746094,1787483410.410721
590,1709,p1,selection,257.548583984375,1787483410.4161837
590,1710,p1,selection,242.37893676757812,1787483410.4215012
590,1708,p2,selection,63.26149368286133,1787483410.4264247
590,1709,p2,selection,59.24689865112305,1787483410.4316795
590,1710,p2,selection,56.83372116088867,1787483410.4367285
591,583,p1,turn,18.77030372619629,1787483410.4717505
591,583,p2,turn,19.504798889160156,1787483410.4722824
591,1711,p1,selection,252.4273681640625,1787483410.4747386
591,1712,p1,selection,235.50404357910156,1787483410.4772177
591,1713,p1,selection,217.90322875976562,1787483410.4804475
591,1711,p2,selection,70.30364227294922,1787483410.4843209
591,1712,p2,selection,67.27159118652344,1787483410.4874573
591,1713,p2,selection,56.263633728027344,1787483410.4903905
592,584,p1,turn,17.198001861572266,1787483410.530266
592,584,p2,turn,21.655378341674805,1787483410.5311406
592,1714,p1,selection,260.83856201171875,1787483410.5361078
592,1715,p1,selection,230.8201904296875,1787483410.5410318
592,1716,p1,selection,265.36785888671875,1787483410.5463927
592,1714,p2,selection,58.49148941040039,1787483410.5525482
592,1715,p2,selection,70.697265625,1787483410.5577283
592,1716,p2,selection,51.80107116699219,1787483410.5625076
593,585,p1,turn,18.145490646362305,1787483410.6135309
593,585,p2,turn,17.69347381591797,1787483410.6146362
593,1717,p1,selection,250.86822509765625,1787483410.6196468
593,1718,p1,selection,223.4584503173828,1787483410.6246574
593,1719,p1,selection,210.82080078125,1787483410.6295624
593,1717,p2,selection,77.99208068847656,1787483410.6343288
593,1718,p2,selection,70.06177520751953,1787483410.6390557
593,1719,p2,selection,70.83068084716797,1787483410.6436648
594,586,p1,turn,20.5400447845459,1787483410.6910336
594,586,p2,turn,28.543807983398438,1787483410.6918724
594,1720,p1,selection,282.43157958984375,1787483410.696515
594,1721,p1,selection,178.94186401367188,1787483410.6996028
594,1722,p1,selection,276.33270263671875,1787483410.7028184
594,1720,p2,selection,73.48283386230469,1787483410.7057593
594,1721,p2,selection,61.639068603515625,1787483410.7086134
594,1722,p2,selection,57.82332992553711,1787483410.711668
595,587,p1,turn,15.021539688110352,1787483410.7331796
595,587,p2,turn,20.673730850219727,1787483410.7338724
595,1723,p1,selection,239.83139038085938,1787483410.737216
595,1724,p1,selection,224.85821533203125,1787483410.7407095
595,1725,p1,selection,210.14663696289062,1787483410.7446094
595,1723,p2,selection,63.610565185546875,1787483410.7481618
595,1724,p2,selection,70.58406066894531,1787483410.7534916
595,1725,p2,selection,60.900447845458984,1787483410.758849
596,588,p1,turn,13.97380256652832,1787483410.814751
596,588,p2,turn,22.122081756591797,1787483410.8156621
596,1726,p1,selection,216.64646911621094,1787483410.8225684
596,1727,p1,selection,222.91372680664062,1787483410.8280673
596,1728,p1,selection,252.08314514160156,1787483410.8331244
596,1726,p2,selection,71.98993682861328,1787483410.8378403
596,1727,p2,selection,61.40643310546875,1787483410.8424828
596,1728,p2,selection,58.10853576660156,1787483410.8476896
597,589,p1,turn,12.783388137817383,1787483410.879297
597,589,p2,turn,23.504989624023438,1787483410.8801763
597,1729,p1,selection,218.33729553222656,1787483410.885323
597,1730,p1,selection,275.15777587890625,1787483410.8902988
597,1731,p1,selection,237.75291442871094,1787483410.8953812
597,1729,p2,selection,57.598690032958984,1787483410.9005048
597,1730,p2,selection,66.56449890136719,1787483410.9052896
597,1731,p2,selection,62.261993408203125,1787483410.9099886
598,590,p1,turn,14.07761001586914,1787483410.9575462
598,590,p2,turn,24.989051818847656,1787483410.9584498
598,1732,p1,selection,235.81884765625,1787483410.9637003
598,1733,p1,selection,258.5982666015625,1787483410.9687884
598,1734,p1,selection,237.94744873046875,1787483410.973718
598,1732,p2,selection,72.86309814453125,1787483410.977984
598,1733,p2,selection,68.12284088134766,1787483410.9812737
598,1734,p2,selection,68.79248809814453,1787483410.984211
599,591,p1,turn,14.404608726501465,1787483411.0055993
599,591,p2,turn,19.85828399658203,1787483411.006224
599,1735,p1,selection,240.03982543945312,1787483411.0090368
599,1736,p1,selection,225.08871459960938,1787483411.0116887
599,1737,p1,selection,250.47206115722656,1787483411.0142112
599,1735,p2,selection,63.65198516845703,1787483411.0165455
599,1736,p2,selection,71.90345001220703,1787483411.0189753
599,1737,p2,selection,68.73236083984375,1787483411.021552
600,592,p1,turn,14.500213623046875,1787483411.041103
600,592,p2,turn,21.981857299804688,1787483411.041741
600,1738,p1,selection,250.71365356445312,1787483411.044816
600,1739,p1,selection,259.459228515625,1787483411.0479527
600,1740,p1,selection,259.4544372558594,1787483411.0509832
600,1738,p2,selection,65.10403442382812,1787483411.0539575
600,1739,p2,selection,73.52963256835938,1787483411.0568986
600,1740,p2,selection,60.85246658325195,1787483411.0598834
601,593,p1,turn,15.449621200561523,1787483411.1366148
601,593,p2,turn,21.687421798706055,1787483411.1376784
601,1741,p1,selection,242.46751403808594,1787483411.1527917
601,1742,p1,selection,226.70474243164062,1787483411.1563118
601,1743,p1,selection,201.11322021484375,1787483411.159784
601,1741,p2,selection,73.1814956665039,1787483411.1655571
601,1742,p2,selection,59.75288772583008,1787483411.1710136
601,1743,p2,selection,59.875553131103516,1787483411.176334
602,594,p1,turn,18.140422821044922,1787483411.2346444
602,594,p2,turn,23.463485717773438,1787483411.235611
602,1744,p1,selection,253.3788299560547,1787483411.242195
602,1745,p1,selection,239.64263916015625,1787483411.2482061
602,1746,p1,selection,187.0589599609375,1787483411.2541568
602,1744,p2,selection,59.8167724609375,1787483411.2594078
602,1745,p2,selection,70.7013168334961,1787483411.2646554
602,1746,p2,selection,59.745182037353516,1787483411.2698238
603,595,p1,turn,20.92462730407715,1787483411.3173273
603,595,p2,turn,24.499189376831055,1787483411.318234
603,1747,p1,selection,261.15289306640625,1787483411.3212495
603,1748,p1,selection,259.8970947265625,1787483411.3236244
603,1749,p1,selection,210.7056121826172,1787483411.3260646
603,1747,p2,selection,61.37163162231445,1787483411.3292487
603,1748,p2,selection,64.31370544433594,1787483411.3323085
603,1749,p2,selection,62.37031936645508,1787483411.335301
604,596,p1,turn,17.232421875,1787483411.3585203
604,596,p2,turn,18.88140869140625,1787483411.359088
604,1750,p1,selection,218.712646484375,1787483411.3650851
604,1751,p1,selection,212.4561309814453,1787483411.3703656
604,1752,p1,selection,192.23643493652344,1787483411.375422
604,1750,p2,selection,60.93247985839844,1787483411.3808827
604,1751,p2,selection,74.01780700683594,1787483411.3870084
604,1752,p2,selection,68.1391372680664,1787483411.3918893
605,597,p1,turn,18.42972755432129,1787483411.4377406
605,597,p2,turn,16.369970321655273,1787483411.4386659
605,1753,p1,selection,230.93960571289062,1787483411.4437943
605,1754,p1,selection,232.06497192382812,1787483411.4490707
605,1755,p1,selection,223.10879516601562,1787483411.4524925
605,1753,p2,selection,65.52507019042969,1787483411.4554484
605,1754,p2,selection,57.12196350097656,1787483411.458287
605,1755,p2,selection,63.53942108154297,1787483411.4612374
606,598,p1,turn,14.106602668762207,1787483411.497567
606,598,p2,turn,19.158645629882812,1787483411.4985187
606,1756,p1,selection,229.82839965820312,1787483411.5037565
606,1757,p1,selection,243.68496704101562,1787483411.5088942
606,1758,p1,selection,193.9312286376953,1787483411.514401
606,1756,p2,selection,65.2927474975586,1787483411.519426
606,1757,p2,selection,65.60507202148438,1787483411.5243342
606,1758,p2,selection,70.12942504882812,1787483411.5292385
607,599,p1,turn,19.671655654907227,1787483411.5706277
607,599,p2,turn,21.262619018554688,1787483411.5711668
607,1759,p1,selection,251.19366455078125,1787483411.5736272
607,1760,p1,selection,222.681884765625,1787483411.578175
607,1761,p1,selection,227.14833068847656,1787483411.584202
607,1759,p2,selection,65.22989654541016,1787483411.5899212
607,1760,p2,selection,66.90670776367188,1787483411.5950983
607,1761,p2,selection,63.243614196777344,1787483411.6001246
608,600,p1,turn,12.131753921508789,1787483411.6504254
608,600,p2,turn,30.323843002319336,1787483411.6514049
608,1762,p1,selection,202.0689239501953,1787483411.6569595
608,1763,p1,selection,186.71841430664062,1787483411.6628847
608,1764,p1,selection,202.77182006835938,1787483411.666025
608,1762,p2,selection,66.29308319091797,1787483411.6684957
608,1763,p2,selection,67.27523040771484,1787483411.6714368
608,1764,p2,selection,64.67352294921875,1787483411.6742997
609,601,p1,turn,22.382680892944336,1787483411.699574
609,601,p2,turn,18.134851455688477,1787483411.7002087
609,1765,p1,selection,258.049560546875,1787483411.7054949
609,1766,p1,selection,215.54995727539062,1787483411.7106664
609,1767,p1,selection,216.3084716796875,1787483411.7159128
609,1765,p2,selection,59.49810791015625,1787483411.7208495
609,1766,p2,selection,57.96478271484375,1787483411.7256634
609,1767,p2,selection,64.39286804199219,1787483411.7311187
610,602,p1,turn,12.665823936462402,1787483411.7865112
610,602,p2,turn,25.91816520690918,1787483411.7874773
610,1768,p1,selection,180.7456512451172,1787483411.793811
610,1769,p1,selection,244.92530822753906,1787483411.8001766
610,1770,p1,selection,226.81863403320312,1787483411.8062367
610,1768,p2,selection,71.76817321777344,1787483411.8118804
610,1769,p2,selection,73.53874969482422,1787483411.8172286
610,1770,p2,selection,54.8799934387207,1787483411.8227036
611,603,p1,turn,11.999801635742188,1787483411.8771095
611,603,p2,turn,21.86680793762207,1787483411.8781376
611,1771,p1,selection,262.38360595703125,1787483411.8838546
611,1772,p1,selection,226.50070190429688,1787483411.887448
611,1773,p1,selection,202.048095703125,1787483411.8900077
611,1771,p2,selection,67.87248992919922,1787483411.8924596
611,1772,p2,selection,62.94374465942383,1787483411.8953407
611,1773,p2,selection,52.55903244018555,1787483411.89858
612,604,p1,turn,13.782360076904297,1787483411.9223673
612,604,p2,turn,29.605653762817383,1787483411.9232538
612,1774,p1,selection,204.17893981933594,1787483411.9289017
612,1775,p1,selection,244.72129821777344,1787483411.9344707
612,1776,p1,selection,239.38763427734375,1787483411.9397612
612,1774,p2,selection,62.55934143066406,1787483411.9448943
612,1775,p2,selection,69.90007781982422,1787483411.9501903
612,1776,p2,selection,69.38606262207031,1787483411.9552565
613,605,p1,turn,14.059602737426758,1787483411.9992993
613,605,p2,turn,18.83854103088379,1787483412.0001907
613,1777,p1,selection,286.12005615234375,1787483412.0053406
613,1778,p1,selection,257.0173645019531,1787483412.0103703
613,1779,p1,selection,218.5787353515625,1787483412.0155554
613,1777,p2,selection,72.41230773925781,1787483412.0203986
613,1778,p2,selection,65.83979797363281,1787483412.0252254
613,1779,p2,selection,60.74004364013672,1787483412.0302224
614,606,p1,turn,14.838075637817383,1787483412.0629184
614,606,p2,turn,14.222757339477539,1787483412.0635881
614,1780,p1,selection,240.37384033203125,1787483412.0666714
614,1781,p1,selection,198.7185821533203,1787483412.0699837
614,1782,p1,selection,181.4099578857422,1787483412.0732458
614,1780,p2,selection,55.3376579284668,1787483412.0763474
614,1781,p2,selection,64.21118927001953,1787483412.0801208
614,1782,p2,selection,61.85089111328125,1787483412.0837092
615,607,p1,turn,14.784914016723633,1787483412.1079981
615,607,p2,turn,33.47603988647461,1787483412.1086686
615,1783,p1,selection,217.65444946289062,1787483412.1143441
615,1784,p1,selection,253.06494140625,1787483412.1197348
615,1785,p1,selection,229.5172576904297,1787483412.1249173
615,1783,p2,selection,61.86030578613281,1787483412.1300554
615,1784,p2,selection,61.23905563354492,1787483412.1350746
615,1785,p2,selection,65.630615234375,1787483412.1399953
616,608,p1,turn,20.20918083190918,1787483412.1886072
616,608,p2,turn,22.45009422302246,1787483412.1895795
616,1786,p1,selection,223.786376953125,1787483412.1953595
616,1787,p1,selection,237.89913940429688,1787483412.201152
616,1788,p1,selection,262.7288513183594,1787483412.2068417
616,1786,p2,selection,57.300682067871094,1787483412.212066
616,1787,p2,selection,71.46780395507812,1787483412.2174027
616,1788,p2,selection,66.52604675292969,1787483412.2210393
617,609,p1,turn,19.06803321838379,1787483412.2653193
617,609,p2,turn,18.70345115661621,1787483412.2663348
617,1789,p1,selection,262.92462158203125,1787483412.2720015
617,1790,p1,selection,223.64517211914062,1787483412.2774198
617,1791,p1,selection,234.71104431152344,1787483412.2827327
617,1789,p2,selection,64.11962127685547,1787483412.2877076
617,1790,p2,selection,70.6533203125,1787483412.292543
617,1791,p2,selection,64.70287322998047,1787483412.2974188
618,610,p1,turn,14.35616397857666,1787483412.3277361
618,610,p2,turn,17.994632720947266,1787483412.328485
618,1792,p1,selection,252.65460205078125,1787483412.3327858
618,1793,p1,selection,258.5236511230469,1787483412.3363788
618,1794,p1,selection,210.2797088623047,1787483412.3403628
618,1792,p2,selection,61.68244934082031,1787483412.3462608
618,1793,p2,selection,68.44573974609375,1787483412.3533125
618,1794,p2,selection,64.80182647705078,1787483412.3578432
619,611,p1,turn,17.361845016479492,1787483412.3843167
619,611,p2,turn,21.912506103515625,1787483412.3849354
619,1795,p1,selection,243.6014862060547,1787483412.3891382
619,1796,p1,selection,212.67431640625,1787483412.3933184
619,1797,p1,selection,218.68528747558594,1787483412.3974912
619,1795,p2,selection,64.96990966796875,1787483412.401051
619,1796,p2,selection,58.951942443847656,1787483412.4045048
619,1797,p2,selection,66.65390014648438,1787483412.407964
620,612,p1,turn,14.05415153503418,1787483412.4351487
620,612,p2,turn,28.508514404296875,1787483412.4359004
620,1798,p1,selection,254.81585693359375,1787483412.4395623
620,1799,p1,selection,250.17141723632812,1787483412.4433188
620,1800,p1,selection,193.60874938964844,1787483412.4479651
620,1798,p2,selection,66.53435516357422,1787483412.451988
620,1799,p2,selection,73.04452514648438,1787483412.4558728
620,1800,p2,selection,68.05509185791016,1787483412.4599547
621,613,p1,turn,20.48870086669922,1787483412.4888449
621,613,p2,turn,22.44427490234375,1787483412.4896305
621,1801,p1,selection,241.01943969726562,1787483412.4933305
621,1802,p1,selection,251.2361297607422,1787483412.4970286
621,1803,p1,selection,216.9480438232422,1787483412.5005252
621,1801,p2,selection,68.17118835449219,1787483412.5038848
621,1802,p2,selection,62.02909851074219,1787483412.5073552
621,1803,p2,selection,57.05345916748047,1787483412.5111241
622,614,p1,turn,13.542852401733398,1787483412.5432177
622,614,p2,turn,25.60144805908203,1787483412.5439277
622,1804,p1,selection,205.9111328125,1787483412.548054
622,1805,p1,selection,222.92752075195312,1787483412.5515711
622,1806,p1,selection,190.75682067871094,1787483412.5548944
622,1804,p2,selection,64.05502319335938,1787483412.5581496
622,1805,p2,selection,70.88066101074219,1787483412.5615838
622,1806,p2,selection,58.13333511352539,1787483412.564854
623,615,p1,turn,16.12160301208496,1787483412.588646
623,615,p2,turn,19.231184005737305,1787483412.58927
623,1807,p1,selection,233.03305053710938,1787483412.5923326
623,1808,p1,selection,211.05462646484375,1787483412.5980859
623,1809,p1,selection,239.14732360839844,1787483412.6038067
623,1807,p2,selection,67.59784698486328,1787483412.6091123
623,1808,p2,selection,60.224388122558594,1787483412.6146286
623,1809,p2,selection,64.74205017089844,1787483412.6199894
624,616,p1,turn,20.827068328857422,1787483412.668294
624,616,p2,turn,15.864569664001465,1787483412.669307
624,1810,p1,selection,235.18675231933594,1787483412.6750023
624,1811,p1,selection,231.80262756347656,1787483412.6806881
624,1812,p1,selection,231.69268798828125,1787483412.6860895
624,1810,p2,selection,59.371253967285156,1787483412.6912155
624,1811,p2,selection,72.03390502929688,1787483412.6966634
624,1812,p2,selection,64.65032958984375,1787483412.699373
625,617,p1,turn,16.863231658935547,1787483412.725996
625,617,p2,turn,18.727012634277344,1787483412.7269204
625,1813,p1,selection,286.47186279296875,1787483412.7324467
625,1814,p1,selection,249.4272003173828,1787483412.7378902
625,1815,p1,selection,246.7810516357422,1787483412.7434437
625,1813,p2,selection,53.885498046875,1787483412.7496893
625,1814,p2,selection,62.85930633544922,1787483412.754707
625,1815,p2,selection,59.610416412353516,1787483412.7599318
626,618,p1,turn,16.83228302001953,1787483412.8021886
626,618,p2,turn,18.881887435913086,1787483412.8028839
626,1816,p1,selection,224.90716552734375,1787483412.8060749
626,1817,p1,selection,236.11920166015625,1787483412.809123
626,1818,p1,selection,229.71807861328125,1787483412.8125591
626,1816,p2,selection,73.97078704833984,1787483412.8157318
626,1817,p2,selection,59.738487243652344,1787483412.8187213
626,1818,p2,selection,59.37156677246094,1787483412.8232343
627,619,p1,turn,18.10055923461914,1787483412.8704753
627,619,p2,turn,25.40715217590332,1787483412.871426
627,1819,p1,selection,229.7561798095703,1787483412.8769264
627,1820,p1,selection,188.819091796875,1787483412.8828375
627,1821,p1,selection,214.6922149658203,1787483412.8882816
627,1819,p2,selection,61.81817626953125,1787483412.8934965
627,1820,p2,selection,66.3539047241211,1787483412.8994029
627,1821,p2,selection,64.92970275878906,1787483412.9050186
628,620,p1,turn,19.632150650024414,1787483412.936366
628,620,p2,turn,23.672422409057617,1787483412.937065
628,1822,p1,selection,274.6360778808594,1787483412.940378
628,1823,p1,selection,221.14089965820312,1787483412.9435916
628,1824,p1,selection,188.63565063476562,1787483412.9469688
628,1822,p2,selection,61.009849548339844,1787483412.950112
628,1823,p2,selection,71.7711181640625,1787483412.953874
628,1824,p2,selection,62.49983596801758,1787483412.9579234
629,621,p1,turn,14.874343872070312,1787483412.9837108
629,621,p2,turn,15.623037338256836,1787483412.9844291
629,1825,p1,selection,230.48724365234375,1787483412.987885
629,1826,p1,selection,208.8094482421875,1787483412.9925168
629,1827,p1,selection,233.47439575195312,1787483412.9987588
629,1825,p2,selection,63.122806549072266,1787483413.0060809
629,1826,p2,selection,66.57682800292969,1787483413.0121412
629,1827,p2,selection,71.84063720703125,1787483413.01785
630,622,p1,turn,18.493976593017578,1787483413.0775387
630,622,p2,turn,19.970596313476562,1787483413.078511
630,1828,p1,selection,234.2273712158203,1787483413.08444
630,1829,p1,selection,221.66427612304688,1787483413.0900774
630,1830,p1,selection,273.2394714355469,1787483413.0964856
630,1828,p2,selection,68.33216094970703,1787483413.1018405
630,1829,p2,selection,55.405479431152344,1787483413.1066058
630,1830,p2,selection,63.27641296386719,1787483413.1133692
631,623,p1,turn,11.240538597106934,1787483413.16479
631,623,p2,turn,24.01895523071289,1787483413.1658611
631,1831,p1,selection,235.70733642578125,1787483413.1717966
631,1832,p1,selection,246.84132385253906,1787483413.177845
631,1833,p1,selection,219.625,1787483413.183901
631,1831,p2,selection,57.40159606933594,1787483413.1894243
631,1832,p2,selection,60.94636917114258,1787483413.1953535
631,1833,p2,selection,61.7309684753418,1787483413.2008944
632,624,p1,turn,17.44938850402832,1787483413.2519941
632,624,p2,turn,14.276069641113281,1787483413.2530413
632,1834,p1,selection,226.4552764892578,1787483413.258967
632,1835,p1,selection,211.1822967529297,1787483413.2653244
632,1836,p1,selection,220.2681884765625,1787483413.2713737
632,1834,p2,selection,69.24046325683594,1787483413.2772667
632,1835,p2,selection,60.99055480957031,1787483413.284089
632,1836,p2,selection,66.67320251464844,1787483413.2899663
633,625,p1,turn,19.11040687561035,1787483413.3425741
633,625,p2,turn,15.888388633728027,1787483413.343531
633,1837,p1,selection,235.1673126220703,1787483413.349334
633,1838,p1,selection,226.52833557128906,1787483413.3551028
633,1839,p1,selection,207.06556701660156,1787483413.3609507
633,1837,p2,selection,62.207275390625,1787483413.3666291
633,1838,p2,selection,55.89634323120117,1787483413.3722339
633,1839,p2,selection,63.321380615234375,1787483413.3778327
634,626,p1,turn,17.763723373413086,1787483413.4290838
634,626,p2,turn,20.324262619018555,1787483413.4301507
634,1840,p1,selection,261.5633239746094,1787483413.4359834
634,1841,p1,selection,263.990966796875,1787483413.441566
634,1842,p1,selection,204.68600463867188,1787483413.4476745
634,1840,p2,selection,70.23282623291016,1787483413.4543905
634,1841,p2,selection,58.16080856323242,1787483413.460262
634,1842,p2,selection,54.599857330322266,1787483413.4662504
635,627,p1,turn,15.97121810913086,1787483413.5166423
635,627,p2,turn,16.896757125854492,1787483413.5176134
635,1843,p1,selection,242.9320831298828,1787483413.5231264
635,1844,p1,selection,261.2225341796875,1787483413.5288627
635,1845,p1,selection,218.188720703125,1787483413.5350902
635,1843,p2,selection,64.90650939941406,1787483413.5408576
635,1844,p2,selection,63.110084533691406,1787483413.546536
635,1845,p2,selection,55.39467239379883,1787483413.5519476
636,628,p1,turn,13.712447166442871,1787483413.607651
636,628,p2,turn,20.43448829650879,1787483413.608634
636,1846,p1,selection,242.274658203125,1787483413.6149225
636,1847,p1,selection,267.8252868652344,1787483413.621003
636,1848,p1,selection,265.36322021484375,1787483413.6270547
636,1846,p2,selection,61.09333801269531,1787483413.632739
636,1847,p2,selection,69.66046142578125,1787483413.6380143
636,1848,p2,selection,60.918785095214844,1787483413.643231
637,629,p1,turn,13.22638988494873,1787483413.665524
637,629,p2,turn,25.020572662353516,1787483413.6662529
637,1849,p1,selection,203.6322021484375,1787483413.669829
637,1850,p1,selection,198.55416870117188,1787483413.673416
637,1851,p1,selection,205.16058349609375,1787483413.6766949
637,1849,p2,selection,56.10422134399414,1787483413.6801205
637,1850,p2,selection,70.1260757446289,1787483413.683712
637,1851,p2,selection,74.10009002685547,1787483413.686888
638,630,p1,turn,19.957548141479492,1787483413.708872
638,630,p2,turn,25.33602523803711,1787483413.7094429
638,1852,p1,selection,206.0518798828125,1787483413.7127635
638,1853,p1,selection,239.1493682861328,1787483413.7162836
638,1854,p1,selection,199.92108154296875,1787483413.7196546
638,1852,p2,selection,59.8966064453125,1787483413.7227716
638,1853,p2,selection,63.7153434753418,1787483413.7258103
638,1854,p2,selection,69.98303985595703,1787483413.729197
639,631,p1,turn,11.684852600097656,1787483413.7531025
639,631,p2,turn,24.418859481811523,1787483413.7536864
639,1855,p1,selection,236.47711181640625,1787483413.7567818
639,1856,p1,selection,250.67529296875,1787483413.759804
639,1857,p1,selection,225.12596130371094,1787483413.7631824
639,1855,p2,selection,71.45915222167969,1787483413.7663379
639,1856,p2,selection,54.41962814331055,1787483413.769371
639,1857,p2,selection,69.284912109375,1787483413.772299
640,632,p1,turn,15.631028175354004,1787483413.7957854
640,632,p2,turn,18.58819580078125,1787483413.7967093
640,1858,p1,selection,210.49513244628906,1787483413.802138
640,1859,p1,selection,257.7486267089844,1787483413.807403
640,1860,p1,selection,204.93154907226562,1787483413.8129225
640,1858,p2,selection,62.98057174682617,1787483413.8181407
640,1859,p2,selection,65.89584350585938,1787483413.8232064
640,1860,p2,selection,73.67849731445312,1787483413.828315
641,633,p1,turn,16.821584701538086,1787483413.8751488
641,633,p2,turn,17.85010528564453,1787483413.8760207
641,1861,p1,selection,191.15261840820312,1787483413.8812866
641,1862,p1,selection,252.8975067138672,1787483413.8863537
641,1863,p1,selection,211.28968811035156,1787483413.8914764
641,1861,p2,selection,57.783992767333984,1787483413.8956544
641,1862,p2,selection,69.97150421142578,1787483413.8987403
641,1863,p2,selection,70.65670013427734,1787483413.901618
642,634,p1,turn,16.54399871826172,1787483413.9394112
642,634,p2,turn,13.246702194213867,1787483413.940327
642,1864,p1,selection,254.1200408935547,1787483413.9459126
642,1865,p1,selection,235.04931640625,1787483413.9513104
642,1866,p1,selection,253.26040649414062,1787483413.9563975
642,1864,p2,selection,64.33361053466797,1787483413.9616077
642,1865,p2,selection,60.05891418457031,1787483413.9666302
642,1866,p2,selection,58.5991096496582,1787483413.9714904
643,635,p1,turn,21.961034774780273,1787483414.021769
643,635,p2,turn,18.11080551147461,1787483414.0226934
643,1867,p1,selection,217.46295166015625,1787483414.0254908
643,1868,p1,selection,247.63124084472656,1787483414.0290687
643,1869,p1,selection,167.87582397460938,1787483414.0323858
643,1867,p2,selection,59.13683319091797,1787483414.0353372
643,1868,p2,selection,58.54104995727539,1787483414.0382464
643,1869,p2,selection,73.55569458007812,1787483414.0411026
644,636,p1,turn,17.838022232055664,1787483414.063836
644,636,p2,turn,19.397443771362305,1787483414.0644312
644,1870,p1,selection,267.848388671875,1787483414.067376
644,1871,p1,selection,229.89346313476562,1787483414.0702903
644,1872,p1,selection,267.5986328125,1787483414.0732272
644,1870,p2,selection,65.50390625,1787483414.0760758
644,1871,p2,selection,59.646575927734375,1787483414.0790813
644,1872,p2,selection,65.14048767089844,1787483414.0820036
645,637,p1,turn,18.26784324645996,1787483414.1159098
645,637,p2,turn,21.279056549072266,1787483414.116838
645,1873,p1,selection,219.49913024902344,1787483414.1227176
645,1874,p1,selection,195.3487548828125,1787483414.1283753
645,1875,p1,selection,234.95167541503906,1787483414.134404
645,1873,p2,selection,72.8807144165039,1787483414.139593
645,1874,p2,selection,72.01166534423828,1787483414.1446776
645,1875,p2,selection,69.15608978271484,1787483414.1498158
646,638,p1,turn,17.650300979614258,1787483414.1965277
646,638,p2,turn,20.404380798339844,1787483414.1974735
646,1876,p1,selection,188.9658203125,1787483414.202854
646,1877,p1,selection,220.21815490722656,1787483414.2081366
646,1878,p1,selection,233.6827850341797,1787483414.2136765
646,1876,p2,selection,67.8167953491211,1787483414.2188075
646,1877,p2,selection,52.74278259277344,1787483414.2237985
646,1878,p2,selection,63.922359466552734,1787483414.2290473
647,639,p1,turn,21.273794174194336,1787483414.2756054
647,639,p2,turn,15.277563095092773,1787483414.2764804
647,1879,p1,selection,196.00119018554688,1787483414.2818098
647,1880,p1,selection,231.12344360351562,1787483414.2869387
647,1881,p1,selection,239.68930053710938,1787483414.2919984
647,1879,p2,selection,64.90165710449219,1787483414.2974093
647,1880,p2,selection,68.25987243652344,1787483414.3029833
647,1881,p2,selection,54.75008010864258,1787483414.3079686
648,640,p1,turn,13.370429039001465,1787483414.3686016
648,640,p2,turn,18.89959144592285,1787483414.3695085
648,1882,p1,selection,206.48654174804688,1787483414.3745522
648,1883,p1,selection,206.9412841796875,1787483414.37978
648,1884,p1,selection,217.66529846191406,1787483414.3847468
648,1882,p2,selection,62.645660400390625,1787483414.389473
648,1883,p2,selection,59.33891296386719,1787483414.394144
648,1884,p2,selection,64.67405700683594,1787483414.3989031
649,641,p1,turn,16.436168670654297,1787483414.4426873
649,641,p2,turn,18.8707218170166,1787483414.4435759
649,1885,p1,selection,215.94467163085938,1787483414.4472318
649,1886,p1,selection,218.01068115234375,1787483414.4496408
649,1887,p1,selection,236.48916625976562,1787483414.4519906
649,1885,p2,selection,62.26744079589844,1787483414.454296
649,1886,p2,selection,61.56195068359375,1787483414.456587
649,1887,p2,selection,60.286468505859375,1787483414.4589064
650,642,p1,turn,23.401233673095703,1787483414.4841304
650,642,p2,turn,21.206073760986328,1787483414.4848132
650,1888,p1,selection,211.87033081054688,1787483414.487936
650,1889,p1,selection,228.32144165039062,1787483414.4909415
650,1890,p1,selection,218.3013153076172,1787483414.4955072
650,1888,p2,selection,73.49363708496094,1787483414.5003269
650,1889,p2,selection,68.2566909790039,1787483414.5050397
650,1890,p2,selection,74.43907928466797,1787483414.509713
651,643,p1,turn,14.70370101928711,1787483414.558566
651,643,p2,turn,24.31971549987793,1787483414.5594478
651,1891,p1,selection,221.83660888671875,1787483414.5646489
651,1892,p1,selection,234.00975036621094,1787483414.5696452
651,1893,p1,selection,237.7916717529297,1787483414.5745006
651,1891,p2,selection,60.40045166015625,1787483414.579556
651,1892,p2,selection,72.08116149902344,1787483414.58443
651,1893,p2,selection,66.78816223144531,1787483414.5891526
652,644,p1,turn,16.97863006591797,1787483414.6377563
652,644,p2,turn,26.63196563720703,1787483414.6386335
652,1894,p1,selection,246.47727966308594,1787483414.6436558
652,1895,p1,selection,219.17176818847656,1787483414.6487389
652,1896,p1,selection,213.56161499023438,1787483414.653658
652,1894,p2,selection,72.94390106201172,1787483414.658373
652,1895,p2,selection,47.98521423339844,1787483414.6633594
652,1896,p2,selection,66.72563171386719,1787483414.6681504
653,645,p1,turn,17.750595092773438,1787483414.7134855
653,645,p2,turn,15.292702674865723,1787483414.7143445
653,1897,p1,selection,192.5989990234375,1787483414.7194426
653,1898,p1,selection,200.31179809570312,1787483414.7243402
653,1899,p1,selection,216.23440551757812,1787483414.7296214
653,1897,p2,selection,63.70265579223633,1787483414.7348714
653,1898,p2,selection,63.29591751098633,1787483414.739628
653,1899,p2,selection,56.33897399902344,1787483414.7446218
654,646,p1,turn,12.026177406311035,1787483414.788608
654,646,p2,turn,17.907604217529297,1787483414.7894552
654,1900,p1,selection,272.505126953125,1787483414.7948992
654,1901,p1,selection,272.0216979980469,1787483414.7998824
654,1902,p1,selection,209.5850830078125,1787483414.8047926
654,1900,p2,selection,63.6174201965332,1787483414.8098629
654,1901,p2,selection,70.20796203613281,1787483414.8146145
654,1902,p2,selection,54.77809524536133,1787483414.8192422
655,647,p1,turn,10.862529754638672,1787483414.862327
655,647,p2,turn,19.268104553222656,1787483414.8631785
655,1903,p1,selection,211.43458557128906,1787483414.8681803
655,1904,p1,selection,218.50689697265625,1787483414.8730521
655,1905,p1,selection,245.1917724609375,1787483414.878164
655,1903,p2,selection,57.615474700927734,1787483414.8830943
655,1904,p2,selection,64.45636749267578,1787483414.8877406
655,1905,p2,selection,58.85832977294922,1787483414.8923597
656,648,p1,turn,17.360698699951172,1787483414.9382555
656,648,p2,turn,25.695810317993164,1787483414.939121
656,1906,p1,selection,214.77760314941406,1787483414.9444313
656,1907,p1,selection,264.5088806152344,1787483414.9499102
656,1908,p1,selection,216.03146362304688,1787483414.9548473
656,1906,p2,selection,64.13971710205078,1787483414.9576445
656,1907,p2,selection,57.95264434814453,1787483414.9605253
656,1908,p2,selection,72.47574615478516,1787483414.963478
657,649,p1,turn,15.24036979675293,1787483414.9957795
657,649,p2,turn,19.312990188598633,1787483414.9966557
657,1909,p1,selection,208.78701782226562,1787483415.0016422
657,1910,p1,selection,231.96487426757812,1787483415.0065963
657,1911,p1,selection,246.3194580078125,1787483415.0114734
657,1909,p2,selection,65.96858215332031,1787483415.0162642
657,1910,p2,selection,63.38787841796875,1787483415.0209048
657,1911,p2,selection,54.9698371887207,1787483415.0255234
658,650,p1,turn,17.32583999633789,1787483415.0701842
658,650,p2,turn,22.2150936126709,1787483415.071047
658,1912,p1,selection,212.9311981201172,1787483415.0760365
658,1913,p1,selection,226.98501586914062,1787483415.0809903
658,1914,p1,selection,207.26597595214844,1787483415.085916
658,1912,p2,selection,62.9605712890625,1787483415.0905704
658,1913,p2,selection,56.327728271484375,1787483415.0954576
658,1914,p2,selection,71.73162078857422,1787483415.100276
659,651,p1,turn,13.891923904418945,1787483415.1455593
659,651,p2,turn,18.678674697875977,1787483415.146446
659,1915,p1,selection,225.5221710205078,1787483415.151658
659,1916,p1,selection,265.0361328125,1787483415.156577
659,1917,p1,selection,218.01885986328125,1787483415.1619973
659,1915,p2,selection,50.49113464355469,1787483415.1670206
659,1916,p2,selection,60.29586410522461,1787483415.1719604
659,1917,p2,selection,61.41243362426758,1787483415.1768878
660,652,p1,turn,14.203420639038086,1787483415.2158806
660,652,p2,turn,17.7672061920166,1787483415.2164223
660,1918,p1,selection,245.96011352539062,1787483415.2188735
660,1919,p1,selection,220.5647735595703,1787483415.2231789
660,1920,p1,selection,237.76194763183594,1787483415.2287674
660,1918,p2,selection,62.98722839355469,1787483415.2340477
660,1919,p2,selection,73.27375793457031,1787483415.2389376
660,1920,p2,selection,69.73085021972656,1787483415.243865
661,653,p1,turn,11.89906120300293,1787483415.2916393
661,653,p2,turn,20.433443069458008,1787483415.2925918
661,1921,p1,selection,234.60626220703125,1787483415.297854
661,1922,p1,selection,214.49200439453125,1787483415.3030512
661,1923,p1,selection,207.16053771972656,1787483415.3081334
661,1921,p2,selection,60.932640075683594,1787483415.313382
661,1922,p2,selection,62.25950241088867,1787483415.319024
661,1923,p2,selection,67.04926300048828,1787483415.3240047
662,654,p1,turn,16.16021728515625,1787483415.377386
662,654,p2,turn,20.728681564331055,1787483415.378273
662,1924,p1,selection,186.697509765625,1787483415.383953
662,1925,p1,selection,177.84567260742188,1787483415.3873448
662,1926,p1,selection,200.01663208007812,1787483415.3904011
662,1924,p2,selection,67.14079284667969,1787483415.393373
662,1925,p2,selection,68.21688079833984,1787483415.3964062
662,1926,p2,selection,55.02825927734375,1787483415.3993325
663,655,p1,turn,14.34986400604248,1787483415.4281983
663,655,p2,turn,12.213240623474121,1787483415.429124
663,1927,p1,selection,225.4472198486328,1787483415.4343429
663,1928,p1,selection,227.73434448242188,1787483415.4395545
663,1929,p1,selection,247.79356384277344,1787483415.4446447
663,1927,p2,selection,57.00447463989258,1787483415.449606
663,1928,p2,selection,61.0469970703125,1787483415.4544735
663,1929,p2,selection,57.111000061035156,1787483415.459304
664,656,p1,turn,14.36224365234375,1787483415.5077393
664,656,p2,turn,13.741479873657227,1787483415.5087452
664,1930,p1,selection,218.20301818847656,1787483415.5140908
664,1931,p1,selection,190.2091522216797,1787483415.5192227
664,1932,p1,selection,234.17530822753906,1787483415.5242887
664,1930,p2,selection,74.07845306396484,1787483415.529218
664,1931,p2,selection,52.31275177001953,1787483415.5340784
664,1932,p2,selection,61.26111602783203,1787483415.5388794
665,657,p1,turn,12.728876113891602,1787483415.573388
665,657,p2,turn,20.532981872558594,1787483415.57407
665,1933,p1,selection,221.4730682373047,1787483415.5796354
665,1934,p1,selection,224.77462768554688,1787483415.5848458
665,1935,p1,selection,235.9222869873047,1787483415.5899823
665,1933,p2,selection,56.82563018798828,1787483415.5950391
665,1934,p2,selection,75.08271789550781,1787483415.6000388
665,1935,p2,selection,64.01625061035156,1787483415.6049583
666,658,p1,turn,17.484941482543945,1787483415.6508617
666,658,p2,turn,21.521337509155273,1787483415.6517715
666,1936,p1,selection,233.88711547851562,1787483415.6569014
666,1937,p1,selection,286.5274963378906,1787483415.6622639
666,1938,p1,selection,232.35052490234375,1787483415.667455
666,1936,p2,selection,65.68223571777344,1787483415.6723268
666,1937,p2,selection,69.09941864013672,1787483415.6774065
666,1938,p2,selection,71.83599853515625,1787483415.68246
667,659,p1,turn,24.301105499267578,1787483415.729773
667,659,p2,turn,22.3243350982666,1787483415.730706
667,1939,p1,selection,218.53128051757812,1787483415.73584
667,1940,p1,selection,210.5604705810547,1787483415.7410033
667,1941,p1,selection,216.12034606933594,1787483415.746285
667,1939,p2,selection,64.46783447265625,1787483415.751747
667,1940,p2,selection,57.85816955566406,1787483415.7567043
667,1941,p2,selection,65.05908203125,1787483415.7616577
668,660,p1,turn,14.060600280761719,1787483415.8080885
668,660,p2,turn,28.881458282470703,1787483415.8089182
668,1942,p1,selection,250.46560668945312,1787483415.8140185
668,1943,p1,selection,220.26852416992188,1787483415.8189278
668,1944,p1,selection,196.51443481445312,1787483415.823803
668,1942,p2,selection,64.48123931884766,1787483415.828882
668,1943,p2,selection,52.07212829589844,1787483415.8337045
668,1944,p2,selection,62.40398025512695,1787483415.8383825
669,661,p1,turn,17.850252151489258,1787483415.8825476
669,661,p2,turn,25.05654525756836,1787483415.883436
669,1945,p1,selection,223.35357666015625,1787483415.8884804
669,1946,p1,selection,243.82493591308594,1787483415.8933916
669,1947,p1,selection,193.05300903320312,1787483415.8983746
669,1945,p2,selection,59.232383728027344,1787483415.903091
669,1946,p2,selection,61.71757507324219,1787483415.9077613
669,1947,p2,selection,53.099876403808594,1787483415.9124908
670,662,p1,turn,16.414499282836914,1787483415.9509025
670,662,p2,turn,24.91588020324707,1787483415.9514763
670,1948,p1,selection,259.0560302734375,1787483415.9538898
670,1949,p1,selection,176.4234619140625,1787483415.956276
670,1950,p1,selection,190.4364776611328,1787483415.9619918
670,1948,p2,selection,57.679222106933594,1787483415.9671555
670,1949,p2,selection,70.29949951171875,1787483415.9722338
670,1950,p2,selection,71.01309204101562,1787483415.9782255
671,663,p1,turn,15.179964065551758,1787483416.0222144
671,663,p2,turn,19.43226432800293,1787483416.0231483
671,1951,p1,selection,223.88619995117188,1787483416.0284681
671,1952,p1,selection,222.52066040039062,1787483416.0338101
671,1953,p1,selection,258.47381591796875,1787483416.0389555
671,1951,p2,selection,63.417076110839844,1787483416.0417256
671,1952,p2,selection,63.54825973510742,1787483416.0458775
671,1953,p2,selection,59.27629470825195,1787483416.0509017
672,664,p1,turn,16.171730041503906,1787483416.095419
672,664,p2,turn,19.635948181152344,1787483416.0963943
672,1954,p1,selection,168.69430541992188,1787483416.101669
672,1955,p1,selection,223.56756591796875,1787483416.107019
672,1956,p1,selection,211.59820556640625,1787483416.1120186
672,1954,p2,selection,56.569271087646484,1787483416.1159172
672,1955,p2,selection,56.14567184448242,1787483416.119391
672,1956,p2,selection,69.34757232666016,1787483416.123051
673,665,p1,turn,14.815176963806152,1787483416.17204
673,665,p2,turn,19.27721405029297,1787483416.173017
673,1957,p1,selection,229.67706298828125,1787483416.178743
673,1958,p1,selection,207.0335693359375,1787483416.184565
673,1959,p1,selection,231.57162475585938,1787483416.190235
673,1957,p2,selection,65.95034790039062,1787483416.196006
673,1958,p2,selection,66.74175262451172,1787483416.2013552
673,1959,p2,selection,63.1269645690918,1787483416.206578
674,666,p1,turn,13.498947143554688,1787483416.242223
674,666,p2,turn,21.678974151611328,1787483416.2428777
674,1960,p1,selection,212.3318328857422,1787483416.2459414
674,1961,p1,selection,190.8894500732422,1787483416.249226
674,1962,p1,selection,237.59317016601562,1787483416.2523139
674,1960,p2,selection,66.26656341552734,1787483416.2553942
674,1961,p2,selection,62.739524841308594,1787483416.259367
674,1962,p2,selection,60.30757141113281,1787483416.2648501
675,667,p1,turn,14.64554214477539,1787483416.31455
675,667,p2,turn,22.191370010375977,1787483416.315502
675,1963,p1,selection,211.1510009765625,1787483416.3208828
675,1964,p1,selection,245.69590759277344,1787483416.3263464
675,1965,p1,selection,197.35772705078125,1787483416.332444
675,1963,p2,selection,65.7687759399414,1787483416.337682
675,1964,p2,selection,68.98994445800781,1787483416.3428025
675,1965,p2,selection,60.54475402832031,1787483416.3480988
676,668,p1,turn,20.399051666259766,1787483416.3961146
676,668,p2,turn,22.90019989013672,1787483416.3970978
676,1966,p1,selection,223.42430114746094,1787483416.4025245
676,1967,p1,selection,248.667236328125,1787483416.408213
676,1968,p1,selection,222.783935546875,1787483416.4138865
676,1966,p2,selection,54.885799407958984,1787483416.4190536
676,1967,p2,selection,61.92588806152344,1787483416.4239104
676,1968,p2,selection,62.549556732177734,1787483416.429267
677,669,p1,turn,15.593618392944336,1787483416.4697802
677,669,p2,turn,19.860849380493164,1787483416.470768
677,1969,p1,selection,242.86550903320312,1787483416.476309
677,1970,p1,selection,175.82666015625,1787483416.4824555
677,1971,p1,selection,206.65264892578125,1787483416.4880211
677,1969,p2,selection,73.84223937988281,1787483416.493391
677,1970,p2,selection,66.58860778808594,1787483416.498743
677,1971,p2,selection,68.20230102539062,1787483416.5038614
678,670,p1,turn,18.195079803466797,1787483416.5458395
678,670,p2,turn,24.100160598754883,1787483416.5464928
678,1972,p1,selection,228.83010864257812,1787483416.5516334
678,1973,p1,selection,199.54689025878906,1787483416.5572379
678,1974,p1,selection,205.49095153808594,1787483416.5630977
678,1972,p2,selection,63.611732482910156,1787483416.5683687
678,1973,p2,selection,67.23252868652344,1787483416.573928
678,1974,p2,selection,65.69300079345703,1787483416.5804982
679,671,p1,turn,15.782511711120605,1787483416.6159136
679,671,p2,turn,27.783872604370117,1787483416.6165102
679,1975,p1,selection,217.16259765625,1787483416.6191096
679,1976,p1,selection,208.70823669433594,1787483416.6217015
679,1977,p1,selection,206.58853149414062,1787483416.6250114
679,1975,p2,selection,68.0207748413086,1787483416.6286473
679,1976,p2,selection,55.57931900024414,1787483416.6318944
679,1977,p2,selection,60.605018615722656,1787483416.6348763
680,672,p1,turn,14.702310562133789,1787483416.668717
680,672,p2,turn,25.522594451904297,1787483416.6696374
680,1978,p1,selection,218.8662567138672,1787483416.6748593
680,1979,p1,selection,210.0599822998047,1787483416.6803174
680,1980,p1,selection,226.30868530273438,1787483416.6855707
680,1978,p2,selection,59.85059356689453,1787483416.690468
680,1979,p2,selection,65.36912536621094,1787483416.6955786
680,1980,p2,selection,63.11139678955078,1787483416.7006514
681,673,p1,turn,11.02260971069336,1787483416.746601
681,673,p2,turn,19.034992218017578,1787483416.747485
681,1981,p1,selection,226.2464141845703,1787483416.7526546
681,1982,p1,selection,227.58987426757812,1787483416.7578986
681,1983,p1,selection,225.91551208496094,1787483416.7632484
681,1981,p2,selection,65.56057739257812,1787483416.7682126
681,1982,p2,selection,63.456295013427734,1787483416.7731571
681,1983,p2,selection,51.514503479003906,1787483416.7782574
682,674,p1,turn,13.045177459716797,1787483416.829692
682,674,p2,turn,17.049734115600586,1787483416.8306923
682,1984,p1,selection,233.9113311767578,1787483416.8360023
682,1985,p1,selection,190.9285430908203,1787483416.8412042
682,1986,p1,selection,242.06356811523438,1787483416.8467555
682,1984,p2,selection,59.88536834716797,1787483416.8518186
682,1985,p2,selection,63.76265335083008,1787483416.8567173
682,1986,p2,selection,62.130706787109375,1787483416.8618553
683,675,p1,turn,19.136188507080078,1787483416.9134061
683,675,p2,turn,18.441818237304688,1787483416.9144063
683,1987,p1,selection,235.67889404296875,1787483416.9177883
683,1988,p1,selection,215.34539794921875,1787483416.9202762
683,1989,p1,selection,223.88807678222656,1787483416.9236135
683,1987,p2,selection,78.78433990478516,1787483416.928993
683,1988,p2,selection,61.475975036621094,1787483416.9340928
683,1989,p2,selection,63.47566223144531,1787483416.9389825
684,676,p1,turn,18.452606201171875,1787483416.9810188
684,676,p2,turn,20.24358558654785,1787483416.9816766
684,1990,p1,selection,231.43836975097656,1787483416.984746
684,1991,p1,selection,239.70291137695312,1787483416.9876893
684,1992,p1,selection,234.25453186035156,1787483416.991507
684,1990,p2,selection,63.60805130004883,1787483416.9969523
684,1991,p2,selection,60.457496643066406,1787483417.002084
684,1992,p2,selection,58.12456512451172,1787483417.006937
685,677,p1,turn,14.57211685180664,1787483417.0551896
685,677,p2,turn,22.073938369750977,1787483417.0560672
685,1993,p1,selection,193.21630859375,1787483417.0614111
685,1994,p1,selection,218.61026000976562,1787483417.0666137
685,1995,p1,selection,216.7685546875,1787483417.0717423
685,1993,p2,selection,65.26625061035156,1787483417.0766358
685,1994,p2,selection,62.877174377441406,1787483417.0797632
685,1995,p2,selection,54.07267761230469,1787483417.0826688
686,678,p1,turn,11.697216033935547,1787483417.1034606
686,678,p2,turn,24.8006591796875,1787483417.104042
686,1996,p1,selection,206.98394775390625,1787483417.1070404
686,1997,p1,selection,201.07762145996094,1787483417.1120093
686,1998,p1,selection,227.7761688232422,1787483417.1179423
686,1996,p2,selection,57.980247497558594,1787483417.1233094
686,1997,p2,selection,62.56282043457031,1787483417.1291542
686,1998,p2,selection,74.76492309570312,1787483417.1345885
687,679,p1,turn,15.411628723144531,1787483417.183589
687,679,p2,turn,23.009721755981445,1787483417.1845977
687,1999,p1,selection,196.06492614746094,1787483417.1899984
687,2000,p1,selection,214.0363006591797,1787483417.1963575
687,2001,p1,selection,205.19677734375,1787483417.2022028
687,1999,p2,selection,59.714599609375,1787483417.2077413
687,2000,p2,selection,69.92303466796875,1787483417.213763
687,2001,p2,selection,56.979827880859375,1787483417.2189128
688,680,p1,turn,12.758391380310059,1787483417.254559
688,680,p2,turn,22.1356201171875,1787483417.2551544
688,2002,p1,selection,201.90219116210938,1787483417.258327
688,2003,p1,selection,219.03857421875,1787483417.2616858
688,2004,p1,selection,209.90147399902344,1787483417.2648728
688,2002,p2,selection,57.389747619628906,1787483417.267919
688,2003,p2,selection,62.68010711669922,1787483417.2709703
688,2004,p2,selection,58.972537994384766,1787483417.2739697
689,681,p1,turn,14.679706573486328,1787483417.2998297
689,681,p2,turn,24.478784561157227,1787483417.3004372
689,2005,p1,selection,220.04066467285156,1787483417.3036485
689,2006,p1,selection,207.45709228515625,1787483417.306843
689,2007,p1,selection,173.58355712890625,1787483417.3107135
689,2005,p2,selection,57.150062561035156,1787483417.3141427
689,2006,p2,selection,62.188602447509766,1787483417.317356
689,2007,p2,selection,69.5979995727539,1787483417.32051
690,682,p1,turn,17.790409088134766,1787483417.3448591
690,682,p2,turn,14.306640625,1787483417.3458326
690,2008,p1,selection,207.09010314941406,1787483417.3522818
690,2009,p1,selection,222.172607421875,1787483417.3582313
690,2010,p1,selection,195.40585327148438,1787483417.3640106
690,2008,p2,selection,63.066734313964844,1787483417.3694088
690,2009,p2,selection,72.31058502197266,1787483417.374751
690,2010,p2,selection,62.49026107788086,1787483417.3801754
691,683,p1,turn,14.534656524658203,1787483417.4305644
691,683,p2,turn,21.39290428161621,1787483417.4315045
691,2011,p1,selection,188.20809936523438,1787483417.4370098
691,2012,p1,selection,223.98214721679688,1787483417.4424653
691,2013,p1,selection,216.31027221679688,1787483417.4475434
691,2011,p2,selection,65.52456665039062,1787483417.45075
691,2012,p2,selection,63.24542999267578,1787483417.4538374
691,2013,p2,selection,61.073307037353516,1787483417.4568777
692,684,p1,turn,15.864958763122559,1787483417.4797337
692,684,p2,turn,21.32557487487793,1787483417.4803543
692,2014,p1,selection,191.86309814453125,1787483417.4836245
692,2015,p1,selection,198.02261352539062,1787483417.4870257
692,2016,p1,selection,223.42381286621094,1787483417.491148
692,2014,p2,selection,61.56782531738281,1787483417.4970222
692,2015,p2,selection,62.63750457763672,1787483417.5027125
692,2016,p2,selection,55.92511749267578,1787483417.5081582
693,685,p1,turn,13.006610870361328,1787483417.5345256
693,685,p2,turn,16.08443832397461,1787483417.5351975
693,2017,p1,selection,226.8025360107422,1787483417.5384982
693,2018,p1,selection,225.95608520507812,1787483417.5417502
693,2019,p1,selection,203.22418212890625,1787483417.5457702
693,2017,p2,selection,70.44861602783203,1787483417.5496204
693,2018,p2,selection,80.15155029296875,1787483417.5542347
693,2019,p2,selection,70.94808197021484,1787483417.5591342
694,686,p1,turn,14.886412620544434,1787483417.5893521
694,686,p2,turn,18.863910675048828,1787483417.5900407
694,2020,p1,selection,200.97409057617188,1787483417.5951998
694,2021,p1,selection,214.6925048828125,1787483417.6001856
694,2022,p1,selection,186.12078857421875,1787483417.6046693
694,2020,p2,selection,55.01033020019531,1787483417.6090548
694,2021,p2,selection,65.64637756347656,1787483417.6130078
694,2022,p2,selection,77.66656494140625,1787483417.6173391
695,687,p1,turn,21.32734489440918,1787483417.6482253
695,687,p2,turn,22.12190055847168,1787483417.6488938
695,2023,p1,selection,189.90774536132812,1787483417.6537697
695,2024,p1,selection,221.5682830810547,1787483417.6584828
695,2025,p1,selection,231.09176635742188,1787483417.6632183
695,2023,p2,selection,61.75975036621094,1787483417.66951
695,2024,p2,selection,59.277591705322266,1787483417.6770883
695,2025,p2,selection,68.36267852783203,1787483417.684398
696,688,p1,turn,20.41419219970703,1787483417.7479913
696,688,p2,turn,15.327775955200195,1787483417.7491326
696,2026,p1,selection,204.47268676757812,1787483417.756761
696,2027,p1,selection,217.4403533935547,1787483417.7649047
696,2028,p1,selection,196.2710723876953,1787483417.771291
696,2026,p2,selection,65.4128646850586,1787483417.77513
696,2027,p2,selection,68.27727508544922,1787483417.7793436
696,2028,p2,selection,63.71597671508789,1787483417.7835617
697,689,p1,turn,18.93459701538086,1787483417.8129106
697,689,p2,turn,22.466066360473633,1787483417.813684
697,2029,p1,selection,202.1738739013672,1787483417.818378
697,2030,p1,selection,196.65003967285156,1787483417.8228035
697,2031,p1,selection,177.09323120117188,1787483417.826811
697,2029,p2,selection,77.27346801757812,1787483417.83081
697,2030,p2,selection,61.16877365112305,1787483417.8342505
697,2031,p2,selection,58.852333068847656,1787483417.83764
698,690,p1,turn,13.40503215789795,1787483417.8632243
698,690,p2,turn,20.300796508789062,1787483417.8638837
698,2032,p1,selection,204.81776428222656,1787483417.8672583
698,2033,p1,selection,198.1919708251953,1787483417.8707402
698,2034,p1,selection,174.705322265625,1787483417.8741174
698,2032,p2,selection,61.183616638183594,1787483417.8779662
698,2033,p2,selection,60.07279968261719,1787483417.882168
698,2034,p2,selection,61.51702880859375,1787483417.8863451
699,691,p1,turn,14.042165756225586,1787483417.9120834
699,691,p2,turn,25.670719146728516,1787483417.9128003
699,2035,p1,selection,220.79766845703125,1787483417.9168777
699,2036,p1,selection,222.95079040527344,1787483417.9211643
699,2037,p1,selection,266.00970458984375,1787483417.9247766
699,2035,p2,selection,69.08282470703125,1787483417.9288404
699,2036,p2,selection,58.617958068847656,1787483417.9327242
699,2037,p2,selection,68.52135467529297,1787483417.9369104
700,692,p1,turn,21.724292755126953,1787483417.9651387
700,692,p2,turn,17.265836715698242,1787483417.9658089
700,2038,p1,selection,239.4684600830078,1787483417.9692235
700,2039,p1,selection,180.20101928710938,1787483417.972693
700,2040,p1,selection,215.11972045898438,1787483417.977016
700,2038,p2,selection,57.29039764404297,1787483417.9814208
700,2039,p2,selection,56.2313117980957,1787483417.985413
700,2040,p2,selection,63.99801254272461,1787483417.9893928
701,693,p1,turn,11.966514587402344,1787483418.0450258
701,693,p2,turn,19.91705322265625,1787483418.046166
701,2041,p1,selection,220.0906524658203,1787483418.0534663
701,2042,p1,selection,214.36273193359375,1787483418.0612552
701,2043,p1,selection,185.12905883789062,1787483418.0685606
701,2041,p2,selection,61.40791320800781,1787483418.076062
701,2042,p2,selection,56.720951080322266,1787483418.0831556
701,2043,p2,selection,59.93296432495117,1787483418.0903573
702,694,p1,turn,13.77449893951416,1787483418.1534877
702,694,p2,turn,24.62786865234375,1787483418.1544795
702,2044,p1,selection,214.30886840820312,1787483418.1616669
702,2045,p1,selection,200.3592071533203,1787483418.168606
702,2046,p1,selection,223.71218872070312,1787483418.1758804
702,2044,p2,selection,49.44843673706055,1787483418.1829588
702,2045,p2,selection,61.85774230957031,1787483418.1899204
702,2046,p2,selection,56.04149627685547,1787483418.1966333
703,695,p1,turn,13.337090492248535,1787483418.2288322
703,695,p2,turn,18.78950309753418,1787483418.2295444
703,2047,p1,selection,203.68423461914062,1787483418.233452
703,2048,p1,selection,200.372802734375,1787483418.2374566
703,2049,p1,selection,216.09951782226562,1787483418.2429101
703,2047,p2,selection,61.600791931152344,1787483418.249256
703,2048,p2,selection,57.95582580566406,1787483418.255121
703,2049,p2,selection,63.423316955566406,1787483418.2611537
704,696,p1,turn,15.974462509155273,1787483418.3230298
704,696,p2,turn,20.131258010864258,1787483418.3241045
704,2050,p1,selection,223.1363525390625,1787483418.3314545
704,2051,p1,selection,240.79583740234375,1787483418.338024
704,2052,p1,selection,248.57058715820312,1787483418.3438544
704,2050,p2,selection,71.99559020996094,1787483418.3478522
704,2051,p2,selection,56.0865478515625,1787483418.3513174
704,2052,p2,selection,55.583534240722656,1787483418.3546875
705,697,p1,turn,17.295063018798828,1787483418.3862941
705,697,p2,turn,18.840986251831055,1787483418.387009
705,2053,p1,selection,185.6475830078125,1787483418.3905854
705,2054,p1,selection,253.89984130859375,1787483418.3945625
705,2055,p1,selection,219.16348266601562,1787483418.3981798
705,2053,p2,selection,57.884681701660156,1787483418.4018073
705,2054,p2,selection,84.20539093017578,1787483418.4054446
705,2055,p2,selection,57.11372756958008,1787483418.4106522
706,698,p1,turn,14.956583023071289,1787483418.4417872
706,698,p2,turn,19.891300201416016,1787483418.4429524
706,2056,p1,selection,187.24224853515625,1787483418.4504669
706,2057,p1,selection,192.94058227539062,1787483418.4546313
706,2058,p1,selection,226.1483154296875,1787483418.4586213
706,2056,p2,selection,62.19289779663086,1787483418.4665961
706,2057,p2,selection,56.446685791015625,1787483418.4735656
706,2058,p2,selection,62.495277404785156,1787483418.4801207
707,699,p1,turn,15.25028133392334,1787483418.536353
707,699,p2,turn,22.196630477905273,1787483418.5374706
707,2059,p1,selection,215.89700317382812,1787483418.5441215
707,2060,p1,selection,193.8956298828125,1787483418.5516648
707,2061,p1,selection,188.85946655273438,1787483418.5593152
707,2059,p2,selection,68.1606674194336,1787483418.566518
707,2060,p2,selection,63.39535140991211,1787483418.5730247
707,2061,p2,selection,60.67998123168945,1787483418.579517
708,700,p1,turn,15.4678373336792,1787483418.6389453
708,700,p2,turn,23.74412727355957,1787483418.63995
708,2062,p1,selection,205.64596557617188,1787483418.64686
708,2063,p1,selection,208.70944213867188,1787483418.6533701
708,2064,p1,selection,211.9830780029297,1787483418.659971
708,2062,p2,selection,72.84770202636719,1787483418.666565
708,2063,p2,selection,58.09912872314453,1787483418.6729124
708,2064,p2,selection,55.484554290771484,1787483418.6807158
709,701,p1,turn,10.684893608093262,1787483418.762686
709,701,p2,turn,23.174705505371094,1787483418.7639513
709,2065,p1,selection,194.4474639892578,1787483418.7742703
709,2066,p1,selection,196.02090454101562,1787483418.784494
709,2067,p1,selection,199.3008575439453,1787483418.7910907
709,2065,p2,selection,51.99120330810547,1787483418.797257
709,2066,p2,selection,68.0196762084961,1787483418.8150527
709,2067,p2,selection,61.070701599121094,1787483418.8238697
710,702,p1,turn,14.885266304016113,1787483418.8792534
710,702,p2,turn,22.801610946655273,1787483418.8802786
710,2068,p1,selection,225.86529541015625,1787483418.8890374
710,2069,p1,selection,212.5826416015625,1787483418.8985252
710,2070,p1,selection,188.6957244873047,1787483418.9110093
710,2068,p2,selection,76.94651794433594,1787483418.918508
710,2069,p2,selection,63.663536071777344,1787483418.9245117
710,2070,p2,selection,58.486629486083984,1787483418.9328275
711,703,p1,turn,11.298846244812012,1787483418.9826772
711,703,p2,turn,26.487716674804688,1787483418.983414
711,2071,p1,selection,206.37661743164062,1787483418.9923847
711,2072,p1,selection,182.75106811523438,1787483418.9989874
711,2073,p1,selection,228.25021362304688,1787483419.004445
711,2071,p2,selection,64.31478881835938,1787483419.0096078
711,2072,p2,selection,53.05290603637695,1787483419.014706
711,2073,p2,selection,70.54780578613281,1787483419.0197737
712,704,p1,turn,16.389892578125,1787483419.070002
712,704,p2,turn,25.593097686767578,1787483419.0709696
712,2074,p1,selection,214.14996337890625,1787483419.0765815
712,2075,p1,selection,188.819091796875,1787483419.0821607
712,2076,p1,selection,214.5502471923828,1787483419.0875328
712,2074,p2,selection,62.70433807373047,1787483419.0925207
712,2075,p2,selection,71.73241424560547,1787483419.0975165
712,2076,p2,selection,59.02712631225586,1787483419.1023774
713,705,p1,turn,16.295150756835938,1787483419.1534684
713,705,p2,turn,27.88585662841797,1787483419.1546764
713,2077,p1,selection,235.8380584716797,1787483419.1610744
713,2078,p1,selection,171.8363800048828,1787483419.1669862
713,2079,p1,selection,200.42626953125,1787483419.1725361
713,2077,p2,selection,49.27373504638672,1787483419.1778665
713,2078,p2,selection,52.45500183105469,1787483419.1833055
713,2079,p2,selection,58.88589096069336,1787483419.1889963
714,706,p1,turn,11.77003002166748,1787483419.2456064
714,706,p2,turn,17.225168228149414,1787483419.2467556
714,2080,p1,selection,208.11151123046875,1787483419.2531595
714,2081,p1,selection,211.70468139648438,1787483419.2573996
714,2082,p1,selection,224.741455078125,1787483419.2632313
714,2080,p2,selection,66.59087371826172,1787483419.2694738
714,2081,p2,selection,56.025718688964844,1787483419.2753322
714,2082,p2,selection,58.558109283447266,1787483419.2812178
715,707,p1,turn,16.74253273010254,1787483419.3314347
715,707,p2,turn,20.03005599975586,1787483419.3324368
715,2083,p1,selection,204.16549682617188,1787483419.3399758
715,2084,p1,selection,200.3086700439453,1787483419.347156
715,2085,p1,selection,236.05833435058594,1787483419.353143
715,2083,p2,selection,67.73131561279297,1787483419.3588986
715,2084,p2,selection,65.40824890136719,1787483419.364918
715,2085,p2,selection,60.035980224609375,1787483419.3704383
716,708,p1,turn,15.690837860107422,1787483419.419667
716,708,p2,turn,28.619369506835938,1787483419.4206455
716,2086,p1,selection,221.602783203125,1787483419.425206
716,2087,p1,selection,203.32611083984375,1787483419.4310353
716,2088,p1,selection,226.02212524414062,1787483419.4380896
716,2086,p2,selection,61.097267150878906,1787483419.4444225
716,2087,p2,selection,64.99905395507812,1787483419.4497118
716,2088,p2,selection,61.427696228027344,1787483419.4550917
717,709,p1,turn,16.891313552856445,1787483419.5130587
717,709,p2,turn,26.545167922973633,1787483419.513649
717,2089,p1,selection,211.2694091796875,1787483419.5169895
717,2090,p1,selection,197.61114501953125,1787483419.5201213
717,2091,p1,selection,191.9818115234375,1787483419.5231707
717,2089,p2,selection,62.806976318359375,1787483419.5266247
717,2090,p2,selection,56.868995666503906,1787483419.530038
717,2091,p2,selection,77.1279296875,1787483419.533256
718,710,p1,turn,16.818275451660156,1787483419.560688
718,710,p2,turn,23.366058349609375,1787483419.5613434
718,2092,p1,selection,233.47879028320312,1787483419.564947
718,2093,p1,selection,208.49000549316406,1787483419.568327
718,2094,p1,selection,203.7697296142578,1787483419.5718434
718,2092,p2,selection,57.538169860839844,1787483419.5750506
718,2093,p2,selection,60.90016174316406,1787483419.5784779
718,2094,p2,selection,65.58685302734375,1787483419.5821784
719,711,p1,turn,17.574615478515625,1787483419.606278
719,711,p2,turn,27.771709442138672,1787483419.607191
719,2095,p1,selection,204.60972595214844,1787483419.6142218
719,2096,p1,selection,227.55397033691406,1787483419.6203394
719,2097,p1,selection,181.89942932128906,1787483419.626315
719,2095,p2,selection,57.791053771972656,1787483419.6324162
719,2096,p2,selection,60.21628952026367,1787483419.638483
719,2097,p2,selection,58.37934112548828,1787483419.6444979
720,712,p1,turn,13.166489601135254,1787483419.681774
720,712,p2,turn,20.30289077758789,1787483419.6824527
720,2098,p1,selection,193.6645965576172,1787483419.6857972
720,2099,p1,selection,193.66041564941406,1787483419.6893334
720,2100,p1,selection,216.94271850585938,1787483419.6969793
720,2098,p2,selection,66.62055206298828,1787483419.703327
720,2099,p2,selection,66.41213989257812,1787483419.711563
720,2100,p2,selection,63.000335693359375,1787483419.7217507
721,713,p1,turn,17.36734390258789,1787483419.7836046
721,713,p2,turn,16.902183532714844,1787483419.7844987
721,2101,p1,selection,199.38714599609375,1787483419.790369
721,2102,p1,selection,162.0407257080078,1787483419.7962997
721,2103,p1,selection,177.20623779296875,1787483419.8018177
721,2101,p2,selection,65.06967163085938,1787483419.8072248
721,2102,p2,selection,69.11717224121094,1787483419.812754
721,2103,p2,selection,52.16067123413086,1787483419.8180578
722,714,p1,turn,16.945777893066406,1787483419.8632793
722,714,p2,turn,25.39997673034668,1787483419.8639913
722,2104,p1,selection,233.43234252929688,1787483419.8674076
722,2105,p1,selection,175.74755859375,1787483419.8704371
722,2106,p1,selection,224.52987670898438,1787483419.8737047
722,2104,p2,selection,57.070945739746094,1787483419.8785403
722,2105,p2,selection,49.41899871826172,1787483419.8838952
722,2106,p2,selection,59.417198181152344,1787483419.8891034
723,715,p1,turn,17.83180046081543,1787483419.9318314
723,715,p2,turn,19.078563690185547,1787483419.9325492
723,2107,p1,selection,239.37286376953125,1787483419.9360118
723,2108,p1,selection,219.55538940429688,1787483419.9395037
723,2109,p1,selection,180.1804962158203,1787483419.9439414
723,2107,p2,selection,59.538970947265625,1787483419.9494116
723,2108,p2,selection,58.798370361328125,1787483419.9547076
723,2109,p2,selection,55.506622314453125,1787483419.9607477
724,716,p1,turn,14.982059478759766,1787483420.0220325
724,716,p2,turn,19.18712043762207,1787483420.0230646
724,2110,p1,selection,204.05401611328125,1787483420.0289838
724,2111,p1,selection,201.6350860595703,1787483420.035022
724,2112,p1,selection,190.8998260498047,1787483420.0402133
724,2110,p2,selection,63.46595764160156,1787483420.0442283
724,2111,p2,selection,61.320892333984375,1787483420.050123
724,2112,p2,selection,54.97184753417969,1787483420.0552623
725,717,p1,turn,15.242218971252441,1787483420.1092231
725,717,p2,turn,21.067167282104492,1787483420.1104167
725,2113,p1,selection,186.78981018066406,1787483420.1157591
725,2114,p1,selection,218.80056762695312,1787483420.1212006
725,2115,p1,selection,213.97706604003906,1787483420.1266284
725,2113,p2,selection,53.01238250732422,1787483420.1291978
725,2114,p2,selection,57.45283126831055,1787483420.1321418
725,2115,p2,selection,71.02688598632812,1787483420.1351178
726,718,p1,turn,20.99175262451172,1787483420.1681857
726,718,p2,turn,18.76045799255371,1787483420.1689303
726,2116,p1,selection,189.43077087402344,1787483420.172784
726,2117,p1,selection,214.88803100585938,1787483420.1763537
726,2118,p1,selection,195.23191833496094,1787483420.1799843
726,2116,p2,selection,60.965301513671875,1787483420.1831067
726,2117,p2,selection,64.69270324707031,1787483420.1864755
726,2118,p2,selection,54.586212158203125,1787483420.189496
727,719,p1,turn,13.293777465820312,1787483420.2231677
727,719,p2,turn,22.808509826660156,1787483420.2241538
727,2119,p1,selection,215.9683380126953,1787483420.2299368
727,2120,p1,selection,236.67108154296875,1787483420.236618
727,2121,p1,selection,207.47543334960938,1787483420.2429175
727,2119,p2,selection,59.58717727661133,1787483420.2486854
727,2120,p2,selection,56.45580291748047,1787483420.2541194
727,2121,p2,selection,61.009422302246094,1787483420.2592142
728,720,p1,turn,13.623299598693848,1787483420.3235445
728,720,p2,turn,20.81142807006836,1787483420.3245056
728,2122,p1,selection,208.9123077392578,1787483420.330262
728,2123,p1,selection,190.15972900390625,1787483420.3356895
728,2124,p1,selection,199.2602081298828,1787483420.3411655
728,2122,p2,selection,63.12904357910156,1787483420.346176
728,2123,p2,selection,56.52849578857422,1787483420.351309
728,2124,p2,selection,71.27273559570312,1787483420.3565247
729,721,p1,turn,20.29002571105957,1787483420.4060647
729,721,p2,turn,23.73123550415039,1787483420.407272
729,2125,p1,selection,196.07391357421875,1787483420.4128542
729,2126,p1,selection,186.79055786132812,1787483420.4184904
729,2127,p1,selection,198.80615234375,1787483420.4241245
729,2125,p2,selection,69.12564086914062,1787483420.429638
729,2126,p2,selection,59.60591506958008,1787483420.4349844
729,2127,p2,selection,54.21320343017578,1787483420.4403205
730,722,p1,turn,15.229754447937012,1787483420.4700847
730,722,p2,turn,23.781387329101562,1787483420.4710429
730,2128,p1,selection,192.40528869628906,1787483420.4767907
730,2129,p1,selection,231.3738555908203,1787483420.482487
730,2130,p1,selection,213.29916381835938,1787483420.4884
730,2128,p2,selection,65.89205932617188,1787483420.4940472
730,2129,p2,selection,68.40962219238281,1787483420.4991522
730,2130,p2,selection,66.29928588867188,1787483420.5043023
731,723,p1,turn,17.89019775390625,1787483420.5510702
731,723,p2,turn,27.37360382080078,1787483420.5517642
731,2131,p1,selection,199.927490234375,1787483420.5548966
731,2132,p1,selection,216.45901489257812,1787483420.5582314
731,2133,p1,selection,213.88641357421875,1787483420.5613701
731,2131,p2,selection,58.450889587402344,1787483420.5646296
731,2132,p2,selection,58.4803581237793,1787483420.5676782
731,2133,p2,selection,68.8875961303711,1787483420.5707123
732,724,p1,turn,16.168554306030273,1787483420.5971673
732,724,p2,turn,18.116046905517578,1787483420.5979712
732,2134,p1,selection,209.54757690429688,1787483420.6020987
732,2135,p1,selection,171.61802673339844,1787483420.605379
732,2136,p1,selection,207.80348205566406,1787483420.6096117
732,2134,p2,selection,66.04449462890625,1787483420.6153114
732,2135,p2,selection,61.12885284423828,1787483420.621239
732,2136,p2,selection,65.00141143798828,1787483420.6273248
733,725,p1,turn,10.337481498718262,1787483420.6802077
733,725,p2,turn,30.84554672241211,1787483420.6808844
733,2137,p1,selection,204.24114990234375,1787483420.6843505
733,2138,p1,selection,219.5062255859375,1787483420.688123
733,2139,p1,selection,211.29763793945312,1787483420.6914108
733,2137,p2,selection,53.739410400390625,1787483420.6951108
733,2138,p2,selection,59.38631057739258,1787483420.699854
733,2139,p2,selection,69.48957061767578,1787483420.7052865
734,726,p1,turn,9.66102123260498,1787483420.7642183
734,726,p2,turn,14.711775779724121,1787483420.7651443
734,2140,p1,selection,207.0291748046875,1787483420.770802
734,2141,p1,selection,192.90927124023438,1787483420.7763906
734,2142,p1,selection,216.73768615722656,1787483420.781607
734,2140,p2,selection,56.629852294921875,1787483420.7868457
734,2141,p2,selection,61.123817443847656,1787483420.7924871
734,2142,p2,selection,58.232521057128906,1787483420.7977536
735,727,p1,turn,19.243099212646484,1787483420.8525212
735,727,p2,turn,16.73726463317871,1787483420.8534198
735,2143,p1,selection,195.68408203125,1787483420.859009
735,2144,p1,selection,231.53634643554688,1787483420.8642411
735,2145,p1,selection,202.4494171142578,1787483420.869722
735,2143,p2,selection,69.37991333007812,1787483420.874998
735,2144,p2,selection,50.829307556152344,1787483420.8804052
735,2145,p2,selection,63.3067626953125,1787483420.8853261
736,728,p1,turn,17.947643280029297,1787483420.9340746
736,728,p2,turn,23.187265396118164,1787483420.9349623
736,2146,p1,selection,207.40631103515625,1787483420.940245
736,2147,p1,selection,227.79393005371094,1787483420.9460058
736,2148,p1,selection,230.17811584472656,1787483420.9515424
736,2146,p2,selection,69.48715209960938,1787483420.9568148
736,2147,p2,selection,66.41009521484375,1787483420.9620116
736,2148,p2,selection,55.53434753417969,1787483420.9673142
737,729,p1,turn,18.088565826416016,1787483421.0213318
737,729,p2,turn,21.29117202758789,1787483421.0225356
737,2149,p1,selection,216.4009552001953,1787483421.0281882
737,2150,p1,selection,206.65863037109375,1787483421.034279
737,2151,p1,selection,175.9698944091797,1787483421.0400443
737,2149,p2,selection,59.49098587036133,1787483421.046196
737,2150,p2,selection,53.39689254760742,1787483421.0516324
737,2151,p2,selection,60.44031524658203,1787483421.0569775
738,730,p1,turn,12.164451599121094,1787483421.1117024
738,730,p2,turn,25.625778198242188,1787483421.1126156
738,2152,p1,selection,213.2252960205078,1787483421.1180668
738,2153,p1,selection,188.67420959472656,1787483421.1232712
738,2154,p1,selection,249.91680908203125,1787483421.1287932
738,2152,p2,selection,62.77104949951172,1787483421.1340744
738,2153,p2,selection,66.67709350585938,1787483421.139002
738,2154,p2,selection,70.04739379882812,1787483421.1444933
739,731,p1,turn,12.792972564697266,1787483421.1970296
739,731,p2,turn,19.94590187072754,1787483421.198216
739,2155,p1,selection,196.14784240722656,1787483421.203509
739,2156,p1,selection,198.05455017089844,1787483421.2091994
739,2157,p1,selection,160.05902099609375,1787483421.2150328
739,2155,p2,selection,62.190372467041016,1787483421.2204273
739,2156,p2,selection,67.05839538574219,1787483421.2257867
739,2157,p2,selection,61.26731491088867,1787483421.2314835
740,732,p1,turn,16.584938049316406,1787483421.280962
740,732,p2,turn,16.490808486938477,1787483421.2818553
740,2158,p1,selection,209.1765899658203,1787483421.2875056
740,2159,p1,selection,176.0372772216797,1787483421.293139
740,2160,p1,selection,167.15554809570312,1787483421.2995667
740,2158,p2,selection,56.580570220947266,1787483421.3048637
740,2159,p2,selection,62.18688201904297,1787483421.3102367
740,2160,p2,selection,65.13482666015625,1787483421.31593
741,733,p1,turn,15.254732131958008,1787483421.3528948
741,733,p2,turn,15.388382911682129,1787483421.3535302
741,2161,p1,selection,209.20809936523438,1787483421.3566315
741,2162,p1,selection,191.41790771484375,1787483421.3601625
741,2163,p1,selection,178.88133239746094,1787483421.3633876
741,2161,p2,selection,61.707054138183594,1787483421.3664486
741,2162,p2,selection,61.55833053588867,1787483421.369457
741,2163,p2,selection,53.93350601196289,1787483421.3728123
742,734,p1,turn,13.40841007232666,1787483421.3956187
742,734,p2,turn,17.637004852294922,1787483421.396295
742,2164,p1,selection,207.13275146484375,1787483421.399554
742,2165,p1,selection,193.50473022460938,1787483421.402687
742,2166,p1,selection,174.41839599609375,1787483421.4064503
742,2164,p2,selection,64.7939224243164,1787483421.4123209
742,2165,p2,selection,59.25634002685547,1787483421.418261
742,2166,p2,selection,59.00970458984375,1787483421.423635
743,735,p1,turn,24.152969360351562,1787483421.4770763
743,735,p2,turn,22.67987060546875,1787483421.4779854
743,2167,p1,selection,235.34591674804688,1787483421.4836674
743,2168,p1,selection,209.81866455078125,1787483421.4891222
743,2169,p1,selection,199.45042419433594,1787483421.494689
743,2167,p2,selection,61.7764778137207,1787483421.5000057
743,2168,p2,selection,57.828269958496094,1787483421.5051157
743,2169,p2,selection,51.54985427856445,1787483421.510483
744,736,p1,turn,15.007010459899902,1787483421.5396874
744,736,p2,turn,24.43088722229004,1787483421.540304
744,2170,p1,selection,217.1719970703125,1787483421.545707
744,2171,p1,selection,205.20143127441406,1787483421.550884
744,2172,p1,selection,204.6478729248047,1787483421.5560262
744,2170,p2,selection,63.73621368408203,1787483421.561849
744,2171,p2,selection,53.5977783203125,1787483421.5672064
744,2172,p2,selection,56.000823974609375,1787483421.5721407
745,737,p1,turn,13.273341178894043,1787483421.620957
745,737,p2,turn,18.668201446533203,1787483421.6218355
745,2173,p1,selection,225.19847106933594,1787483421.627231
745,2174,p1,selection,206.1972198486328,1787483421.6324322
745,2175,p1,selection,196.7439422607422,1787483421.6375184
745,2173,p2,selection,64.11894226074219,1787483421.6425874
745,2174,p2,selection,69.6563720703125,1787483421.648303
745,2175,p2,selection,68.64689636230469,1787483421.6517894
746,738,p1,turn,17.71501922607422,1787483421.6743155
746,738,p2,turn,20.562641143798828,1787483421.674966
746,2176,p1,selection,196.69561767578125,1787483421.678154
746,2177,p1,selection,176.8036651611328,1787483421.6830451
746,2178,p1,selection,176.1866455078125,1787483421.6883087
746,2176,p2,selection,70.31423950195312,1787483421.693598
746,2177,p2,selection,75.02175903320312,1787483421.6986377
746,2178,p2,selection,52.35847473144531,1787483421.7035275
747,739,p1,turn,15.831692695617676,1787483421.7633264
747,739,p2,turn,19.318336486816406,1787483421.7642434
747,2179,p1,selection,192.65573120117188,1787483421.7695732
747,2180,p1,selection,209.76986694335938,1787483421.7747316
747,2181,p1,selection,186.599365234375,1787483421.7799172
747,2179,p2,selection,51.99900436401367,1787483421.784856
747,2180,p2,selection,63.037540435791016,1787483421.7897122
747,2181,p2,selection,60.873207092285156,1787483421.7946417
748,740,p1,turn,17.48994255065918,1787483421.8327637
748,740,p2,turn,20.40433120727539,1787483421.8333924
748,2182,p1,selection,241.54342651367188,1787483421.8363347
748,2183,p1,selection,161.7686767578125,1787483421.8393397
748,2184,p1,selection,219.82469177246094,1787483421.842907
748,2182,p2,selection,61.657379150390625,1787483421.8461998
748,2183,p2,selection,63.459163665771484,1787483421.8491735
748,2184,p2,selection,54.7642707824707,1787483421.852025
749,741,p1,turn,17.23700523376465,1787483421.8718026
749,741,p2,turn,25.563695907592773,1787483421.8723814
749,2185,p1,selection,196.35647583007812,1787483421.877616
749,2186,p1,selection,170.923095703125,1787483421.8829622
749,2187,p1,selection,207.18601989746094,1787483421.8881066
749,2185,p2,selection,57.6258430480957,1787483421.8930955
749,2186,p2,selection,61.66864013671875,1787483421.8981245
749,2187,p2,selection,55.297332763671875,1787483421.9030147
750,742,p1,turn,16.289546966552734,1787483421.9465818
750,742,p2,turn,18.189697265625,1787483421.9475374
750,2188,p1,selection,208.88575744628906,1787483421.9527273
750,2189,p1,selection,167.89666748046875,1787483421.9579277
750,2190,p1,selection,196.40087890625,1787483421.9631426
750,2188,p2,selection,56.03091812133789,1787483421.9680781
750,2189,p2,selection,57.61875534057617,1787483421.972975
750,2190,p2,selection,55.445159912109375,1787483421.9779358
751,743,p1,turn,14.744366645812988,1787483422.01652
751,743,p2,turn,22.652496337890625,1787483422.0174575
751,2191,p1,selection,201.15353393554688,1787483422.0227137
751,2192,p1,selection,186.47738647460938,1787483422.0281732
751,2193,p1,selection,171.77955627441406,1787483422.0338967
751,2191,p2,selection,53.66604995727539,1787483422.0390851
751,2192,p2,selection,64.98228454589844,1787483422.0442107
751,2193,p2,selection,55.24562454223633,1787483422.0492156
752,744,p1,turn,13.237977981567383,1787483422.098935
752,744,p2,turn,13.112103462219238,1787483422.0998237
752,2194,p1,selection,182.62538146972656,1787483422.1048462
752,2195,p1,selection,203.93533325195312,1787483422.1089787
752,2196,p1,selection,170.2989959716797,1787483422.112381
752,2194,p2,selection,64.83193969726562,1787483422.1154413
752,2195,p2,selection,63.34309387207031,1787483422.1184106
752,2196,p2,selection,56.510215759277344,1787483422.121345
753,745,p1,turn,12.634599685668945,1787483422.1497953
753,745,p2,turn,28.041288375854492,1787483422.1506643
753,2197,p1,selection,245.9095458984375,1787483422.155663
753,2198,p1,selection,221.5293731689453,1787483422.161413
753,2199,p1,selection,184.49623107910156,1787483422.1672277
753,2197,p2,selection,63.738433837890625,1787483422.172727
753,2198,p2,selection,57.83502197265625,1787483422.1782248
753,2199,p2,selection,58.64117431640625,1787483422.1834214
754,746,p1,turn,17.48183822631836,1787483422.2187812
754,746,p2,turn,18.091947555541992,1787483422.2194867
754,2200,p1,selection,177.96925354003906,1787483422.2228956
754,2201,p1,selection,168.57484436035156,1787483422.2263107
754,2202,p1,selection,192.4288330078125,1787483422.2296865
754,2200,p2,selection,54.69797134399414,1787483422.2331429
754,2201,p2,selection,50.876609802246094,1787483422.236306
754,2202,p2,selection,61.99297332763672,1787483422.2393482
755,747,p1,turn,15.732342720031738,1787483422.288712
755,747,p2,turn,17.090194702148438,1787483422.2897017
755,2203,p1,selection,211.93821716308594,1787483422.2953076
755,2204,p1,selection,197.96649169921875,1787483422.300444
755,2205,p1,selection,190.2644500732422,1787483422.3055193
755,2203,p2,selection,60.028831481933594,1787483422.310668
755,2204,p2,selection,62.15882110595703,1787483422.3156507
755,2205,p2,selection,57.28924560546875,1787483422.3205326
756,748,p1,turn,14.462575912475586,1787483422.3657572
756,748,p2,turn,13.335603713989258,1787483422.3667092
756,2206,p1,selection,171.81317138671875,1787483422.3719068
756,2207,p1,selection,244.690673828125,1787483422.3771455
756,2208,p1,selection,185.49095153808594,1787483422.3803108
756,2206,p2,selection,62.84639358520508,1787483422.383334
756,2207,p2,selection,62.511024475097656,1787483422.386224
756,2208,p2,selection,54.33409881591797,1787483422.3891275
757,749,p1,turn,14.679688453674316,1787483422.41115
757,749,p2,turn,20.64466667175293,1787483422.4117815
757,2209,p1,selection,155.7769317626953,1787483422.4148757
757,2210,p1,selection,165.53778076171875,1787483422.4179204
757,2211,p1,selection,161.8745880126953,1787483422.4209588
757,2209,p2,selection,67.34017944335938,1787483422.4239721
757,2210,p2,selection,58.507347106933594,1787483422.4274852
757,2211,p2,selection,61.80997085571289,1787483422.4310725
758,750,p1,turn,15.566999435424805,1787483422.4719675
758,750,p2,turn,20.85181999206543,1787483422.4728758
758,2212,p1,selection,191.1790008544922,1787483422.4782095
758,2213,p1,selection,190.26739501953125,1787483422.4836555
758,2214,p1,selection,166.7862548828125,1787483422.4889183
758,2212,p2,selection,52.75067901611328,1787483422.4938939
758,2213,p2,selection,55.51472473144531,1787483422.498776
758,2214,p2,selection,62.851470947265625,1787483422.5036917
759,751,p1,turn,14.577454566955566,1787483422.559073
759,751,p2,turn,23.47649383544922,1787483422.5599775
759,2215,p1,selection,166.6288604736328,1787483422.5652475
759,2216,p1,selection,221.1800537109375,1787483422.5703194
759,2217,p1,selection,166.8905487060547,1787483422.5756335
759,2215,p2,selection,54.740806579589844,1787483422.5809464
759,2216,p2,selection,67.01956939697266,1787483422.5858784
759,2217,p2,selection,54.074859619140625,1787483422.5907805
760,752,p1,turn,18.136898040771484,1787483422.6362753
760,752,p2,turn,30.154815673828125,1787483422.6371174
760,2218,p1,selection,169.3162841796875,1787483422.6426053
760,2219,p1,selection,166.92767333984375,1787483422.6454518
760,2220,p1,selection,193.3231201171875,1787483422.647904
760,2218,p2,selection,56.30412292480469,1787483422.6519287
760,2219,p2,selection,52.71790313720703,1787483422.656736
760,2220,p2,selection,52.849098205566406,1787483422.6621947
761,753,p1,turn,8.932256698608398,1787483422.7123017
761,753,p2,turn,14.326998710632324,1787483422.7132072
761,2221,p1,selection,196.43531799316406,1787483422.7182086
761,2222,p1,selection,211.15032958984375,1787483422.7230797
761,2223,p1,selection,181.31964111328125,1787483422.72816
761,2221,p2,selection,66.50237274169922,1787483422.732947
761,2222,p2,selection,58.673885345458984,1787483422.737665
761,2223,p2,selection,57.22029495239258,1787483422.7425416
762,754,p1,turn,13.638915061950684,1787483422.7898958
762,754,p2,turn,19.48810386657715,1787483422.7908893
762,2224,p1,selection,196.39601135253906,1787483422.7966132
762,2225,p1,selection,198.9474334716797,1787483422.8024204
762,2226,p1,selection,183.50782775878906,1787483422.8081443
762,2224,p2,selection,65.17523193359375,1787483422.8135817
762,2225,p2,selection,55.751365661621094,1787483422.8186767
762,2226,p2,selection,63.1146354675293,1787483422.8239448
763,755,p1,turn,15.652067184448242,1787483422.8794026
763,755,p2,turn,16.418209075927734,1787483422.8802936
763,2227,p1,selection,202.69586181640625,1787483422.8876987
763,2228,p1,selection,208.07470703125,1787483422.8959384
763,2229,p1,selection,207.13677978515625,1787483422.90283
763,2227,p2,selection,46.52284622192383,1787483422.9099188
763,2228,p2,selection,58.97712707519531,1787483422.9170024
763,2229,p2,selection,52.31119918823242,1787483422.923445
764,756,p1,turn,12.198243141174316,1787483422.981561
764,756,p2,turn,17.717571258544922,1787483422.982655
764,2230,p1,selection,192.46725463867188,1787483422.989591
764,2231,p1,selection,190.97186279296875,1787483422.996709
764,2232,p1,selection,163.75730895996094,1787483423.0030897
764,2230,p2,selection,61.15420913696289,1787483423.010208
764,2231,p2,selection,45.44297790527344,1787483423.017112
764,2232,p2,selection,52.785362243652344,1787483423.0239542
765,757,p1,turn,16.691125869750977,1787483423.0867817
765,757,p2,turn,18.045549392700195,1787483423.0878491
765,2233,p1,selection,181.98587036132812,1787483423.0945055
765,2234,p1,selection,182.79483032226562,1787483423.1008222
765,2235,p1,selection,184.10092163085938,1787483423.1072025
765,2233,p2,selection,48.92142868041992,1787483423.1133957
765,2234,p2,selection,64.68385314941406,1787483423.119547
765,2235,p2,selection,50.34541320800781,1787483423.12582
766,758,p1,turn,15.179550170898438,1787483423.1880245
766,758,p2,turn,20.35582160949707,1787483423.1890366
766,2236,p1,selection,176.4008331298828,1787483423.1951017
766,2237,p1,selection,193.30140686035156,1787483423.201456
766,2238,p1,selection,194.76760864257812,1787483423.2077618
766,2236,p2,selection,56.85504150390625,1787483423.213679
766,2237,p2,selection,66.41868591308594,1787483423.219562
766,2238,p2,selection,65.37326049804688,1787483423.2258148
767,759,p1,turn,10.498823165893555,1787483423.284501
767,759,p2,turn,17.61341667175293,1787483423.2855337
767,2239,p1,selection,192.65521240234375,1787483423.2914507
767,2240,p1,selection,179.306640625,1787483423.2974522
767,2241,p1,selection,174.1096954345703,1787483423.303178
767,2239,p2,selection,60.39455795288086,1787483423.3089793
767,2240,p2,selection,63.53050994873047,1787483423.3149242
767,2241,p2,selection,67.66543579101562,1787483423.3213296
768,760,p1,turn,17.962196350097656,1787483423.3814816
768,760,p2,turn,18.546409606933594,1787483423.3825312
768,2242,p1,selection,210.56546020507812,1787483423.3883724
768,2243,p1,selection,167.82318115234375,1787483423.3942285
768,2244,p1,selection,181.31051635742188,1787483423.4001753
768,2242,p2,selection,58.37098693847656,1787483423.405969
768,2243,p2,selection,64.43638610839844,1787483423.4116368
768,2244,p2,selection,52.00411605834961,1787483423.417032
769,761,p1,turn,12.214097023010254,1787483423.4714882
769,761,p2,turn,16.838132858276367,1787483423.472535
769,2245,p1,selection,203.8240966796875,1787483423.4785676
769,2246,p1,selection,179.6136932373047,1787483423.4847987
769,2247,p1,selection,161.4557647705078,1787483423.49099
769,2245,p2,selection,54.926116943359375,1787483423.4968143
769,2246,p2,selection,58.71487808227539,1787483423.502173
769,2247,p2,selection,64.92274475097656,1787483423.5076125
770,762,p1,turn,14.565995216369629,1787483423.5667849
770,762,p2,turn,22.493165969848633,1787483423.567785
770,2248,p1,selection,191.0248260498047,1787483423.5735471
770,2249,p1,selection,191.9616241455078,1787483423.5794575
770,2250,p1,selection,186.78651428222656,1787483423.5856895
770,2248,p2,selection,50.920318603515625,1787483423.591529
770,2249,p2,selection,60.2957649230957,1787483423.5980976
770,2250,p2,selection,49.72248458862305,1787483423.604322
771,763,p1,turn,16.290817260742188,1787483423.653896
771,763,p2,turn,23.314971923828125,1787483423.654823
771,2251,p1,selection,194.63319396972656,1787483423.6610909
771,2252,p1,selection,194.95223999023438,1787483423.6669424
771,2253,p1,selection,187.8638458251953,1787483423.6727493
771,2251,p2,selection,52.523616790771484,1787483423.6788442
771,2252,p2,selection,63.21308517456055,1787483423.6846228
771,2253,p2,selection,63.257301330566406,1787483423.6903822
772,764,p1,turn,19.510112762451172,1787483423.7432551
772,764,p2,turn,20.855567932128906,1787483423.7441902
772,2254,p1,selection,196.4925537109375,1787483423.749831
772,2255,p1,selection,179.57188415527344,1787483423.7552445
772,2256,p1,selection,183.71694946289062,1787483423.761046
772,2254,p2,selection,67.734619140625,1787483423.7667165
772,2255,p2,selection,63.871788024902344,1787483423.7719407
772,2256,p2,selection,51.290931701660156,1787483423.7757468
773,765,p1,turn,13.20633316040039,1787483423.797068
773,765,p2,turn,23.444210052490234,1787483423.7976892
773,2257,p1,selection,192.8136749267578,1787483423.8009033
773,2258,p1,selection,195.4064483642578,1787483423.8040154
773,2259,p1,selection,223.74664306640625,1787483423.8071764
773,2257,p2,selection,63.97196960449219,1787483423.8104236
773,2258,p2,selection,67.47026062011719,1787483423.8135293
773,2259,p2,selection,57.76390838623047,1787483423.81657
774,766,p1,turn,21.214635848999023,1787483423.8683996
774,766,p2,turn,21.588794708251953,1787483423.869374
774,2260,p1,selection,172.4645538330078,1787483423.8747132
774,2261,p1,selection,161.7061309814453,1787483423.8804252
774,2262,p1,selection,218.09254455566406,1787483423.885682
774,2260,p2,selection,59.7467041015625,1787483423.8908336
774,2261,p2,selection,52.32337951660156,1787483423.896058
774,2262,p2,selection,59.70277404785156,1787483423.901183
775,767,p1,turn,11.469560623168945,1787483423.9516768
775,767,p2,turn,18.22707176208496,1787483423.9526346
775,2263,p1,selection,176.2315673828125,1787483423.958173
775,2264,p1,selection,184.59002685546875,1787483423.963886
775,2265,p1,selection,208.77330017089844,1787483423.9693298
775,2263,p2,selection,62.66218185424805,1787483423.9744973
775,2264,p2,selection,64.07449340820312,1787483423.979586
775,2265,p2,selection,54.015159606933594,1787483423.9845138
776,768,p1,turn,16.002553939819336,1787483424.0161333
776,768,p2,turn,22.84701919555664,1787483424.0168266
776,2266,p1,selection,197.94439697265625,1787483424.02197
776,2267,p1,selection,192.31338500976562,1787483424.0275662
776,2268,p1,selection,211.8996124267578,1787483424.0329115
776,2266,p2,selection,49.44434356689453,1787483424.0379143
776,2267,p2,selection,59.80335235595703,1787483424.0429876
776,2268,p2,selection,64.04512786865234,1787483424.0480256
777,769,p1,turn,18.416669845581055,1787483424.0988688
777,769,p2,turn,20.218868255615234,1787483424.099759
777,2269,p1,selection,172.19532775878906,1787483424.1032355
777,2270,p1,selection,189.35169982910156,1787483424.1062148
777,2271,p1,selection,190.13336181640625,1787483424.1092663
777,2269,p2,selection,61.18916320800781,1787483424.11225
777,2270,p2,selection,61.44892120361328,1787483424.115157
777,2271,p2,selection,66.52201843261719,1787483424.1181157
778,770,p1,turn,22.238801956176758,1787483424.146244
778,770,p2,turn,18.008737564086914,1787483424.1471531
778,2272,p1,selection,213.83416748046875,1787483424.1523216
778,2273,p1,selection,222.02658081054688,1787483424.157385
778,2274,p1,selection,151.1402130126953,1787483424.1631887
778,2272,p2,selection,61.69466018676758,1787483424.1689057
778,2273,p2,selection,62.967445373535156,1787483424.1744628
778,2274,p2,selection,61.59442138671875,1787483424.1799524
779,771,p1,turn,14.773950576782227,1787483424.231169
779,771,p2,turn,21.76152229309082,1787483424.232165
779,2275,p1,selection,187.44334411621094,1787483424.2375505
779,2276,p1,selection,209.92022705078125,1787483424.2433453
779,2277,p1,selection,183.6803741455078,1787483424.2487228
779,2275,p2,selection,56.16913604736328,1787483424.253722
779,2276,p2,selection,50.95555114746094,1787483424.2591698
779,2277,p2,selection,54.837318420410156,1787483424.264394
780,772,p1,turn,10.920363426208496,1787483424.3135421
780,772,p2,turn,14.500584602355957,1787483424.3144577
780,2278,p1,selection,196.4139404296875,1787483424.3195674
780,2279,p1,selection,199.73779296875,1787483424.3248775
780,2280,p1,selection,194.91102600097656,1787483424.328518
780,2278,p2,selection,55.738765716552734,1787483424.3316004
780,2279,p2,selection,56.550994873046875,1787483424.3345513
780,2280,p2,selection,50.369972229003906,1787483424.3374667
781,773,p1,turn,17.368257522583008,1787483424.3822005
781,773,p2,turn,23.91748809814453,1787483424.3830924
781,2281,p1,selection,202.951416015625,1787483424.3881528
781,2282,p1,selection,218.40097045898438,1787483424.3934445
781,2283,p1,selection,169.34376525878906,1787483424.3985865
781,2281,p2,selection,67.473388671875,1787483424.4035509
781,2282,p2,selection,58.81769561767578,1787483424.4087763
781,2283,p2,selection,68.52711486816406,1787483424.4138746
782,774,p1,turn,9.743917465209961,1787483424.465252
782,774,p2,turn,17.519775390625,1787483424.4661863
782,2284,p1,selection,170.364501953125,1787483424.471362
782,2285,p1,selection,176.8352508544922,1787483424.4767559
782,2286,p1,selection,197.81614685058594,1787483424.481924
782,2284,p2,selection,50.40375900268555,1787483424.487115
782,2285,p2,selection,54.61671447753906,1787483424.492385
782,2286,p2,selection,53.578792572021484,1787483424.497388
783,775,p1,turn,14.23716926574707,1787483424.5170698
783,775,p2,turn,18.08753204345703,1787483424.517654
783,2287,p1,selection,198.4890899658203,1787483424.5204647
783,2288,p1,selection,199.44882202148438,1787483424.5245013
783,2289,p1,selection,168.4996795654297,1787483424.5275545
783,2287,p2,selection,51.29365539550781,1787483424.5304723
783,2288,p2,selection,58.25605773925781,1787483424.5334034
783,2289,p2,selection,64.32221221923828,1787483424.5362468
784,776,p1,turn,14.014695167541504,1787483424.5571742
784,776,p2,turn,20.569656372070312,1787483424.5577571
784,2290,p1,selection,214.32342529296875,1787483424.5608096
784,2291,p1,selection,159.51895141601562,1787483424.5637803
784,2292,p1,selection,194.00987243652344,1787483424.5667179
784,2290,p2,selection,53.03547286987305,1787483424.569595
784,2291,p2,selection,60.699737548828125,1787483424.5724752
784,2292,p2,selection,58.45484161376953,1787483424.5772293
785,777,p1,turn,20.547210693359375,1787483424.6265423
785,777,p2,turn,18.233474731445312,1787483424.62747
785,2293,p1,selection,203.7681121826172,1787483424.6325796
785,2294,p1,selection,196.5257568359375,1787483424.6377013
785,2295,p1,selection,213.77731323242188,1787483424.6429527
785,2293,p2,selection,62.3311882019043,1787483424.6482112
785,2294,p2,selection,61.7062873840332,1787483424.6531322
785,2295,p2,selection,57.607826232910156,1787483424.6579692
786,778,p1,turn,19.15241050720215,1787483424.6886692
786,778,p2,turn,21.186603546142578,1787483424.6895366
786,2296,p1,selection,177.1332244873047,1787483424.695212
786,2297,p1,selection,203.48846435546875,1787483424.700654
786,2298,p1,selection,202.6748046875,1787483424.7057078
786,2296,p2,selection,44.6192626953125,1787483424.710791
786,2297,p2,selection,62.549156188964844,1787483424.7157156
786,2298,p2,selection,58.102867126464844,1787483424.7206278
787,779,p1,turn,19.87309455871582,1787483424.7674878
787,779,p2,turn,13.584416389465332,1787483424.76837
787,2299,p1,selection,164.23167419433594,1787483424.7735143
787,2300,p1,selection,216.82191467285156,1787483424.7789545
787,2301,p1,selection,182.69400024414062,1787483424.784021
787,2299,p2,selection,54.038509368896484,1787483424.7889442
787,2300,p2,selection,54.338890075683594,1787483424.7942376
787,2301,p2,selection,48.2464485168457,1787483424.7992144
788,780,p1,turn,16.89860725402832,1787483424.824622
788,780,p2,turn,19.350250244140625,1787483424.8252795
788,2302,p1,selection,171.44505310058594,1787483424.828321
788,2303,p1,selection,186.2894287109375,1787483424.8312826
788,2304,p1,selection,148.3008575439453,1787483424.8342361
788,2302,p2,selection,60.89376449584961,1787483424.8371253
788,2303,p2,selection,54.80261993408203,1787483424.8400111
788,2304,p2,selection,45.282962799072266,1787483424.843076
789,781,p1,turn,15.237975120544434,1787483424.8766322
789,781,p2,turn,21.777097702026367,1787483424.877521
789,2305,p1,selection,176.68646240234375,1787483424.8826401
789,2306,p1,selection,187.5444793701172,1787483424.8877
789,2307,p1,selection,159.2451629638672,1787483424.8930223
789,2305,p2,selection,56.053829193115234,1787483424.8980517
789,2306,p2,selection,55.587982177734375,1787483424.9030392
789,2307,p2,selection,48.84712600708008,1787483424.9079354
790,782,p1,turn,15.643336296081543,1787483424.9516997
790,782,p2,turn,21.771352767944336,1787483424.9525976
790,2308,p1,selection,160.31878662109375,1787483424.957377
790,2309,p1,selection,181.02040100097656,1787483424.9605675
790,2310,p1,selection,181.77731323242188,1787483424.9632108
790,2308,p2,selection,65.23475646972656,1787483424.9661655
790,2309,p2,selection,67.19535064697266,1787483424.9690893
790,2310,p2,selection,50.309303283691406,1787483424.9719663
791,783,p1,turn,13.404156684875488,1787483424.9995267
791,783,p2,turn,21.967741012573242,1787483425.0004187
791,2311,p1,selection,132.92971801757812,1787483425.005565
791,2312,p1,selection,190.92356872558594,1787483425.0108547
791,2313,p1,selection,166.474609375,1787483425.0158916
791,2311,p2,selection,59.79429626464844,1787483425.02081
791,2312,p2,selection,53.43023681640625,1787483425.0267031
791,2313,p2,selection,51.03199005126953,1787483425.0318923
792,784,p1,turn,20.96976089477539,1787483425.0678527
792,784,p2,turn,21.60416030883789,1787483425.0684602
792,2314,p1,selection,180.79360961914062,1787483425.0714736
792,2315,p1,selection,170.56143188476562,1787483425.0747108
792,2316,p1,selection,142.32952880859375,1787483425.0780451
792,2314,p2,selection,47.23521423339844,1787483425.0812745
792,2315,p2,selection,65.30409240722656,1787483425.084241
792,2316,p2,selection,60.55562210083008,1787483425.0871315
793,785,p1,turn,15.083396911621094,1787483425.110383
793,785,p2,turn,16.79108238220215,1787483425.111303
793,2317,p1,selection,179.4215545654297,1787483425.1142144
793,2318,p1,selection,169.6046142578125,1787483425.11675
793,2319,p1,selection,150.93963623046875,1787483425.1192865
793,2317,p2,selection,58.41383361816406,1787483425.1216621
793,2318,p2,selection,55.36603546142578,1787483425.1255937
793,2319,p2,selection,63.7079963684082,1787483425.1307206
794,786,p1,turn,17.577089309692383,1787483425.1687376
794,786,p2,turn,21.269603729248047,1787483425.1694152
794,2320,p1,selection,195.96221923828125,1787483425.1727588
794,2321,p1,selection,191.396484375,1787483425.1764596
794,2322,p1,selection,174.7682647705078,1787483425.179839
794,2320,p2,selection,51.09143829345703,1787483425.183003
794,2321,p2,selection,53.92229080200195,1787483425.1860816
794,2322,p2,selection,67.18791198730469,1787483425.189121
795,787,p1,turn,11.173164367675781,1787483425.2253516
795,787,p2,turn,24.50149154663086,1787483425.226035
795,2323,p1,selection,180.06869506835938,1787483425.2293122
795,2324,p1,selection,163.32061767578125,1787483425.2325487
795,2325,p1,selection,181.0267333984375,1787483425.2356963
795,2323,p2,selection,50.38780212402344,1787483425.2387493
795,2324,p2,selection,59.853546142578125,1787483425.2420514
795,2325,p2,selection,51.023372650146484,1787483425.2451897
796,788,p1,turn,10.25810718536377,1787483425.2689095
796,788,p2,turn,19.86162567138672,1787483425.2695503
796,2326,p1,selection,170.57095336914062,1787483425.2746189
796,2327,p1,selection,229.88491821289062,1787483425.2800207
796,2328,p1,selection,195.48814392089844,1787483425.2850986
796,2326,p2,selection,58.7586555480957,1787483425.2900507
796,2327,p2,selection,57.98286819458008,1787483425.2951484
796,2328,p2,selection,58.493194580078125,1787483425.3000672
797,789,p1,turn,12.468708038330078,1787483425.3453522
797,789,p2,turn,23.044029235839844,1787483425.34622
797,2329,p1,selection,194.74647521972656,1787483425.3513076
797,2330,p1,selection,202.5297088623047,1787483425.3563676
797,2331,p1,selection,173.93333435058594,1787483425.3618891
797,2329,p2,selection,64.22151184082031,1787483425.365038
797,2330,p2,selection,62.45566177368164,1787483425.3675551
797,2331,p2,selection,66.1384506225586,1787483425.370618
798,790,p1,turn,14.206512451171875,1787483425.4148533
798,790,p2,turn,20.277416229248047,1787483425.4157984
798,2332,p1,selection,191.13226318359375,1787483425.4209104
798,2333,p1,selection,191.72222900390625,1787483425.4264307
798,2334,p1,selection,195.5137176513672,1787483425.431613
798,2332,p2,selection,60.747432708740234,1787483425.4366207
798,2333,p2,selection,65.35112762451172,1787483425.440991
798,2334,p2,selection,51.2597541809082,1787483425.4440217
799,791,p1,turn,20.310958862304688,1787483425.4761705
799,791,p2,turn,18.500152587890625,1787483425.4771402
799,2335,p1,selection,179.62303161621094,1787483425.4826918
799,2336,p1,selection,206.93450927734375,1787483425.48812
799,2337,p1,selection,151.69956970214844,1787483425.4932191
799,2335,p2,selection,61.98713302612305,1787483425.4981806
799,2336,p2,selection,62.1302490234375,1787483425.5031419
799,2337,p2,selection,54.5521125793457,1787483425.5082867
800,792,p1,turn,18.884544372558594,1787483425.5562568
800,792,p2,turn,19.006738662719727,1787483425.5571718
800,2338,p1,selection,177.3274688720703,1787483425.5648377
800,2339,p1,selection,159.3014373779297,1787483425.5719044
800,2340,p1,selection,194.4378204345703,1787483425.577141
800,2338,p2,selection,56.450740814208984,1787483425.5821364
800,2339,p2,selection,58.80912399291992,1787483425.5870497
800,2340,p2,selection,65.97659301757812,1787483425.5922618
801,793,p1,turn,13.277255058288574,1787483425.6247382
801,793,p2,turn,24.952497482299805,1787483425.6255445
801,2341,p1,selection,184.54312133789062,1787483425.6289632
801,2342,p1,selection,164.63992309570312,1787483425.63209
801,2343,p1,selection,184.70254516601562,1787483425.635067
801,2341,p2,selection,52.095619201660156,1787483425.6380057
801,2342,p2,selection,54.2630615234375,1787483425.6413376
801,2343,p2,selection,61.29603958129883,1787483425.6443205
802,794,p1,turn,20.84713363647461,1787483425.6668155
802,794,p2,turn,19.296981811523438,1787483425.667404
802,2344,p1,selection,192.56484985351562,1787483425.6703737
802,2345,p1,selection,156.7980499267578,1787483425.6752758
802,2346,p1,selection,174.75686645507812,1787483425.6805437
802,2344,p2,selection,61.59180450439453,1787483425.6855743
802,2345,p2,selection,52.33160400390625,1787483425.6905825
802,2346,p2,selection,52.057228088378906,1787483425.6955507
803,795,p1,turn,15.578394889831543,1787483425.744229
803,795,p2,turn,23.56668472290039,1787483425.7452576
803,2347,p1,selection,174.05105590820312,1787483425.7503924
803,2348,p1,selection,182.35765075683594,1787483425.7555153
803,2349,p1,selection,207.7515411376953,1787483425.7606337
803,2347,p2,selection,67.56722259521484,1787483425.7655845
803,2348,p2,selection,50.85169219970703,1787483425.7704763
803,2349,p2,selection,62.60488510131836,1787483425.7757046
804,796,p1,turn,18.387903213500977,1787483425.8094168
804,796,p2,turn,30.007863998413086,1787483425.810059
804,2350,p1,selection,145.02694702148438,1787483425.8130612
804,2351,p1,selection,184.75784301757812,1787483425.8155499
804,2352,p1,selection,183.71876525878906,1787483425.8179274
804,2350,p2,selection,49.79946517944336,1787483425.8203936
804,2351,p2,selection,69.64855194091797,1787483425.8233619
804,2352,p2,selection,63.208805084228516,1787483425.8264978
805,797,p1,turn,17.980579376220703,1787483425.8584516
805,797,p2,turn,18.005430221557617,1787483425.8622684
805,2353,p1,selection,169.24000549316406,1787483425.8724484
805,2354,p1,selection,154.02716064453125,1787483425.8798895
805,2355,p1,selection,176.07028198242188,1787483425.891237
805,2353,p2,selection,57.3836669921875,1787483425.9006824
805,2354,p2,selection,62.08601379394531,1787483425.9056325
805,2355,p2,selection,52.47891616821289,1787483425.9176831
806,798,p1,turn,19.947956085205078,1787483425.9706163
806,798,p2,turn,17.13858413696289,1787483425.9715712
806,2356,p1,selection,185.15516662597656,1787483425.9772792
806,2357,p1,selection,176.31178283691406,1787483425.9828422
806,2358,p1,selection,184.05938720703125,1787483425.98817
806,2356,p2,selection,53.8700065612793,1787483425.9934711
806,2357,p2,selection,56.01766586303711,1787483425.9987874
806,2358,p2,selection,56.77667999267578,1787483426.0038989
807,799,p1,turn,13.61092472076416,1787483426.0358975
807,799,p2,turn,19.855417251586914,1787483426.036543
807,2359,p1,selection,145.93663024902344,1787483426.039801
807,2360,p1,selection,177.85977172851562,1787483426.0431235
807,2361,p1,selection,146.25640869140625,1787483426.0462615
807,2359,p2,selection,64.15491485595703,1787483426.0492697
807,2360,p2,selection,54.87445831298828,1787483426.05222
807,2361,p2,selection,57.476375579833984,1787483426.0551763
808,800,p1,turn,18.097057342529297,1787483426.0772507
808,800,p2,turn,22.958715438842773,1787483426.07786
808,2362,p1,selection,176.70713806152344,1787483426.0808744
808,2363,p1,selection,167.4605255126953,1787483426.0838945
808,2364,p1,selection,185.61181640625,1787483426.0868945
808,2362,p2,selection,56.94722366333008,1787483426.0901105
808,2363,p2,selection,61.60336685180664,1787483426.0936546
808,2364,p2,selection,61.713951110839844,1787483426.0969768
809,801,p1,turn,17.344776153564453,1787483426.1403787
809,801,p2,turn,20.845823287963867,1787483426.1412768
809,2365,p1,selection,164.62478637695312,1787483426.146507
809,2366,p1,selection,163.5616455078125,1787483426.1515403
809,2367,p1,selection,194.7090606689453,1787483426.1569803
809,2365,p2,selection,58.010459899902344,1787483426.1641808
809,2366,p2,selection,59.918277740478516,1787483426.16978
809,2367,p2,selection,57.526371002197266,1787483426.1756713
810,802,p1,turn,15.539698600769043,1787483426.224585
810,802,p2,turn,20.523292541503906,1787483426.225541
810,2368,p1,selection,183.9990692138672,1787483426.2310257
810,2369,p1,selection,158.15440368652344,1787483426.2364528
810,2370,p1,selection,197.43370056152344,1787483426.2418387
810,2368,p2,selection,53.555870056152344,1787483426.2470174
810,2369,p2,selection,63.843387603759766,1787483426.252028
810,2370,p2,selection,58.11886978149414,1787483426.2570097
811,803,p1,turn,15.690320014953613,1787483426.3109114
811,803,p2,turn,21.594680786132812,1787483426.3116057
811,2371,p1,selection,190.69189453125,1787483426.3146143
811,2372,p1,selection,149.10862731933594,1787483426.3176835
811,2373,p1,selection,146.34786987304688,1787483426.32058
811,2371,p2,selection,62.9786262512207,1787483426.3237822
811,2372,p2,selection,49.509193420410156,1787483426.3267863
811,2373,p2,selection,70.64144134521484,1787483426.329784
812,804,p1,turn,17.75630760192871,1787483426.3519177
812,804,p2,turn,16.762584686279297,1787483426.3524795
812,2374,p1,selection,166.2044677734375,1787483426.3579657
812,2375,p1,selection,175.88116455078125,1787483426.3631551
812,2376,p1,selection,179.69879150390625,1787483426.3682578
812,2374,p2,selection,64.74937438964844,1787483426.3733025
812,2375,p2,selection,49.49762725830078,1787483426.3797185
812,2376,p2,selection,61.20856475830078,1787483426.3846984
813,805,p1,turn,13.437321662902832,1787483426.4337423
813,805,p2,turn,25.300615310668945,1787483426.4346616
813,2377,p1,selection,200.65895080566406,1787483426.4398263
813,2378,p1,selection,171.51043701171875,1787483426.444949
813,2379,p1,selection,185.52040100097656,1787483426.4499843
813,2377,p2,selection,55.95529556274414,1787483426.4549332
813,2378,p2,selection,59.349037170410156,1787483426.4599173
813,2379,p2,selection,60.7352409362793,1787483426.4649246
814,806,p1,turn,12.824365615844727,1787483426.5009012
814,806,p2,turn,20.161151885986328,1787483426.501835
814,2380,p1,selection,181.39202880859375,1787483426.507105
814,2381,p1,selection,169.09986877441406,1787483426.512274
814,2382,p1,selection,181.33938598632812,1787483426.5172725
814,2380,p2,selection,56.58271789550781,1787483426.5222619
814,2381,p2,selection,58.473472595214844,1787483426.5272818
814,2382,p2,selection,61.40599060058594,1787483426.532214
815,807,p1,turn,15.600963592529297,1787483426.5822024
815,807,p2,turn,23.60131072998047,1787483426.5830464
815,2383,p1,selection,153.83436584472656,1787483426.5881388
815,2384,p1,selection,184.90992736816406,1787483426.5932357
815,2385,p1,selection,186.29356384277344,1787483426.5983055
815,2383,p2,selection,61.19276809692383,1787483426.6032264
815,2384,p2,selection,62.53432846069336,1787483426.608374
815,2385,p2,selection,52.41884994506836,1787483426.613446
816,808,p1,turn,18.523706436157227,1787483426.659553
816,808,p2,turn,17.19466781616211,1787483426.660419
816,2386,p1,selection,185.43154907226562,1787483426.665499
816,2387,p1,selection,185.55026245117188,1787483426.6705723
816,2388,p1,selection,184.55003356933594,1787483426.6755497
816,2386,p2,selection,53.036766052246094,1787483426.6805015
816,2387,p2,selection,59.35084533691406,1787483426.6854796
816,2388,p2,selection,55.558998107910156,1787483426.6905003
817,809,p1,turn,20.29380989074707,1787483426.7347965
817,809,p2,turn,16.16214942932129,1787483426.735702
817,2389,p1,selection,164.6590118408203,1787483426.7408514
817,2390,p1,selection,157.1953887939453,1787483426.7459297
817,2391,p1,selection,164.98402404785156,1787483426.7507687
817,2389,p2,selection,64.08545684814453,1787483426.7555616
817,2390,p2,selection,54.2530517578125,1787483426.7603898
817,2391,p2,selection,56.08749008178711,1787483426.7651544
818,810,p1,turn,13.168912887573242,1787483426.8122988
818,810,p2,turn,21.766094207763672,1787483426.8131597
818,2392,p1,selection,177.82720947265625,1787483426.8180978
818,2393,p1,selection,168.42208862304688,1787483426.8229845
818,2394,p1,selection,171.29046630859375,1787483426.8278627
818,2392,p2,selection,56.4783821105957,1787483426.832608
818,2393,p2,selection,54.24604415893555,1787483426.8373659
818,2394,p2,selection,57.509456634521484,1787483426.8425634
819,811,p1,turn,11.858158111572266,1787483426.8789155
819,811,p2,turn,20.741413116455078,1787483426.8796275
819,2395,p1,selection,146.1504364013672,1787483426.8826404
819,2396,p1,selection,200.02114868164062,1787483426.885611
819,2397,p1,selection,198.0024871826172,1787483426.8885155
819,2395,p2,selection,69.30000305175781,1787483426.89352
819,2396,p2,selection,65.08792114257812,1787483426.8985093
819,2397,p2,selection,56.030208587646484,1787483426.9033794
820,812,p1,turn,8.770325660705566,1787483426.948666
820,812,p2,turn,21.61316680908203,1787483426.9495423
820,2398,p1,selection,175.64395141601562,1787483426.9543827
820,2399,p1,selection,154.88015747070312,1787483426.9596446
820,2400,p1,selection,166.7051544189453,1787483426.9649954
820,2398,p2,selection,61.71971130371094,1787483426.9698398
820,2399,p2,selection,67.19926452636719,1787483426.9748013
820,2400,p2,selection,57.72734069824219,1787483426.9800138
821,813,p1,turn,15.823033332824707,1787483427.025132
821,813,p2,turn,20.96991539001465,1787483427.0260293
821,2401,p1,selection,159.576171875,1787483427.0309253
821,2402,p1,selection,168.60342407226562,1787483427.035737
821,2403,p1,selection,169.5621337890625,1787483427.0407212
821,2401,p2,selection,53.669795989990234,1787483427.0457861
821,2402,p2,selection,64.10746002197266,1787483427.0505989
821,2403,p2,selection,64.02194213867188,1787483427.0553443
822,814,p1,turn,12.396434783935547,1787483427.0991626
822,814,p2,turn,20.489652633666992,1787483427.0997882
822,2404,p1,selection,184.12815856933594,1787483427.102785
822,2405,p1,selection,190.57200622558594,1787483427.1057413
822,2406,p1,selection,188.5263214111328,1787483427.1090863
822,2404,p2,selection,53.54063415527344,1787483427.112451
822,2405,p2,selection,60.4255256652832,1787483427.1154501
822,2406,p2,selection,58.99360656738281,1787483427.1183848
823,815,p1,turn,20.08319664001465,1787483427.1415675
823,815,p2,turn,22.573415756225586,1787483427.1422274
823,2407,p1,selection,184.53453063964844,1787483427.1453831
823,2408,p1,selection,168.94351196289062,1787483427.1483526
823,2409,p1,selection,173.9363250732422,1787483427.1512668
823,2407,p2,selection,59.887611389160156,1787483427.154415
823,2408,p2,selection,46.11578369140625,1787483427.1594803
823,2409,p2,selection,69.63731384277344,1787483427.1644099
824,816,p1,turn,15.911725997924805,1787483427.2141197
824,816,p2,turn,18.044002532958984,1787483427.2150965
824,2410,p1,selection,164.63987731933594,1787483427.2202103
824,2411,p1,selection,175.11715698242188,1787483427.2256937
824,2412,p1,selection,189.75238037109375,1787483427.2309031
824,2410,p2,selection,68.20083618164062,1787483427.2360952
824,2411,p2,selection,53.22785186767578,1787483427.240661
824,2412,p2,selection,61.00730895996094,1787483427.2440794
825,817,p1,turn,12.463509559631348,1787483427.2711642
825,817,p2,turn,16.455806732177734,1787483427.2718253
825,2413,p1,selection,172.67698669433594,1787483427.2751093
825,2414,p1,selection,164.7825927734375,1787483427.2783217
825,2415,p1,selection,166.60438537597656,1787483427.2813375
825,2413,p2,selection,57.91086959838867,1787483427.2843025
825,2414,p2,selection,58.55002975463867,1787483427.28729
825,2415,p2,selection,53.73869323730469,1787483427.2908075
826,818,p1,turn,12.303349494934082,1787483427.3122783
826,818,p2,turn,19.64516830444336,1787483427.3128986
826,2416,p1,selection,196.53839111328125,1787483427.3159394
826,2417,p1,selection,178.26718139648438,1787483427.318993
826,2418,p1,selection,172.6997833251953,1787483427.3219745
826,2416,p2,selection,58.61643981933594,1787483427.3250859
826,2417,p2,selection,50.42298126220703,1787483427.328117
826,2418,p2,selection,57.113834381103516,1787483427.3311384
827,819,p1,turn,12.606096267700195,1787483427.3540154
827,819,p2,turn,16.679611206054688,1787483427.354598
827,2419,p1,selection,171.44244384765625,1787483427.3599193
827,2420,p1,selection,199.59112548828125,1787483427.3650515
827,2421,p1,selection,182.4023895263672,1787483427.3700235
827,2419,p2,selection,57.74708557128906,1787483427.3751326
827,2420,p2,selection,58.09587478637695,1787483427.3801482
827,2421,p2,selection,57.45689010620117,1787483427.3850794
828,820,p1,turn,14.10280990600586,1787483427.4313436
828,820,p2,turn,15.035562515258789,1787483427.4321852
828,2422,p1,selection,171.9806365966797,1787483427.4372675
828,2423,p1,selection,167.67808532714844,1787483427.4423575
828,2424,p1,selection,160.7321014404297,1787483427.4473853
828,2422,p2,selection,54.328407287597656,1787483427.4523246
828,2423,p2,selection,54.50982666015625,1787483427.4572754
828,2424,p2,selection,60.87879943847656,1787483427.462232
829,821,p1,turn,11.672167778015137,1787483427.5124252
829,821,p2,turn,18.28144073486328,1787483427.513444
829,2425,p1,selection,177.3175048828125,1787483427.518754
829,2426,p1,selection,152.95782470703125,1787483427.5239925
829,2427,p1,selection,175.99639892578125,1787483427.5291631
829,2425,p2,selection,58.850433349609375,1787483427.5341382
829,2426,p2,selection,52.708431243896484,1787483427.539024
829,2427,p2,selection,54.300498962402344,1787483427.544244
830,822,p1,turn,9.418731689453125,1787483427.5920086
830,822,p2,turn,17.456012725830078,1787483427.5928972
830,2428,p1,selection,192.26077270507812,1787483427.5979187
830,2429,p1,selection,159.53765869140625,1787483427.6029384
830,2430,p1,selection,177.7007598876953,1787483427.6079497
830,2428,p2,selection,55.70713806152344,1787483427.6128654
830,2429,p2,selection,49.79918670654297,1787483427.6177967
830,2430,p2,selection,55.43972396850586,1787483427.6226914
831,823,p1,turn,17.75632667541504,1787483427.662994
831,823,p2,turn,15.686537742614746,1787483427.6635373
831,2431,p1,selection,162.40126037597656,1787483427.665985
831,2432,p1,selection,186.69085693359375,1787483427.6697533
831,2433,p1,selection,176.49462890625,1787483427.6738765
831,2431,p2,selection,49.897403717041016,1787483427.6770036
831,2432,p2,selection,57.111305236816406,1787483427.6799312
831,2433,p2,selection,60.31597900390625,1787483427.682844
832,824,p1,turn,14.386009216308594,1787483427.706486
832,824,p2,turn,18.953336715698242,1787483427.707079
832,2434,p1,selection,178.6077880859375,1787483427.7122304
832,2435,p1,selection,162.56182861328125,1787483427.7172256
832,2436,p1,selection,172.63658142089844,1787483427.7222009
832,2434,p2,selection,51.1416130065918,1787483427.7275224
832,2435,p2,selection,62.125545501708984,1787483427.7325487
832,2436,p2,selection,61.66651153564453,1787483427.737533
833,825,p1,turn,18.519731521606445,1787483427.784536
833,825,p2,turn,17.048051834106445,1787483427.7854688
833,2437,p1,selection,208.25863647460938,1787483427.7905998
833,2438,p1,selection,181.45883178710938,1787483427.7957208
833,2439,p1,selection,177.2400665283203,1787483427.8006506
833,2437,p2,selection,53.61386489868164,1787483427.8056161
833,2438,p2,selection,63.76001739501953,1787483427.8106294
833,2439,p2,selection,54.817840576171875,1787483427.8155968
834,826,p1,turn,9.226480484008789,1787483427.8653448
834,826,p2,turn,19.161575317382812,1787483427.866229
834,2440,p1,selection,148.27188110351562,1787483427.8713737
834,2441,p1,selection,199.44253540039062,1787483427.876426
834,2442,p1,selection,174.89303588867188,1787483427.8813071
834,2440,p2,selection,65.18397521972656,1787483427.8860793
834,2441,p2,selection,61.046165466308594,1787483427.8911867
834,2442,p2,selection,55.37908172607422,1787483427.8963506
835,827,p1,turn,13.690682411193848,1787483427.9411514
835,827,p2,turn,19.31224250793457,1787483427.9417956
835,2443,p1,selection,175.9890594482422,1787483427.9448278
835,2444,p1,selection,161.5380401611328,1787483427.9478197
835,2445,p1,selection,178.71817016601562,1787483427.9507282
835,2443,p2,selection,65.11782836914062,1787483427.9536474
835,2444,p2,selection,58.070926666259766,1787483427.9575899
835,2445,p2,selection,57.846553802490234,1787483427.9606829
836,828,p1,turn,12.01457405090332,1787483427.9851131
836,828,p2,turn,18.79434585571289,1787483427.9856985
836,2446,p1,selection,200.00013732910156,1787483427.9886236
836,2447,p1,selection,187.0216827392578,1787483427.9917169
836,2448,p1,selection,170.19659423828125,1787483427.9946623
836,2446,p2,selection,62.79417419433594,1787483427.9976215
836,2447,p2,selection,62.30778884887695,1787483428.0004795
836,2448,p2,selection,56.548377990722656,1787483428.0033762
837,829,p1,turn,12.104087829589844,1787483428.0286577
837,829,p2,turn,21.287538528442383,1787483428.029684
837,2449,p1,selection,163.62635803222656,1787483428.0345838
837,2450,p1,selection,172.12313842773438,1787483428.0398035
837,2451,p1,selection,168.22979736328125,1787483428.044625
837,2449,p2,selection,58.11869812011719,1787483428.0493767
837,2450,p2,selection,48.60386276245117,1787483428.0544302
837,2451,p2,selection,55.47859191894531,1787483428.0593312
838,830,p1,turn,14.308884620666504,1787483428.1140141
838,830,p2,turn,16.461427688598633,1787483428.114903
838,2452,p1,selection,169.1563720703125,1787483428.1208663
838,2453,p1,selection,191.7853546142578,1787483428.1272042
838,2454,p1,selection,185.46018981933594,1787483428.1341574
838,2452,p2,selection,63.96015167236328,1787483428.141616
838,2453,p2,selection,61.48482894897461,1787483428.1486032
838,2454,p2,selection,57.278953552246094,1787483428.1554384
839,831,p1,turn,15.388299942016602,1787483428.213115
839,831,p2,turn,11.647220611572266,1787483428.2142308
839,2455,p1,selection,165.66497802734375,1787483428.221194
839,2456,p1,selection,193.501708984375,1787483428.2279835
839,2457,p1,selection,161.5782928466797,1787483428.2353425
839,2455,p2,selection,58.30656051635742,1787483428.2428515
839,2456,p2,selection,68.96751403808594,1787483428.2502005
839,2457,p2,selection,58.295902252197266,1787483428.2575076
840,832,p1,turn,18.76922035217285,1787483428.326337
840,832,p2,turn,17.71622085571289,1787483428.327274
840,2458,p1,selection,206.35716247558594,1787483428.3329093
840,2459,p1,selection,159.71798706054688,1787483428.3383949
840,2460,p1,selection,165.71961975097656,1787483428.3439739
840,2458,p2,selection,60.685707092285156,1787483428.3493736
840,2459,p2,selection,56.305240631103516,1787483428.354755
840,2460,p2,selection,58.35818099975586,1787483428.3601596
841,833,p1,turn,15.919724464416504,1787483428.4145415
841,833,p2,turn,19.484699249267578,1787483428.4151363
841,2461,p1,selection,183.7831268310547,1787483428.418337
841,2462,p1,selection,168.50051879882812,1787483428.4214501
841,2463,p1,selection,169.88693237304688,1787483428.4248161
841,2461,p2,selection,47.00899887084961,1787483428.4280272
841,2462,p2,selection,52.56324768066406,1787483428.43116
841,2463,p2,selection,61.448516845703125,1787483428.434344
842,834,p1,turn,20.67588996887207,1787483428.4785216
842,834,p2,turn,23.880189895629883,1787483428.479447
842,2464,p1,selection,154.11526489257812,1787483428.4852195
842,2465,p1,selection,175.5747528076172,1787483428.4911819
842,2466,p1,selection,175.89422607421875,1787483428.4969158
842,2464,p2,selection,54.48720169067383,1787483428.502378
842,2465,p2,selection,67.99689483642578,1787483428.5079694
842,2466,p2,selection,60.49348449707031,1787483428.513596
843,835,p1,turn,10.913992881774902,1787483428.5661092
843,835,p2,turn,18.607284545898438,1787483428.5670354
843,2467,p1,selection,168.63682556152344,1787483428.5725777
843,2468,p1,selection,148.81085205078125,1787483428.5782099
843,2469,p1,selection,168.92066955566406,1787483428.5837696
843,2467,p2,selection,61.29679489135742,1787483428.5892868
843,2468,p2,selection,46.53597640991211,1787483428.5948281
843,2469,p2,selection,58.25861740112305,1787483428.6001892
844,836,p1,turn,16.376209259033203,1787483428.6539733
844,836,p2,turn,13.661155700683594,1787483428.6549325
844,2470,p1,selection,151.2984161376953,1787483428.6607313
844,2471,p1,selection,152.09393310546875,1787483428.666124
844,2472,p1,selection,178.82669067382812,1787483428.6715145
844,2470,p2,selection,65.06494140625,1787483428.6769767
844,2471,p2,selection,59.37944030761719,1787483428.6822674
844,2472,p2,selection,62.252662658691406,1787483428.687869
845,837,p1,turn,12.846217155456543,1787483428.7383745
845,837,p2,turn,20.627208709716797,1787483428.739346
845,2473,p1,selection,171.91160583496094,1787483428.745169
845,2474,p1,selection,173.626220703125,1787483428.750653
845,2475,p1,selection,146.09078979492188,1787483428.7565267
845,2473,p2,selection,60.378692626953125,1787483428.76311
845,2474,p2,selection,61.69802474975586,1787483428.768806
845,2475,p2,selection,66.87649536132812,1787483428.7744598
846,838,p1,turn,14.61201000213623,1787483428.82724
846,838,p2,turn,16.80396270751953,1787483428.8281257
846,2476,p1,selection,189.46046447753906,1787483428.833537
846,2477,p1,selection,166.8208770751953,1787483428.838962
846,2478,p1,selection,161.65208435058594,1787483428.8444257
846,2476,p2,selection,66.20162963867188,1787483428.8497686
846,2477,p2,selection,59.292633056640625,1787483428.8550155
846,2478,p2,selection,65.41403198242188,1787483428.8604631
847,839,p1,turn,13.24636459350586,1787483428.9081826
847,839,p2,turn,23.466548919677734,1787483428.909151
847,2479,p1,selection,165.08538818359375,1787483428.9144585
847,2480,p1,selection,172.96646118164062,1787483428.9196727
847,2481,p1,selection,148.03611755371094,1787483428.9252555
847,2479,p2,selection,59.057861328125,1787483428.9305396
847,2480,p2,selection,60.963008880615234,1787483428.935728
847,2481,p2,selection,58.59337615966797,1787483428.9411144
848,840,p1,turn,10.79818058013916,1787483428.9965153
848,840,p2,turn,19.308082580566406,1787483428.9974532
848,2482,p1,selection,159.72767639160156,1787483429.0027232
848,2483,p1,selection,178.8011016845703,1787483429.0087812
848,2484,p1,selection,159.9845733642578,1787483429.0140462
848,2482,p2,selection,53.521827697753906,1787483429.0190618
848,2483,p2,selection,55.09210205078125,1787483429.0244205
848,2484,p2,selection,68.48843383789062,1787483429.0298204
849,841,p1,turn,16.604320526123047,1787483429.0759628
849,841,p2,turn,17.154024124145508,1787483429.0768476
849,2485,p1,selection,171.2230682373047,1787483429.0820618
849,2486,p1,selection,174.07162475585938,1787483429.0871444
849,2487,p1,selection,155.45730590820312,1787483429.0926504
849,2485,p2,selection,56.67530059814453,1787483429.0998974
849,2486,p2,selection,52.2947998046875,1787483429.107446
849,2487,p2,selection,59.30970001220703,1787483429.113328
850,842,p1,turn,17.910953521728516,1787483429.1700075
850,842,p2,turn,18.844276428222656,1787483429.1709712
850,2488,p1,selection,167.49693298339844,1787483429.176989
850,2489,p1,selection,133.4058837890625,1787483429.1810644
850,2490,p1,selection,149.5208282470703,1787483429.1849334
850,2488,p2,selection,59.210548400878906,1787483429.1888444
850,2489,p2,selection,55.48568344116211,1787483429.193216
850,2490,p2,selection,65.89385223388672,1787483429.1974587
851,843,p1,turn,15.385313034057617,1787483429.2538493
851,843,p2,turn,21.85679054260254,1787483429.2549515
851,2491,p1,selection,181.57957458496094,1787483429.2624576
851,2492,p1,selection,174.55860900878906,1787483429.2697172
851,2493,p1,selection,162.81015014648438,1787483429.2770426
851,2491,p2,selection,54.488670349121094,1787483429.284192
851,2492,p2,selection,52.58110427856445,1787483429.2915933
851,2493,p2,selection,59.21427917480469,1787483429.29885
852,844,p1,turn,15.033700942993164,1787483429.324252
852,844,p2,turn,25.702470779418945,1787483429.3249583
852,2494,p1,selection,166.29396057128906,1787483429.3303814
852,2495,p1,selection,176.80551147460938,1787483429.336242
852,2496,p1,selection,164.42088317871094,1787483429.342879
852,2494,p2,selection,47.079505920410156,1787483429.3487992
852,2495,p2,selection,59.985774993896484,1787483429.3550262
852,2496,p2,selection,57.61772155761719,1787483429.3613837
853,845,p1,turn,11.927200317382812,1787483429.4160745
853,845,p2,turn,22.561525344848633,1787483429.4170547
853,2497,p1,selection,141.85389709472656,1787483429.422186
853,2498,p1,selection,155.03086853027344,1787483429.4261005
853,2499,p1,selection,162.3866424560547,1787483429.4295578
853,2497,p2,selection,62.33988571166992,1787483429.4355576
853,2498,p2,selection,58.207862854003906,1787483429.442745
853,2499,p2,selection,49.65424728393555,1787483429.450142
854,846,p1,turn,10.892301559448242,1787483429.5107162
854,846,p2,turn,29.11466407775879,1787483429.5117667
854,2500,p1,selection,161.32003784179688,1787483429.5182137
854,2501,p1,selection,161.0821533203125,1787483429.5222907
854,2502,p1,selection,169.61532592773438,1787483429.5262074
854,2500,p2,selection,67.62570190429688,1787483429.53053
854,2501,p2,selection,55.3150520324707,1787483429.5343418
854,2502,p2,selection,69.745361328125,1787483429.5381253
855,847,p1,turn,20.618412017822266,1787483429.5808315
855,847,p2,turn,16.237760543823242,1787483429.5818508
855,2503,p1,selection,189.87570190429688,1787483429.5877051
855,2504,p1,selection,173.03651428222656,1787483429.5936074
855,2505,p1,selection,173.27615356445312,1787483429.599489
855,2503,p2,selection,54.833641052246094,1787483429.605393
855,2504,p2,selection,63.96994400024414,1787483429.611605
855,2505,p2,selection,66.19769287109375,1787483429.6176622
856,848,p1,turn,15.37112808227539,1787483429.6719007
856,848,p2,turn,24.98908233642578,1787483429.6729093
856,2506,p1,selection,168.995849609375,1787483429.6787026
856,2507,p1,selection,145.3460235595703,1787483429.6842363
856,2508,p1,selection,174.21359252929688,1787483429.6898234
856,2506,p2,selection,56.065650939941406,1787483429.6953952
856,2507,p2,selection,53.601200103759766,1787483429.7008164
856,2508,p2,selection,56.17644500732422,1787483429.706626
857,849,p1,turn,15.622532844543457,1787483429.7635715
857,849,p2,turn,20.81806755065918,1787483429.7645812
857,2509,p1,selection,165.04629516601562,1787483429.7702365
857,2510,p1,selection,161.1795654296875,1787483429.7768667
857,2511,p1,selection,144.0021209716797,1787483429.783467
857,2509,p2,selection,63.677703857421875,1787483429.7891135
857,2510,p2,selection,67.43141174316406,1787483429.7946978
857,2511,p2,selection,53.740013122558594,1787483429.8000662
858,850,p1,turn,13.9927396774292,1787483429.84593
858,850,p2,turn,16.979005813598633,1787483429.8466442
858,2512,p1,selection,162.18006896972656,1787483429.8499956
858,2513,p1,selection,171.76815795898438,1787483429.8532016
858,2514,p1,selection,171.8051300048828,1787483429.856683
858,2512,p2,selection,68.2959976196289,1787483429.860467
858,2513,p2,selection,62.59110641479492,1787483429.8640938
858,2514,p2,selection,59.80775833129883,1787483429.8678036
859,851,p1,turn,10.27332592010498,1787483429.9073703
859,851,p2,turn,19.82003402709961,1787483429.9083598
859,2515,p1,selection,160.14981079101562,1787483429.9140494
859,2516,p1,selection,159.384521484375,1787483429.9199939
859,2517,p1,selection,170.37051391601562,1787483429.9259539
859,2515,p2,selection,62.450645446777344,1787483429.9313676
859,2516,p2,selection,65.47737121582031,1787483429.9367616
859,2517,p2,selection,63.27618408203125,1787483429.9422238
860,852,p1,turn,10.133096694946289,1787483429.9724486
860,852,p2,turn,19.161388397216797,1787483429.9731433
860,2518,p1,selection,145.4894561767578,1787483429.976396
860,2519,p1,selection,161.3800048828125,1787483429.9795005
860,2520,p1,selection,141.66336059570312,1787483429.982568
860,2518,p2,selection,72.6143798828125,1787483429.9856791
860,2519,p2,selection,65.89704132080078,1787483429.9891613
860,2520,p2,selection,53.867950439453125,1787483429.992816
861,853,p1,turn,9.942267417907715,1787483430.0176413
861,853,p2,turn,22.513912200927734,1787483430.0183086
861,2521,p1,selection,157.1241912841797,1787483430.0221186
861,2522,p1,selection,181.59243774414062,1787483430.027869
861,2523,p1,selection,129.8721923828125,1787483430.0337193
861,2521,p2,selection,59.045005798339844,1787483430.0390365
861,2522,p2,selection,60.28910446166992,1787483430.0443213
861,2523,p2,selection,64.65101623535156,1787483430.0495615
862,854,p1,turn,13.24908447265625,1787483430.0989747
862,854,p2,turn,17.85346794128418,1787483430.0999556
862,2524,p1,selection,184.09100341796875,1787483430.1052449
862,2525,p1,selection,165.40109252929688,1787483430.1106355
862,2526,p1,selection,151.055908203125,1787483430.11584
862,2524,p2,selection,71.35466003417969,1787483430.121126
862,2525,p2,selection,60.867408752441406,1787483430.1246037
862,2526,p2,selection,64.9234848022461,1787483430.1277423
863,855,p1,turn,13.936656951904297,1787483430.1507695
863,855,p2,turn,21.113239288330078,1787483430.1513577
863,2527,p1,selection,162.29718017578125,1787483430.1568792
863,2528,p1,selection,152.0816192626953,1787483430.1621535
863,2529,p1,selection,147.09194946289062,1787483430.1672466
863,2527,p2,selection,56.47895050048828,1787483430.1723113
863,2528,p2,selection,59.9754638671875,1787483430.1774557
863,2529,p2,selection,54.253231048583984,1787483430.1824007
864,856,p1,turn,15.117488861083984,1787483430.2315443
864,856,p2,turn,17.47477149963379,1787483430.2325695
864,2530,p1,selection,146.95578002929688,1787483430.2376602
864,2531,p1,selection,157.70675659179688,1787483430.2427657
864,2532,p1,selection,170.61361694335938,1787483430.2477531
864,2530,p2,selection,66.33232879638672,1787483430.252814
864,2531,p2,selection,60.91333770751953,1787483430.258626
864,2532,p2,selection,61.54185104370117,1787483430.2641454
865,857,p1,turn,17.797962188720703,1787483430.3110676
865,857,p2,turn,17.771377563476562,1787483430.3120034
865,2533,p1,selection,185.140625,1787483430.3170516
865,2534,p1,selection,140.34072875976562,1787483430.3220444
865,2535,p1,selection,189.6710205078125,1787483430.3270175
865,2533,p2,selection,51.24540328979492,1787483430.3319623
865,2534,p2,selection,59.89143371582031,1787483430.3368578
865,2535,p2,selection,55.492164611816406,1787483430.341874
866,858,p1,turn,18.045318603515625,1787483430.391773
866,858,p2,turn,16.74519157409668,1787483430.392667
866,2536,p1,selection,166.15390014648438,1787483430.3960218
866,2537,p1,selection,152.7151641845703,1787483430.3990004
866,2538,p1,selection,160.3688507080078,1787483430.4020636
866,2536,p2,selection,61.58164978027344,1787483430.4050364
866,2537,p2,selection,64.46720886230469,1787483430.4084923
866,2538,p2,selection,49.91962432861328,1787483430.41389
867,859,p1,turn,15.385376930236816,1787483430.4642553
867,859,p2,turn,17.78546905517578,1787483430.4651866
867,2539,p1,selection,163.44309997558594,1787483430.470494
867,2540,p1,selection,176.3729705810547,1787483430.4763482
867,2541,p1,selection,149.56610107421875,1787483430.481375
867,2539,p2,selection,64.62593078613281,1787483430.4864225
867,2540,p2,selection,60.382755279541016,1787483430.4893878
867,2541,p2,selection,66.80401611328125,1787483430.4928029
868,860,p1,turn,21.716299057006836,1787483430.5178578
868,860,p2,turn,23.184289932250977,1787483430.518497
868,2542,p1,selection,166.40528869628906,1787483430.5216293
868,2543,p1,selection,157.0300750732422,1787483430.5272024
868,2544,p1,selection,162.2318878173828,1787483430.5321956
868,2542,p2,selection,62.392974853515625,1787483430.5374224
868,2543,p2,selection,58.39787673950195,1787483430.5432434
868,2544,p2,selection,57.15138244628906,1787483430.5499468
869,861,p1,turn,13.537585258483887,1787483430.5747893
869,861,p2,turn,18.803009033203125,1787483430.5754826
869,2545,p1,selection,173.20338439941406,1787483430.5807664
869,2546,p1,selection,151.85968017578125,1787483430.5858917
869,2547,p1,selection,150.16102600097656,1787483430.591101
869,2545,p2,selection,54.0293083190918,1787483430.5964112
869,2546,p2,selection,64.5058364868164,1787483430.602277
869,2547,p2,selection,60.35544204711914,1787483430.6091275
870,862,p1,turn,12.68122673034668,1787483430.658748
870,862,p2,turn,13.80927848815918,1787483430.6596978
870,2548,p1,selection,164.9931640625,1787483430.665064
870,2549,p1,selection,146.50338745117188,1787483430.6702495
870,2550,p1,selection,147.72866821289062,1787483430.6759605
870,2548,p2,selection,59.93403244018555,1787483430.6811957
870,2549,p2,selection,58.01570129394531,1787483430.6864536
870,2550,p2,selection,59.48512268066406,1787483430.6920843
871,863,p1,turn,15.646659851074219,1787483430.7416887
871,863,p2,turn,22.848438262939453,1787483430.742634
871,2551,p1,selection,149.70706176757812,1787483430.7481127
871,2552,p1,selection,171.6454315185547,1787483430.7535467
871,2553,p1,selection,144.8544921875,1787483430.7591805
871,2551,p2,selection,61.0659294128418,1787483430.764524
871,2552,p2,selection,52.11582565307617,1787483430.7697577
871,2553,p2,selection,62.529640197753906,1787483430.7750819
872,864,p1,turn,17.052614212036133,1787483430.832471
872,864,p2,turn,19.891551971435547,1787483430.8334465
872,2554,p1,selection,182.09872436523438,1787483430.838945
872,2555,p1,selection,130.8499298095703,1787483430.8442912
872,2556,p1,selection,171.60430908203125,1787483430.8494697
872,2554,p2,selection,54.2217903137207,1787483430.8546143
872,2555,p2,selection,64.97784423828125,1787483430.859937
872,2556,p2,selection,67.46806335449219,1787483430.865155
873,865,p1,turn,12.634252548217773,1787483430.9177434
873,865,p2,turn,20.709829330444336,1787483430.9186995
873,2557,p1,selection,137.2507781982422,1787483430.9247067
873,2558,p1,selection,170.3319091796875,1787483430.9302237
873,2559,p1,selection,175.64358520507812,1787483430.9354715
873,2557,p2,selection,62.32449722290039,1787483430.941074
873,2558,p2,selection,69.35911560058594,1787483430.9464123
873,2559,p2,selection,64.75772857666016,1787483430.951625
874,866,p1,turn,15.940645217895508,1787483430.999801
874,866,p2,turn,26.148530960083008,1787483431.0007353
874,2560,p1,selection,144.91671752929688,1787483431.0061347
874,2561,p1,selection,174.59640502929688,1787483431.011372
874,2562,p1,selection,149.6398162841797,1787483431.016388
874,2560,p2,selection,67.28459930419922,1787483431.0216
874,2561,p2,selection,64.25336456298828,1787483431.0269616
874,2562,p2,selection,73.70426940917969,1787483431.0320082
875,867,p1,turn,17.04637908935547,1787483431.0824013
875,867,p2,turn,15.605483055114746,1787483431.0833647
875,2563,p1,selection,180.644287109375,1787483431.0883834
875,2564,p1,selection,157.26002502441406,1787483431.0933712
875,2565,p1,selection,159.75401306152344,1787483431.0983574
875,2563,p2,selection,46.823883056640625,1787483431.1033032
875,2564,p2,selection,67.6471939086914,1787483431.107589
875,2565,p2,selection,65.51368713378906,1787483431.110303
876,868,p1,turn,18.16366195678711,1787483431.1434877
876,868,p2,turn,21.959854125976562,1787483431.1444576
876,2566,p1,selection,147.11752319335938,1787483431.1495225
876,2567,p1,selection,171.0290069580078,1787483431.154496
876,2568,p1,selection,153.29563903808594,1787483431.159662
876,2566,p2,selection,54.25366973876953,1787483431.1646662
876,2567,p2,selection,59.090553283691406,1787483431.1695766
876,2568,p2,selection,61.39708709716797,1787483431.1747117
877,869,p1,turn,13.490508079528809,1787483431.2208228
877,869,p2,turn,22.774879455566406,1787483431.2218218
877,2569,p1,selection,146.93319702148438,1787483431.2277606
877,2570,p1,selection,153.57833862304688,1787483431.2330697
877,2571,p1,selection,164.00823974609375,1787483431.2381692
877,2569,p2,selection,58.11922073364258,1787483431.243652
877,2570,p2,selection,64.30667114257812,1787483431.249007
877,2571,p2,selection,61.98548889160156,1787483431.2540104
878,870,p1,turn,16.22623634338379,1787483431.3033855
878,870,p2,turn,26.627792358398438,1787483431.3043635
878,2572,p1,selection,176.56097412109375,1787483431.3102837
878,2573,p1,selection,146.3520965576172,1787483431.3155756
878,2574,p1,selection,149.80963134765625,1787483431.3205452
878,2572,p2,selection,54.980831146240234,1787483431.3258498
878,2573,p2,selection,58.036376953125,1787483431.3308918
878,2574,p2,selection,69.1509780883789,1787483431.3358583
879,871,p1,turn,14.716545104980469,1787483431.383606
879,871,p2,turn,21.641529083251953,1787483431.3844893
879,2575,p1,selection,141.55418395996094,1787483431.3896563
879,2576,p1,selection,171.77626037597656,1787483431.3946378
879,2577,p1,selection,136.46807861328125,1787483431.3996284
879,2575,p2,selection,55.941162109375,1787483431.4048307
879,2576,p2,selection,61.860538482666016,1787483431.4100764
879,2577,p2,selection,63.194610595703125,1787483431.415068
880,872,p1,turn,18.354768753051758,1787483431.44546
880,872,p2,turn,18.023563385009766,1787483431.4463422
880,2578,p1,selection,150.8809814453125,1787483431.451383
880,2579,p1,selection,143.41220092773438,1787483431.4566674
880,2580,p1,selection,160.64398193359375,1787483431.4617813
880,2578,p2,selection,67.21833038330078,1787483431.4667554
880,2579,p2,selection,63.92729949951172,1787483431.4718778
880,2580,p2,selection,55.622833251953125,1787483431.4770405
881,873,p1,turn,16.257474899291992,1787483431.5238144
881,873,p2,turn,22.719619750976562,1787483431.5247107
881,2581,p1,selection,139.8586883544922,1787483431.5298276
881,2582,p1,selection,159.75450134277344,1787483431.5347757
881,2583,p1,selection,168.14869689941406,1787483431.539943
881,2581,p2,selection,56.622928619384766,1787483431.5450556
881,2582,p2,selection,67.59356689453125,1787483431.5500355
881,2583,p2,selection,61.56945037841797,1787483431.554968
882,874,p1,turn,16.661426544189453,1787483431.586251
882,874,p2,turn,18.55986785888672,1787483431.5871964
882,2584,p1,selection,170.864013671875,1787483431.5924995
882,2585,p1,selection,160.91439819335938,1787483431.5975015
882,2586,p1,selection,156.8972625732422,1787483431.6024425
882,2584,p2,selection,68.13536834716797,1787483431.607552
882,2585,p2,selection,66.8300552368164,1787483431.6125371
882,2586,p2,selection,59.95220947265625,1787483431.6174529
883,875,p1,turn,11.545320510864258,1787483431.671905
883,875,p2,turn,19.457839965820312,1787483431.6725585
883,2587,p1,selection,161.76817321777344,1787483431.675675
883,2588,p1,selection,162.295166015625,1787483431.6786704
883,2589,p1,selection,169.11256408691406,1787483431.68163
883,2587,p2,selection,65.50434112548828,1787483431.6845381
883,2588,p2,selection,61.733394622802734,1787483431.6884534
883,2589,p2,selection,68.60655975341797,1787483431.6936452
884,876,p1,turn,19.545703887939453,1787483431.7397842
884,876,p2,turn,23.67877960205078,1787483431.740659
884,2590,p1,selection,160.2390594482422,1787483431.7457502
884,2591,p1,selection,183.1239013671875,1787483431.7506852
884,2592,p1,selection,128.73150634765625,1787483431.7557318
884,2590,p2,selection,60.11719512939453,1787483431.7610357
884,2591,p2,selection,56.609954833984375,1787483431.7659981
884,2592,p2,selection,60.83816146850586,1787483431.7709708
885,877,p1,turn,12.97235107421875,1787483431.8248343
885,877,p2,turn,21.339500427246094,1787483431.8258398
885,2593,p1,selection,151.55825805664062,1787483431.831221
885,2594,p1,selection,176.98512268066406,1787483431.8362613
885,2595,p1,selection,181.11392211914062,1787483431.8416133
885,2593,p2,selection,62.925254821777344,1787483431.8467402
885,2594,p2,selection,55.207393646240234,1787483431.8516922
885,2595,p2,selection,64.78781127929688,1787483431.8566575
886,878,p1,turn,16.404146194458008,1787483431.9059508
886,878,p2,turn,20.43337059020996,1787483431.9069357
886,2596,p1,selection,158.56837463378906,1787483431.9121568
886,2597,p1,selection,151.93356323242188,1787483431.9171667
886,2598,p1,selection,148.27308654785156,1787483431.9222558
886,2596,p2,selection,59.362266540527344,1787483431.9273877
886,2597,p2,selection,58.95692443847656,1787483431.9323034
886,2598,p2,selection,61.649818420410156,1787483431.93725
887,879,p1,turn,14.032296180725098,1787483431.98607
887,879,p2,turn,21.11256980895996,1787483431.9869754
887,2599,p1,selection,152.96920776367188,1787483431.9922414
887,2600,p1,selection,144.24578857421875,1787483431.9976566
887,2601,p1,selection,161.0371551513672,1787483432.0025973
887,2599,p2,selection,62.10947799682617,1787483432.0079763
887,2600,p2,selection,64.25943756103516,1787483432.0134661
887,2601,p2,selection,56.085079193115234,1787483432.0183997
888,880,p1,turn,14.53490161895752,1787483432.067414
888,880,p2,turn,28.983686447143555,1787483432.0683005
888,2602,p1,selection,156.8685302734375,1787483432.0731885
888,2603,p1,selection,174.0056610107422,1787483432.0757403
888,2604,p1,selection,140.9962615966797,1787483432.078275
888,2602,p2,selection,50.452423095703125,1787483432.083123
888,2603,p2,selection,63.14728546142578,1787483432.0884266
888,2604,p2,selection,56.57022476196289,1787483432.0935447
889,881,p1,turn,14.002142906188965,1787483432.1400366
889,881,p2,turn,21.968473434448242,1787483432.140672
889,2605,p1,selection,153.67276000976562,1787483432.1436617
889,2606,p1,selection,166.56781005859375,1787483432.146668
889,2607,p1,selection,130.93341064453125,1787483432.1495996
889,2605,p2,selection,69.35798645019531,1787483432.152497
889,2606,p2,selection,70.01444244384766,1787483432.156789
889,2607,p2,selection,65.69084167480469,1787483432.1619277
890,882,p1,turn,14.085502624511719,1787483432.2087743
890,882,p2,turn,23.566251754760742,1787483432.2097244
890,2608,p1,selection,156.48609924316406,1787483432.215141
890,2609,p1,selection,147.35940551757812,1787483432.2208192
890,2610,p1,selection,145.3604736328125,1787483432.2258189
890,2608,p2,selection,64.33065795898438,1787483432.229179
890,2609,p2,selection,73.19461822509766,1787483432.2323728
890,2610,p2,selection,55.61666488647461,1787483432.2354271
891,883,p1,turn,14.933494567871094,1787483432.2590854
891,883,p2,turn,20.849498748779297,1787483432.2598405
891,2611,p1,selection,149.7265625,1787483432.263141
891,2612,p1,selection,165.25143432617188,1787483432.266197
891,2613,p1,selection,151.75270080566406,1787483432.2693393
891,2611,p2,selection,66.39451599121094,1787483432.274026
891,2612,p2,selection,72.499267578125,1787483432.279551
891,2613,p2,selection,55.55751037597656,1787483432.2849884
892,884,p1,turn,16.683494567871094,1787483432.3321996
892,884,p2,turn,29.4608154296875,1787483432.333129
892,2614,p1,selection,152.2034454345703,1787483432.3384812
892,2615,p1,selection,171.2842559814453,1787483432.3437784
892,2616,p1,selection,172.50830078125,1787483432.3487914
892,2614,p2,selection,64.24092102050781,1787483432.3537536
892,2615,p2,selection,64.28361511230469,1787483432.359027
892,2616,p2,selection,63.97843933105469,1787483432.3639693
893,885,p1,turn,16.93511390686035,1787483432.4172244
893,885,p2,turn,21.240720748901367,1787483432.4181368
893,2617,p1,selection,170.65579223632812,1787483432.423449
893,2618,p1,selection,163.4632568359375,1787483432.4284773
893,2619,p1,selection,149.88580322265625,1787483432.4334903
893,2617,p2,selection,63.40439224243164,1787483432.4387429
893,2618,p2,selection,68.34107208251953,1787483432.443837
893,2619,p2,selection,51.71806716918945,1787483432.4488015
894,886,p1,turn,17.43229103088379,1787483432.4757879
894,886,p2,turn,8.923280715942383,1787483432.4766614
894,2620,p1,selection,146.0139617919922,1787483432.481718
894,2621,p1,selection,158.6159210205078,1787483432.4869254
894,2622,p1,selection,190.4684295654297,1787483432.4921548
894,2620,p2,selection,67.53118133544922,1787483432.49713
894,2621,p2,selection,55.91278839111328,1787483432.5020933
894,2622,p2,selection,66.26187896728516,1787483432.5071235
895,887,p1,turn,13.902885437011719,1787483432.551712
895,887,p2,turn,19.288240432739258,1787483432.5526283
895,2623,p1,selection,153.12258911132812,1787483432.5579295
895,2624,p1,selection,148.37669372558594,1787483432.5630474
895,2625,p1,selection,149.0506134033203,1787483432.5680642
895,2623,p2,selection,60.66669845581055,1787483432.5733988
895,2624,p2,selection,69.88983154296875,1787483432.5784519
895,2625,p2,selection,68.07157135009766,1787483432.5834851
896,888,p1,turn,11.683492660522461,1787483432.6304893
896,888,p2,turn,21.04816246032715,1787483432.631407
896,2626,p1,selection,138.3189239501953,1787483432.6364298
896,2627,p1,selection,166.5474853515625,1787483432.6414592
896,2628,p1,selection,163.1196746826172,1787483432.6464853
896,2626,p2,selection,63.716217041015625,1787483432.651419
896,2627,p2,selection,55.65924835205078,1787483432.6566226
896,2628,p2,selection,59.73609161376953,1787483432.6616542
897,889,p1,turn,17.293441772460938,1787483432.7187724
897,889,p2,turn,21.50737953186035,1787483432.7196789
897,2629,p1,selection,162.68919372558594,1787483432.7248745
897,2630,p1,selection,179.15866088867188,1787483432.7298496
897,2631,p1,selection,152.4593963623047,1787483432.734774
897,2629,p2,selection,68.12543487548828,1787483432.7399714
897,2630,p2,selection,67.41288757324219,1787483432.7450004
897,2631,p2,selection,64.11937713623047,1787483432.7499876
898,890,p1,turn,16.51861000061035,1787483432.7967427
898,890,p2,turn,13.951506614685059,1787483432.7976491
898,2632,p1,selection,147.07235717773438,1787483432.80272
898,2633,p1,selection,153.2091827392578,1787483432.8082418
898,2634,p1,selection,142.33941650390625,1787483432.8134143
898,2632,p2,selection,56.898094177246094,1787483432.8183386
898,2633,p2,selection,59.55512619018555,1787483432.8234062
898,2634,p2,selection,67.5914535522461,1787483432.8286266
899,891,p1,turn,16.701839447021484,1787483432.8746827
899,891,p2,turn,15.440820693969727,1787483432.8756857
899,2635,p1,selection,165.04190063476562,1787483432.8807104
899,2636,p1,selection,143.0458221435547,1787483432.8857164
899,2637,p1,selection,153.68470764160156,1787483432.8907137
899,2635,p2,selection,68.44645690917969,1787483432.8956997
899,2636,p2,selection,66.68653869628906,1787483432.9006097
899,2637,p2,selection,61.020389556884766,1787483432.905691
900,892,p1,turn,12.968738555908203,1787483432.9343529
900,892,p2,turn,26.5084171295166,1787483432.9349484
900,2638,p1,selection,174.3135528564453,1787483432.9396248
900,2639,p1,selection,168.76597595214844,1787483432.9447522
900,2640,p1,selection,166.22109985351562,1787483432.9497333
900,2638,p2,selection,51.7564582824707,1787483432.954779
900,2639,p2,selection,56.1172981262207,1787483432.9600756
900,2640,p2,selection,59.0118293762207,1787483432.9650564
901,893,p1,turn,10.048542976379395,1787483433.0178149
901,893,p2,turn,17.694046020507812,1787483433.018757
901,2641,p1,selection,147.66395568847656,1787483433.0241776
901,2642,p1,selection,144.2738800048828,1787483433.0292997
901,2643,p1,selection,150.66958618164062,1787483433.0342686
901,2641,p2,selection,63.26081466674805,1787483433.0393045
901,2642,p2,selection,58.51409912109375,1787483433.0418224
901,2643,p2,selection,71.92078399658203,1787483433.0441782
902,894,p1,turn,9.755331993103027,1787483433.0795548
902,894,p2,turn,17.63072395324707,1787483433.0804644
902,2644,p1,selection,136.88760375976562,1787483433.085505
902,2645,p1,selection,164.76596069335938,1787483433.0905693
902,2646,p1,selection,159.65797424316406,1787483433.0955899
902,2644,p2,selection,67.49626159667969,1787483433.1005428
902,2645,p2,selection,59.77885818481445,1787483433.1055691
902,2646,p2,selection,72.95955657958984,1787483433.1106374
903,895,p1,turn,14.108232498168945,1787483433.1572042
903,895,p2,turn,16.875953674316406,1787483433.1580758
903,2647,p1,selection,145.0404510498047,1787483433.1630945
903,2648,p1,selection,155.3978271484375,1787483433.1680582
903,2649,p1,selection,172.7693328857422,1787483433.1730654
903,2647,p2,selection,56.75953674316406,1787483433.1780117
903,2648,p2,selection,71.23738861083984,1787483433.1829672
903,2649,p2,selection,67.40744018554688,1787483433.1879313
904,896,p1,turn,11.472406387329102,1787483433.238034
904,896,p2,turn,18.153949737548828,1787483433.2389555
904,2650,p1,selection,143.47386169433594,1787483433.2447777
904,2651,p1,selection,157.05374145507812,1787483433.249906
904,2652,p1,selection,162.7510223388672,1787483433.2549138
904,2650,p2,selection,59.74171829223633,1787483433.2603698
904,2651,p2,selection,69.12802124023438,1787483433.2653787
904,2652,p2,selection,66.92133331298828,1787483433.270317
905,897,p1,turn,17.26039695739746,1787483433.3190236
905,897,p2,turn,17.746868133544922,1787483433.3197448
905,2653,p1,selection,150.27650451660156,1787483433.3244379
905,2654,p1,selection,172.97976684570312,1787483433.3279846
905,2655,p1,selection,149.64686584472656,1787483433.3318179
905,2653,p2,selection,60.563716888427734,1787483433.338277
905,2654,p2,selection,65.34514617919922,1787483433.3453002
905,2655,p2,selection,51.93632125854492,1787483433.3516185
906,898,p1,turn,14.906253814697266,1787483433.3985949
906,898,p2,turn,15.71512508392334,1787483433.3992891
906,2656,p1,selection,159.69015502929688,1787483433.4031544
906,2657,p1,selection,172.64158630371094,1787483433.4090173
906,2658,p1,selection,165.16552734375,1787483433.41522
906,2656,p2,selection,60.27391815185547,1787483433.4207137
906,2657,p2,selection,62.69742202758789,1787483433.4246516
906,2658,p2,selection,78.53705596923828,1787483433.428478
907,899,p1,turn,16.684642791748047,1787483433.4557874
907,899,p2,turn,18.459638595581055,1787483433.4565225
907,2659,p1,selection,150.6920623779297,1787483433.4603324
907,2660,p1,selection,146.1643829345703,1787483433.4641504
907,2661,p1,selection,169.69480895996094,1787483433.467975
907,2659,p2,selection,64.06402587890625,1787483433.4720316
907,2660,p2,selection,70.94830322265625,1787483433.475944
907,2661,p2,selection,62.038272857666016,1787483433.4799266
908,900,p1,turn,13.534111976623535,1787483433.507397
908,900,p2,turn,18.713048934936523,1787483433.50817
908,2662,p1,selection,162.22488403320312,1787483433.5120108
908,2663,p1,selection,170.75828552246094,1787483433.5159986
908,2664,p1,selection,153.87582397460938,1787483433.5199678
908,2662,p2,selection,62.4967041015625,1787483433.5239787
908,2663,p2,selection,60.208656311035156,1787483433.5276484
908,2664,p2,selection,60.65871810913086,1787483433.5311172
909,901,p1,turn,11.902280807495117,1787483433.5663915
909,901,p2,turn,20.206600189208984,1787483433.567151
909,2665,p1,selection,160.16506958007812,1787483433.5751903
909,2666,p1,selection,162.51904296875,1787483433.5826623
909,2667,p1,selection,159.77108764648438,1787483433.5887337
909,2665,p2,selection,59.35941696166992,1787483433.5946457
909,2666,p2,selection,57.646671295166016,1787483433.6002963
909,2667,p2,selection,52.90672302246094,1787483433.6054454
910,902,p1,turn,16.650978088378906,1787483433.6307673
910,902,p2,turn,17.04627799987793,1787483433.6314836
910,2668,p1,selection,152.81248474121094,1787483433.637603
910,2669,p1,selection,162.83204650878906,1787483433.6435912
910,2670,p1,selection,157.6945037841797,1787483433.6493373
910,2668,p2,selection,61.02897644042969,1787483433.6551967
910,2669,p2,selection,62.40912628173828,1787483433.6608737
910,2670,p2,selection,51.95680236816406,1787483433.666492
911,903,p1,turn,13.615859031677246,1787483433.717295
911,903,p2,turn,23.587703704833984,1787483433.718232
911,2671,p1,selection,146.5216064453125,1787483433.7238421
911,2672,p1,selection,148.54672241210938,1787483433.7292607
911,2673,p1,selection,160.82518005371094,1787483433.7344897
911,2671,p2,selection,67.39215087890625,1787483433.7397063
911,2672,p2,selection,66.95927429199219,1787483433.7448606
911,2673,p2,selection,77.82984924316406,1787483433.750008
912,904,p1,turn,17.317550659179688,1787483433.8027134
912,904,p2,turn,18.02275848388672,1787483433.8036683
912,2674,p1,selection,123.3194808959961,1787483433.8090692
912,2675,p1,selection,144.50820922851562,1787483433.8142958
912,2676,p1,selection,132.847900390625,1787483433.8194432
912,2674,p2,selection,65.54659271240234,1787483433.8240018
912,2675,p2,selection,65.70101165771484,1787483433.8272452
912,2676,p2,selection,60.679325103759766,1787483433.8303108
913,905,p1,turn,13.331321716308594,1787483433.8647203
913,905,p2,turn,18.656038284301758,1787483433.865657
913,2677,p1,selection,151.93402099609375,1787483433.8711815
913,2678,p1,selection,129.80128479003906,1787483433.8773203
913,2679,p1,selection,171.9757843017578,1787483433.8828561
913,2677,p2,selection,55.588008880615234,1787483433.888241
913,2678,p2,selection,73.22921752929688,1787483433.894788
913,2679,p2,selection,63.428123474121094,1787483433.9002602
914,906,p1,turn,14.69021224975586,1787483433.9484427
914,906,p2,turn,18.748733520507812,1787483433.9493415
914,2680,p1,selection,162.8004913330078,1787483433.953991
914,2681,p1,selection,150.88336181640625,1787483433.957306
914,2682,p1,selection,128.08995056152344,1787483433.960375
914,2680,p2,selection,65.90126037597656,1787483433.9633925
914,2681,p2,selection,59.037109375,1787483433.966422
914,2682,p2,selection,56.91679382324219,1787483433.9693718
915,907,p1,turn,15.136908531188965,1787483433.9925685
915,907,p2,turn,21.906545639038086,1787483433.9933012
915,2683,p1,selection,155.51889038085938,1787483433.996769
915,2684,p1,selection,161.4698486328125,1787483434.0001118
915,2685,p1,selection,166.93496704101562,1787483434.0032086
915,2683,p2,selection,72.35661315917969,1787483434.008348
915,2684,p2,selection,61.736717224121094,1787483434.0135589
915,2685,p2,selection,60.700050354003906,1787483434.0186841
916,908,p1,turn,12.707765579223633,1787483434.0654092
916,908,p2,turn,15.905651092529297,1787483434.0664072
916,2686,p1,selection,141.71072387695312,1787483434.0720673
916,2687,p1,selection,131.04733276367188,1787483434.0779128
916,2688,p1,selection,137.20504760742188,1787483434.0836504
916,2686,p2,selection,68.36842346191406,1787483434.0900652
916,2687,p2,selection,60.881263732910156,1787483434.0955412
916,2688,p2,selection,54.587764739990234,1787483434.0993955
917,909,p1,turn,14.537456512451172,1787483434.12182
917,909,p2,turn,18.43744468688965,1787483434.1227336
917,2689,p1,selection,160.9710235595703,1787483434.1279585
917,2690,p1,selection,167.85159301757812,1787483434.1329093
917,2691,p1,selection,179.3872528076172,1787483434.137996
917,2689,p2,selection,62.41258239746094,1787483434.1443613
917,2690,p2,selection,57.54206848144531,1787483434.151092
917,2691,p2,selection,70.71134185791016,1787483434.1573942
918,910,p1,turn,19.487258911132812,1787483434.2049115
918,910,p2,turn,12.33984375,1787483434.205889
918,2692,p1,selection,154.1088409423828,1787483434.2114527
918,2693,p1,selection,153.8953399658203,1787483434.2168171
918,2694,p1,selection,166.63018798828125,1787483434.2223618
918,2692,p2,selection,68.76097106933594,1787483434.2292483
918,2693,p2,selection,68.00022888183594,1787483434.2360797
918,2694,p2,selection,57.37583541870117,1787483434.2430377
919,911,p1,turn,17.43026351928711,1787483434.2967553
919,911,p2,turn,23.059858322143555,1787483434.2979088
919,2695,p1,selection,163.89964294433594,1787483434.3042774
919,2696,p1,selection,127.15707397460938,1787483434.3108103
919,2697,p1,selection,146.48580932617188,1787483434.3170438
919,2695,p2,selection,66.09932708740234,1787483434.3236578
919,2696,p2,selection,60.887916564941406,1787483434.3295262
919,2697,p2,selection,64.21068572998047,1787483434.3351634
920,912,p1,turn,14.120817184448242,1787483434.3923488
920,912,p2,turn,13.09444522857666,1787483434.3933885
920,2698,p1,selection,144.08056640625,1787483434.3994687
920,2699,p1,selection,166.93301391601562,1787483434.4059134
920,2700,p1,selection,131.1468048095703,1787483434.4125936
920,2698,p2,selection,59.58153533935547,1787483434.4187696
920,2699,p2,selection,65.55976104736328,1787483434.425023
920,2700,p2,selection,62.67923355102539,1787483434.4315896
921,913,p1,turn,15.632450103759766,1787483434.4987876
921,913,p2,turn,19.664766311645508,1787483434.4998899
921,2701,p1,selection,168.3342742919922,1787483434.5063174
921,2702,p1,selection,151.51498413085938,1787483434.5125277
921,2703,p1,selection,172.08795166015625,1787483434.518823
921,2701,p2,selection,71.25991821289062,1787483434.5251641
921,2702,p2,selection,77.4847412109375,1787483434.5313404
921,2703,p2,selection,73.36799621582031,1787483434.5375185
922,914,p1,turn,16.942113876342773,1787483434.5935585
922,914,p2,turn,19.06915283203125,1787483434.5946105
922,2704,p1,selection,177.49864196777344,1787483434.6006067
922,2705,p1,selection,141.35504150390625,1787483434.6077514
922,2706,p1,selection,160.4597625732422,1787483434.6140976
922,2704,p2,selection,63.070960998535156,1787483434.6217108
922,2705,p2,selection,65.8132095336914,1787483434.6292875
922,2706,p2,selection,56.02832794189453,1787483434.6355503
923,915,p1,turn,15.995208740234375,1787483434.6935625
923,915,p2,turn,17.022293090820312,1787483434.694564
923,2707,p1,selection,154.26243591308594,1787483434.7001462
923,2708,p1,selection,166.11383056640625,1787483434.7058072
923,2709,p1,selection,151.22596740722656,1787483434.7115457
923,2707,p2,selection,76.14409637451172,1787483434.7171266
923,2708,p2,selection,62.5867805480957,1787483434.7232394
923,2709,p2,selection,55.872562408447266,1787483434.7291803
924,916,p1,turn,15.689560890197754,1787483434.826278
924,916,p2,turn,22.02290153503418,1787483434.827004
924,2710,p1,selection,174.7007293701172,1787483434.830515
924,2711,p1,selection,147.67877197265625,1787483434.8338432
924,2712,p1,selection,157.6248016357422,1787483434.8378665
924,2710,p2,selection,59.75083923339844,1787483434.844152
924,2711,p2,selection,71.35356903076172,1787483434.8500676
924,2712,p2,selection,62.54573059082031,1787483434.8567095
925,917,p1,turn,15.169601440429688,1787483434.9109743
925,917,p2,turn,17.697032928466797,1787483434.9119916
925,2713,p1,selection,141.95846557617188,1787483434.917982
925,2714,p1,selection,140.74656677246094,1787483434.9242117
925,2715,p1,selection,129.61630249023438,1787483434.930842
925,2713,p2,selection,63.781944274902344,1787483434.9372473
925,2714,p2,selection,66.31486511230469,1787483434.9433968
925,2715,p2,selection,72.19523620605469,1787483434.9499493
926,918,p1,turn,15.637994766235352,1787483434.9927244
926,918,p2,turn,12.939513206481934,1787483434.9934635
926,2716,p1,selection,140.6636962890625,1787483434.9981246
926,2717,p1,selection,130.534912109375,1787483435.002278
926,2718,p1,selection,146.8360595703125,1787483435.0068328
926,2716,p2,selection,60.01999282836914,1787483435.0108607
926,2717,p2,selection,67.01312255859375,1787483435.0143461
926,2718,p2,selection,71.70881652832031,1787483435.0176055
927,919,p1,turn,13.806178092956543,1787483435.0419524
927,919,p2,turn,15.620322227478027,1787483435.0427172
927,2719,p1,selection,154.12876892089844,1787483435.0462565
927,2720,p1,selection,137.58409118652344,1787483435.049565
927,2721,p1,selection,162.1249237060547,1787483435.0528367
927,2719,p2,selection,66.39122009277344,1787483435.0560317
927,2720,p2,selection,60.191162109375,1787483435.0591521
927,2721,p2,selection,66.83453369140625,1787483435.0622554
928,920,p1,turn,13.890469551086426,1787483435.0838666
928,920,p2,turn,17.890613555908203,1787483435.0847347
928,2722,p1,selection,145.5413818359375,1787483435.090709
928,2723,p1,selection,140.8684539794922,1787483435.096205
928,2724,p1,selection,146.2436981201172,1787483435.101665
928,2722,p2,selection,61.15922164916992,1787483435.105906
928,2723,p2,selection,71.86811065673828,1787483435.109706
928,2724,p2,selection,64.01673889160156,1787483435.1132784
929,921,p1,turn,18.404111862182617,1787483435.1351955
929,921,p2,turn,18.41745376586914,1787483435.1358182
929,2725,p1,selection,131.98536682128906,1787483435.141642
929,2726,p1,selection,124.66767120361328,1787483435.1484346
929,2727,p1,selection,159.335205078125,1787483435.1541617
929,2725,p2,selection,58.620487213134766,1787483435.1597369
929,2726,p2,selection,67.00397491455078,1787483435.165105
929,2727,p2,selection,63.25629806518555,1787483435.1704643
930,922,p1,turn,12.94093132019043,1787483435.219792
930,922,p2,turn,25.261131286621094,1787483435.2209487
930,2728,p1,selection,132.65940856933594,1787483435.2267478
930,2729,p1,selection,157.5183868408203,1787483435.233519
930,2730,p1,selection,158.5594024658203,1787483435.2407286
930,2728,p2,selection,64.96122741699219,1787483435.2472155
930,2729,p2,selection,69.57232666015625,1787483435.252719
930,2730,p2,selection,58.21087646484375,1787483435.2588532
931,923,p1,turn,11.638456344604492,1787483435.3088856
931,923,p2,turn,16.321550369262695,1787483435.3099291
931,2731,p1,selection,149.42205810546875,1787483435.3170664
931,2732,p1,selection,137.97535705566406,1787483435.3240983
931,2733,p1,selection,144.8656005859375,1787483435.3303633
931,2731,p2,selection,62.324005126953125,1787483435.3362827
931,2732,p2,selection,61.7277946472168,1787483435.3426502
931,2733,p2,selection,65.33740997314453,1787483435.3490386
932,924,p1,turn,16.488805770874023,1787483435.3980691
932,924,p2,turn,21.19085693359375,1787483435.3989916
932,2734,p1,selection,129.03280639648438,1787483435.4045844
932,2735,p1,selection,151.34197998046875,1787483435.4100852
932,2736,p1,selection,155.78192138671875,1787483435.4153936
932,2734,p2,selection,67.36886596679688,1787483435.4208198
932,2735,p2,selection,59.80220031738281,1787483435.4261966
932,2736,p2,selection,67.48701477050781,1787483435.4313986
933,925,p1,turn,16.60018539428711,1787483435.469436
933,925,p2,turn,20.85567855834961,1787483435.4701064
933,2737,p1,selection,163.2770233154297,1787483435.4734423
933,2738,p1,selection,155.04205322265625,1787483435.476625
933,2739,p1,selection,137.4661865234375,1787483435.4797282
933,2737,p2,selection,63.348880767822266,1787483435.4828444
933,2738,p2,selection,68.95663452148438,1787483435.4874854
933,2739,p2,selection,52.695770263671875,1787483435.4929206
934,926,p1,turn,10.851956367492676,1787483435.5398326
934,926,p2,turn,18.784101486206055,1787483435.5407465
934,2740,p1,selection,130.78953552246094,1787483435.5461144
934,2741,p1,selection,139.1923828125,1787483435.5515108
934,2742,p1,selection,133.0921630859375,1787483435.5589828
934,2740,p2,selection,60.19019317626953,1787483435.5677693
934,2741,p2,selection,63.57460021972656,1787483435.5716572
934,2742,p2,selection,55.823150634765625,1787483435.5749755
935,927,p1,turn,12.917409896850586,1787483435.601274
935,927,p2,turn,22.498065948486328,1787483435.601902
935,2743,p1,selection,136.64541625976562,1787483435.6069515
935,2744,p1,selection,144.18594360351562,1787483435.612339
935,2745,p1,selection,182.10711669921875,1787483435.6176088
935,2743,p2,selection,52.69089889526367,1787483435.623081
935,2744,p2,selection,72.95320892333984,1787483435.6284642
935,2745,p2,selection,66.09722900390625,1787483435.633712
936,928,p1,turn,13.591959953308105,1787483435.6985643
936,928,p2,turn,23.406330108642578,1787483435.6995723
936,2746,p1,selection,136.54806518554688,1787483435.7060442
936,2747,p1,selection,142.41421508789062,1787483435.7123237
936,2748,p1,selection,157.87071228027344,1787483435.7178175
936,2746,p2,selection,67.25242614746094,1787483435.7240746
936,2747,p2,selection,66.07059478759766,1787483435.7298794
936,2748,p2,selection,62.508056640625,1787483435.7341323
937,929,p1,turn,7.723698616027832,1787483435.7902253
937,929,p2,turn,17.012062072753906,1787483435.7912278
937,2749,p1,selection,151.34237670898438,1787483435.796565
937,2750,p1,selection,159.65472412109375,1787483435.8021064
937,2751,p1,selection,145.8133544921875,1787483435.8074517
937,2749,p2,selection,73.29652404785156,1787483435.812671
937,2750,p2,selection,66.8585205078125,1787483435.8181984
937,2751,p2,selection,57.4621696472168,1787483435.8236718
938,930,p1,turn,17.308198928833008,1787483435.8738546
938,930,p2,turn,16.877243041992188,1787483435.8748012
938,2752,p1,selection,162.88934326171875,1787483435.880201
938,2753,p1,selection,161.05099487304688,1787483435.8855345
938,2754,p1,selection,150.72320556640625,1787483435.8908107
938,2752,p2,selection,63.954917907714844,1787483435.8960185
938,2753,p2,selection,65.22329711914062,1787483435.9011986
938,2754,p2,selection,61.55637741088867,1787483435.9069054
939,931,p1,turn,13.705282211303711,1787483435.9600246
939,931,p2,turn,25.52311134338379,1787483435.960968
939,2755,p1,selection,149.17347717285156,1787483435.9659946
939,2756,p1,selection,138.1986846923828,1787483435.9712994
939,2757,p1,selection,158.03709411621094,1787483435.9764078
939,2755,p2,selection,71.41693878173828,1787483435.9814444
939,2756,p2,selection,70.96006774902344,1787483435.9866405
939,2757,p2,selection,66.14204406738281,1787483435.9918387
940,932,p1,turn,9.908077239990234,1787483436.0406442
940,932,p2,turn,19.43166732788086,1787483436.041551
940,2758,p1,selection,156.78990173339844,1787483436.046673
940,2759,p1,selection,133.5214385986328,1787483436.051732
940,2760,p1,selection,162.69342041015625,1787483436.0568125
940,2758,p2,selection,69.7512435913086,1787483436.061882
940,2759,p2,selection,69.71276092529297,1787483436.0668604
940,2760,p2,selection,66.08364868164062,1787483436.0719502
941,933,p1,turn,11.788992881774902,1787483436.117354
941,933,p2,turn,18.29857635498047,1787483436.118316
941,2761,p1,selection,174.57923889160156,1787483436.1235595
941,2762,p1,selection,145.70240783691406,1787483436.1286545
941,2763,p1,selection,142.1242218017578,1787483436.1336665
941,2761,p2,selection,64.34285736083984,1787483436.1388102
941,2762,p2,selection,73.10652160644531,1787483436.1439414
941,2763,p2,selection,71.56066131591797,1787483436.1488667
942,934,p1,turn,8.404601097106934,1787483436.1950817
942,934,p2,turn,19.015378952026367,1787483436.1959608
942,2764,p1,selection,196.53436279296875,1787483436.2009382
942,2765,p1,selection,168.70040893554688,1787483436.2059696
942,2766,p1,selection,156.125732421875,1787483436.2109284
942,2764,p2,selection,73.60675811767578,1787483436.2159228
942,2765,p2,selection,61.95038604736328,1787483436.2209198
942,2766,p2,selection,74.75071716308594,1787483436.225988
943,935,p1,turn,10.832658767700195,1787483436.2718701
943,935,p2,turn,16.357486724853516,1787483436.2728138
943,2767,p1,selection,145.19618225097656,1787483436.278524
943,2768,p1,selection,154.80099487304688,1787483436.2827294
943,2769,p1,selection,150.324462890625,1787483436.2860284
943,2767,p2,selection,59.48590087890625,1787483436.289516
943,2768,p2,selection,68.54324340820312,1787483436.2926466
943,2769,p2,selection,76.10469055175781,1787483436.2973373
944,936,p1,turn,13.05385971069336,1787483436.3489568
944,936,p2,turn,20.658031463623047,1787483436.3499
944,2770,p1,selection,153.98941040039062,1787483436.3550565
944,2771,p1,selection,156.09707641601562,1787483436.3601873
944,2772,p1,selection,155.68026733398438,1787483436.3651419
944,2770,p2,selection,78.53038787841797,1787483436.370167
944,2771,p2,selection,58.5786018371582,1787483436.3754566
944,2772,p2,selection,66.20950317382812,1787483436.3805027
945,937,p1,turn,19.755582809448242,1787483436.4255996
945,937,p2,turn,18.03278923034668,1787483436.4265041
945,2773,p1,selection,157.25079345703125,1787483436.4320855
945,2774,p1,selection,156.43057250976562,1787483436.4353535
945,2775,p1,selection,144.8405303955078,1787483436.4388726
945,2773,p2,selection,56.574188232421875,1787483436.4422731
945,2774,p2,selection,61.80445861816406,1787483436.4467368
945,2775,p2,selection,75.9833984375,1787483436.4501889
946,938,p1,turn,13.162981986999512,1787483436.4958537
946,938,p2,turn,23.18335723876953,1787483436.4967904
946,2776,p1,selection,175.1388702392578,1787483436.5020034
946,2777,p1,selection,143.62791442871094,1787483436.5073507
946,2778,p1,selection,149.50094604492188,1787483436.5125747
946,2776,p2,selection,68.33824920654297,1787483436.5177956
946,2777,p2,selection,73.32804107666016,1787483436.523514
946,2778,p2,selection,63.47136688232422,1787483436.5292456
947,939,p1,turn,14.837623596191406,1787483436.5607817
947,939,p2,turn,21.751590728759766,1787483436.5617309
947,2779,p1,selection,170.40980529785156,1787483436.5673947
947,2780,p1,selection,180.5819854736328,1787483436.5731938
947,2781,p1,selection,160.44464111328125,1787483436.5786908
947,2779,p2,selection,62.00651168823242,1787483436.5841696
947,2780,p2,selection,68.69943237304688,1787483436.5904357
947,2781,p2,selection,61.12691879272461,1787483436.5960488
948,940,p1,turn,13.447446823120117,1787483436.6366954
948,940,p2,turn,13.134568214416504,1787483436.6376584
948,2782,p1,selection,128.34207153320312,1787483436.6418579
948,2783,p1,selection,167.4022216796875,1787483436.6445732
948,2784,p1,selection,156.59478759765625,1787483436.6472785
948,2782,p2,selection,68.39265441894531,1787483436.6497707
948,2783,p2,selection,71.7279281616211,1787483436.6522398
948,2784,p2,selection,60.866790771484375,1787483436.658543
949,941,p1,turn,13.876302719116211,1787483436.7148068
949,941,p2,turn,21.080081939697266,1787483436.7158377
949,2785,p1,selection,150.48060607910156,1787483436.7218935
949,2786,p1,selection,137.53323364257812,1787483436.728027
949,2787,p1,selection,163.80303955078125,1787483436.7323785
949,2785,p2,selection,56.43132400512695,1787483436.7349813
949,2786,p2,selection,67.27256774902344,1787483436.7391047
949,2787,p2,selection,70.3297348022461,1787483436.7431684
950,942,p1,turn,16.32166290283203,1787483436.7910423
950,942,p2,turn,23.0573787689209,1787483436.7920046
950,2788,p1,selection,139.25228881835938,1787483436.7973015
950,2789,p1,selection,138.3401336669922,1787483436.8024862
950,2790,p1,selection,150.45680236816406,1787483436.808462
950,2788,p2,selection,69.06149291992188,1787483436.8143764
950,2789,p2,selection,59.79944610595703,1787483436.8197668
950,2790,p2,selection,69.03473663330078,1787483436.825657
951,943,p1,turn,14.11538314819336,1787483436.8623407
951,943,p2,turn,14.111711502075195,1787483436.8630745
951,2791,p1,selection,154.98245239257812,1787483436.8664494
951,2792,p1,selection,122.73046875,1787483436.8703356
951,2793,p1,selection,144.4993438720703,1787483436.8764682
951,2791,p2,selection,67.8113784790039,1787483436.8831077
951,2792,p2,selection,70.52025604248047,1787483436.8893144
951,2793,p2,selection,65.02330780029297,1787483436.8952186
952,944,p1,turn,13.881787300109863,1787483436.9439514
952,944,p2,turn,23.747655868530273,1787483436.9446516
952,2794,p1,selection,141.1124267578125,1787483436.9479547
952,2795,p1,selection,162.80165100097656,1787483436.9512067
952,2796,p1,selection,170.085693359375,1787483436.955217
952,2794,p2,selection,63.67255401611328,1787483436.9588008
952,2795,p2,selection,65.5810546875,1787483436.9620447
952,2796,p2,selection,64.51228332519531,1787483436.9652264
953,945,p1,turn,12.765706062316895,1787483437.0127132
953,945,p2,turn,15.335393905639648,1787483437.0136724
953,2797,p1,selection,151.65066528320312,1787483437.0189204
953,2798,p1,selection,157.71417236328125,1787483437.0235696
953,2799,p1,selection,152.66903686523438,1787483437.0269423
953,2797,p2,selection,54.09244918823242,1787483437.03016
953,2798,p2,selection,64.27665710449219,1787483437.033292
953,2799,p2,selection,61.78392791748047,1787483437.036645
954,946,p1,turn,17.211383819580078,1787483437.0586905
954,946,p2,turn,21.06652069091797,1787483437.059308
954,2800,p1,selection,154.0957489013672,1787483437.062251
954,2801,p1,selection,145.3296356201172,1787483437.0647764
954,2802,p1,selection,163.9662322998047,1787483437.0677638
954,2800,p2,selection,69.34278869628906,1787483437.0723252
954,2801,p2,selection,72.95423889160156,1787483437.075894
954,2802,p2,selection,65.93779754638672,1787483437.079129
955,947,p1,turn,14.560973167419434,1787483437.0978377
955,947,p2,turn,15.432184219360352,1787483437.0984259
955,2803,p1,selection,150.47445678710938,1787483437.101082
955,2804,p1,selection,133.10134887695312,1787483437.1052809
955,2805,p1,selection,185.36859130859375,1787483437.1087964
955,2803,p2,selection,66.29424285888672,1787483437.1120567
955,2804,p2,selection,65.45791625976562,1787483437.115313
955,2805,p2,selection,65.49909973144531,1787483437.118453
956,948,p1,turn,13.805807113647461,1787483437.1724355
956,948,p2,turn,19.125539779663086,1787483437.1734047
956,2806,p1,selection,138.9347686767578,1787483437.1787672
956,2807,p1,selection,137.794189453125,1787483437.18394
956,2808,p1,selection,166.89236450195312,1787483437.1902213
956,2806,p2,selection,68.32769012451172,1787483437.1950464
956,2807,p2,selection,63.89361572265625,1787483437.1983852
956,2808,p2,selection,71.25049591064453,1787483437.2015514
957,949,p1,turn,9.911375045776367,1787483437.2585597
957,949,p2,turn,15.045525550842285,1787483437.259515
957,2809,p1,selection,165.38027954101562,1787483437.265666
957,2810,p1,selection,147.88967895507812,1787483437.2720122
957,2811,p1,selection,153.86228942871094,1787483437.2777393
957,2809,p2,selection,81.97235107421875,1787483437.283029
957,2810,p2,selection,61.9254150390625,1787483437.2893324
957,2811,p2,selection,65.87602233886719,1787483437.2950377
958,950,p1,turn,12.93343734741211,1787483437.3326151
958,950,p2,turn,18.370519638061523,1787483437.333331
958,2812,p1,selection,162.45809936523438,1787483437.3378637
958,2813,p1,selection,167.95938110351562,1787483437.3437352
958,2814,p1,selection,146.12693786621094,1787483437.3490496
958,2812,p2,selection,64.69331359863281,1787483437.3551967
958,2813,p2,selection,69.55306243896484,1787483437.360805
958,2814,p2,selection,67.29216766357422,1787483437.3660285
959,951,p1,turn,15.513199806213379,1787483437.4145682
959,951,p2,turn,15.021286010742188,1787483437.4154503
959,2815,p1,selection,164.6476287841797,1787483437.4180877
959,2816,p1,selection,174.26036071777344,1787483437.423977
959,2817,p1,selection,141.0503692626953,1787483437.4300008
959,2815,p2,selection,76.530029296875,1787483437.4354727
959,2816,p2,selection,71.58275604248047,1787483437.441532
959,2817,p2,selection,64.7958984375,1787483437.447377
960,952,p1,turn,8.921366691589355,1787483437.4918306
960,952,p2,turn,20.465734481811523,1787483437.4925408
960,2818,p1,selection,151.66722106933594,1787483437.4957726
960,2819,p1,selection,145.44552612304688,1787483437.498915
960,2820,p1,selection,160.3386688232422,1787483437.501987
960,2818,p2,selection,71.19574737548828,1787483437.5055902
960,2819,p2,selection,76.48532104492188,1787483437.5084233
960,2820,p2,selection,63.975677490234375,1787483437.5132024
961,953,p1,turn,16.966053009033203,1787483437.564068
961,953,p2,turn,16.377317428588867,1787483437.5650268
961,2821,p1,selection,152.55517578125,1787483437.5703301
961,2822,p1,selection,129.35934448242188,1787483437.575657
961,2823,p1,selection,179.56475830078125,1787483437.5807612
961,2821,p2,selection,72.9593505859375,1787483437.5859332
961,2822,p2,selection,78.66557312011719,1787483437.5912976
961,2823,p2,selection,56.54874801635742,1787483437.5965092
962,954,p1,turn,16.54410171508789,1787483437.6413774
962,954,p2,turn,22.436967849731445,1787483437.6423898
962,2824,p1,selection,156.65072631835938,1787483437.6477642
962,2825,p1,selection,164.0197296142578,1787483437.6528783
962,2826,p1,selection,155.1897735595703,1787483437.6580107
962,2824,p2,selection,79.13925170898438,1787483437.6630208
962,2825,p2,selection,70.14968872070312,1787483437.6680152
962,2826,p2,selection,69.9498519897461,1787483437.6734545
963,955,p1,turn,13.659796714782715,1787483437.7195096
963,955,p2,turn,23.43720054626465,1787483437.720465
963,2827,p1,selection,172.3582763671875,1787483437.725777
963,2828,p1,selection,182.64759826660156,1787483437.7297344
963,2829,p1,selection,142.40176391601562,1787483437.7329147
963,2827,p2,selection,66.83009338378906,1787483437.736175
963,2828,p2,selection,51.28498840332031,1787483437.7413895
963,2829,p2,selection,60.456153869628906,1787483437.7464423
964,956,p1,turn,18.265705108642578,1787483437.7934682
964,956,p2,turn,15.350461959838867,1787483437.79446
964,2830,p1,selection,143.56814575195312,1787483437.7997787
964,2831,p1,selection,156.17239379882812,1787483437.8053992
964,2832,p1,selection,135.59188842773438,1787483437.8105516
964,2830,p2,selection,65.03834533691406,1787483437.8156095
964,2831,p2,selection,66.3183364868164,1787483437.8205862
964,2832,p2,selection,70.8150405883789,1787483437.8243408
965,957,p1,turn,16.343955993652344,1787483437.8490531
965,957,p2,turn,19.264537811279297,1787483437.8497188
965,2833,p1,selection,161.5606231689453,1787483437.8528526
965,2834,p1,selection,169.41134643554688,1787483437.855995
965,2835,p1,selection,148.8903045654297,1787483437.8590689
965,2833,p2,selection,73.5455322265625,1787483437.862207
965,2834,p2,selection,70.27960205078125,1787483437.8651526
965,2835,p2,selection,67.97579193115234,1787483437.8681004
966,958,p1,turn,14.337132453918457,1787483437.9134355
966,958,p2,turn,11.881867408752441,1787483437.9143622
966,2836,p1,selection,137.8555908203125,1787483437.919506
966,2837,p1,selection,128.70724487304688,1787483437.9249327
966,2838,p1,selection,183.47549438476562,1787483437.9300659
966,2836,p2,selection,66.25215148925781,1787483437.9350324
966,2837,p2,selection,79.50460052490234,1787483437.9404113
966,2838,p2,selection,62.0419807434082,1787483437.9459126
967,959,p1,turn,11.395272254943848,1787483437.9925077
967,959,p2,turn,17.10787582397461,1787483437.9934373
967,2839,p1,selection,145.94732666015625,1787483437.998473
967,2840,p1,selection,141.05517578125,1787483438.003576
967,2841,p1,selection,172.03688049316406,1787483438.0086734
967,2839,p2,selection,52.05231475830078,1787483438.013687
967,2840,p2,selection,73.53770446777344,1787483438.0186226
967,2841,p2,selection,53.464969635009766,1787483438.0236707
968,960,p1,turn,16.888866424560547,1787483438.071871
968,960,p2,turn,22.707693099975586,1787483438.0727823
968,2842,p1,selection,146.79754638671875,1787483438.077791
968,2843,p1,selection,183.28433227539062,1787483438.0827465
968,2844,p1,selection,137.2020263671875,1787483438.087774
968,2842,p2,selection,62.220458984375,1787483438.0927417
968,2843,p2,selection,68.68780517578125,1787483438.0976593
968,2844,p2,selection,70.91519927978516,1787483438.1026819
969,961,p1,turn,15.462258338928223,1787483438.1448948
969,961,p2,turn,22.518604278564453,1787483438.14541
969,2845,p1,selection,141.49606323242188,1787483438.1484678
969,2846,p1,selection,177.96856689453125,1787483438.1515396
969,2847,p1,selection,150.5187225341797,1787483438.154637
969,2845,p2,selection,73.91751098632812,1787483438.157767
969,2846,p2,selection,63.02874755859375,1787483438.1608124
969,2847,p2,selection,82.96206665039062,1787483438.1646092
970,962,p1,turn,11.703667640686035,1787483438.215584
970,962,p2,turn,17.881113052368164,1787483438.2164943
970,2848,p1,selection,142.61265563964844,1787483438.2217252
970,2849,p1,selection,131.71835327148438,1787483438.2267137
970,2850,p1,selection,138.3939666748047,1787483438.2325149
970,2848,p2,selection,58.69892120361328,1787483438.2379549
970,2849,p2,selection,62.59982681274414,1787483438.2429917
970,2850,p2,selection,68.51419067382812,1787483438.2485056
971,963,p1,turn,14.746051788330078,1787483438.2947316
971,963,p2,turn,22.392547607421875,1787483438.2956495
971,2851,p1,selection,143.45631408691406,1787483438.300739
971,2852,p1,selection,145.4264373779297,1787483438.3058114
971,2853,p1,selection,161.80201721191406,1787483438.3108723
971,2851,p2,selection,60.71559143066406,1787483438.3159049
971,2852,p2,selection,70.07441711425781,1787483438.321285
971,2853,p2,selection,63.9449577331543,1787483438.3267171
972,964,p1,turn,14.044937133789062,1787483438.3771784
972,964,p2,turn,18.51717185974121,1787483438.3781548
972,2854,p1,selection,170.89630126953125,1787483438.383221
972,2855,p1,selection,142.6117401123047,1787483438.3892434
972,2856,p1,selection,166.0961151123047,1787483438.3944824
972,2854,p2,selection,66.75090026855469,1787483438.3994956
972,2855,p2,selection,73.17095947265625,1787483438.4053397
972,2856,p2,selection,68.1995620727539,1787483438.4107103
973,965,p1,turn,15.599639892578125,1787483438.4386985
973,965,p2,turn,13.697070121765137,1787483438.4394362
973,2857,p1,selection,168.05503845214844,1787483438.4445696
973,2858,p1,selection,151.27511596679688,1787483438.4498658
973,2859,p1,selection,153.77023315429688,1787483438.4556234
973,2857,p2,selection,72.87567138671875,1787483438.461288
973,2858,p2,selection,84.04754638671875,1787483438.4666722
973,2859,p2,selection,71.89229583740234,1787483438.472041
974,966,p1,turn,19.445148468017578,1787483438.5206676
974,966,p2,turn,14.371316909790039,1787483438.521639
974,2860,p1,selection,171.92059326171875,1787483438.5266914
974,2861,p1,selection,149.65943908691406,1787483438.531635
974,2862,p1,selection,135.759033203125,1787483438.5366132
974,2860,p2,selection,69.85618591308594,1787483438.5416412
974,2861,p2,selection,69.47062683105469,1787483438.546556
974,2862,p2,selection,66.37230682373047,1787483438.5515149
975,967,p1,turn,13.463226318359375,1787483438.6070726
975,967,p2,turn,16.26265525817871,1787483438.608019
975,2863,p1,selection,156.50820922851562,1787483438.6133745
975,2864,p1,selection,140.37619018554688,1787483438.6172523
975,2865,p1,selection,158.3763885498047,1787483438.6219158
975,2863,p2,selection,72.72577667236328,1787483438.62999
975,2864,p2,selection,70.40919494628906,1787483438.6376443
975,2865,p2,selection,74.48035430908203,1787483438.6425292
976,968,p1,turn,12.707439422607422,1787483438.6982229
976,968,p2,turn,16.80974769592285,1787483438.6993666
976,2866,p1,selection,156.57034301757812,1787483438.706145
976,2867,p1,selection,134.43707275390625,1787483438.7124639
976,2868,p1,selection,146.5710906982422,1787483438.718581
976,2866,p2,selection,69.96867370605469,1787483438.7249184
976,2867,p2,selection,76.20404815673828,1787483438.731116
976,2868,p2,selection,63.82312774658203,1787483438.73784
977,969,p1,turn,21.413454055786133,1787483438.79452
977,969,p2,turn,20.59375762939453,1787483438.7955225
977,2869,p1,selection,121.83824157714844,1787483438.8014555
977,2870,p1,selection,146.72116088867188,1787483438.8076007
977,2871,p1,selection,161.69760131835938,1787483438.815536
977,2869,p2,selection,83.31912231445312,1787483438.826253
977,2870,p2,selection,67.4764175415039,1787483438.8322687
977,2871,p2,selection,68.46046447753906,1787483438.8385732
978,970,p1,turn,17.867883682250977,1787483438.8734155
978,970,p2,turn,13.939765930175781,1787483438.8741312
978,2872,p1,selection,116.27714538574219,1787483438.8773966
978,2873,p1,selection,142.14102172851562,1787483438.8805256
978,2874,p1,selection,162.94546508789062,1787483438.8836195
978,2872,p2,selection,66.17211151123047,1787483438.8877125
978,2873,p2,selection,61.803009033203125,1787483438.8904486
978,2874,p2,selection,61.16378402709961,1787483438.8957653
979,971,p1,turn,15.955272674560547,1787483438.9501162
979,971,p2,turn,25.715068817138672,1787483438.9511473
979,2875,p1,selection,153.88563537597656,1787483438.957212
979,2876,p1,selection,140.89987182617188,1787483438.9636455
979,2877,p1,selection,166.3385772705078,1787483438.9692178
979,2875,p2,selection,68.90238952636719,1787483438.9748585
979,2876,p2,selection,73.15135192871094,1787483438.9802651
979,2877,p2,selection,67.43942260742188,1787483438.985768
980,972,p1,turn,12.021942138671875,1787483439.0385253
980,972,p2,turn,20.04035186767578,1787483439.0394537
980,2878,p1,selection,164.11611938476562,1787483439.0449765
980,2879,p1,selection,145.69912719726562,1787483439.0504053
980,2880,p1,selection,148.63644409179688,1787483439.0565507
980,2878,p2,selection,76.00675964355469,1787483439.063523
980,2879,p2,selection,76.47432708740234,1787483439.0698886
980,2880,p2,selection,70.7868423461914,1787483439.0772693
981,973,p1,turn,11.635218620300293,1787483439.1291096
981,973,p2,turn,26.255695343017578,1787483439.1301458
981,2881,p1,selection,138.51400756835938,1787483439.1358309
981,2882,p1,selection,152.3785400390625,1787483439.1418252
981,2883,p1,selection,163.13186645507812,1787483439.148119
981,2881,p2,selection,65.66495513916016,1787483439.1546044
981,2882,p2,selection,69.09894561767578,1787483439.1606786
981,2883,p2,selection,66.2027587890625,1787483439.1673648
982,974,p1,turn,13.725032806396484,1787483439.288398
982,974,p2,turn,27.03887176513672,1787483439.2894773
982,2884,p1,selection,150.2539825439453,1787483439.2951539
982,2885,p1,selection,142.2943115234375,1787483439.2991488
982,2886,p1,selection,169.0851287841797,1787483439.3051813
982,2884,p2,selection,71.29049682617188,1787483439.3126268
982,2885,p2,selection,59.84235763549805,1787483439.3202434
982,2886,p2,selection,57.45875549316406,1787483439.3279912
983,975,p1,turn,16.610200881958008,1787483439.3849142
983,975,p2,turn,16.809432983398438,1787483439.386407
983,2887,p1,selection,169.81919860839844,1787483439.3930984
983,2888,p1,selection,137.19512939453125,1787483439.3996577
983,2889,p1,selection,154.17662048339844,1787483439.4070773
983,2887,p2,selection,71.47582244873047,1787483439.4135153
983,2888,p2,selection,61.78011703491211,1787483439.4197915
983,2889,p2,selection,72.17691040039062,1787483439.4249926
984,976,p1,turn,16.841129302978516,1787483439.4677198
984,976,p2,turn,18.949703216552734,1787483439.4689672
984,2890,p1,selection,157.09483337402344,1787483439.4741473
984,2891,p1,selection,144.36669921875,1787483439.4784424
984,2892,p1,selection,166.38107299804688,1787483439.482819
984,2890,p2,selection,63.85476303100586,1787483439.4892514
984,2891,p2,selection,74.05459594726562,1787483439.4956667
984,2892,p2,selection,61.493350982666016,1787483439.5023153
985,977,p1,turn,17.813121795654297,1787483439.562631
985,977,p2,turn,23.538249969482422,1787483439.5637
985,2893,p1,selection,149.6884002685547,1787483439.572282
985,2894,p1,selection,162.6141815185547,1787483439.5832477
985,2895,p1,selection,146.699951171875,1787483439.5913315
985,2893,p2,selection,65.6465835571289,1787483439.5977874
985,2894,p2,selection,79.48963165283203,1787483439.6053593
985,2895,p2,selection,73.80099487304688,1787483439.6118565
986,978,p1,turn,16.531078338623047,1787483439.669902
986,978,p2,turn,20.01167106628418,1787483439.6709468
986,2896,p1,selection,159.64744567871094,1787483439.6774864
986,2897,p1,selection,138.08168029785156,1787483439.6835709
986,2898,p1,selection,154.40078735351562,1787483439.6904774
986,2896,p2,selection,64.48310089111328,1787483439.6969976
986,2897,p2,selection,77.05391693115234,1787483439.704351
986,2898,p2,selection,61.47639465332031,1787483439.7131412
987,979,p1,turn,13.220430374145508,1787483439.7703686
987,979,p2,turn,20.443220138549805,1787483439.7714097
987,2899,p1,selection,177.70355224609375,1787483439.7775285
987,2900,p1,selection,129.1884307861328,1787483439.7845492
987,2901,p1,selection,146.37939453125,1787483439.7914307
987,2899,p2,selection,71.15702819824219,1787483439.797954
987,2900,p2,selection,70.35205841064453,1787483439.8055477
987,2901,p2,selection,71.70101165771484,1787483439.812176
988,980,p1,turn,15.39694595336914,1787483439.8774755
988,980,p2,turn,19.41801643371582,1787483439.8785372
988,2902,p1,selection,150.8916473388672,1787483439.8850048
988,2903,p1,selection,156.578857421875,1787483439.8919196
988,2904,p1,selection,159.99530029296875,1787483439.8987606
988,2902,p2,selection,75.29075622558594,1787483439.9061058
988,2903,p2,selection,62.19818115234375,1787483439.9133563
988,2904,p2,selection,76.41876220703125,1787483439.920932
989,981,p1,turn,12.680041313171387,1787483439.951021
989,981,p2,turn,17.55205535888672,1787483439.951846
989,2905,p1,selection,141.0944061279297,1787483439.9586089
989,2906,p1,selection,176.3101806640625,1787483439.9653316
989,2907,p1,selection,155.0116424560547,1787483439.9729378
989,2905,p2,selection,70.83343505859375,1787483439.9802222
989,2906,p2,selection,68.94332885742188,1787483439.9867086
989,2907,p2,selection,78.673828125,1787483439.9932241
990,982,p1,turn,15.542113304138184,1787483440.0482104
990,982,p2,turn,21.18244743347168,1787483440.0492525
990,2908,p1,selection,161.73114013671875,1787483440.0565662
990,2909,p1,selection,165.65280151367188,1787483440.0635967
990,2910,p1,selection,174.99012756347656,1787483440.070185
990,2908,p2,selection,69.22528076171875,1787483440.0768433
990,2909,p2,selection,67.708251953125,1787483440.0836368
990,2910,p2,selection,80.43089294433594,1787483440.090184
991,983,p1,turn,17.442296981811523,1787483440.1443229
991,983,p2,turn,22.12763023376465,1787483440.1453905
991,2911,p1,selection,141.9654083251953,1787483440.1509044
991,2912,p1,selection,154.5198974609375,1787483440.156961
991,2913,p1,selection,181.46507263183594,1787483440.1626997
991,2911,p2,selection,74.31295776367188,1787483440.1687105
991,2912,p2,selection,72.64825439453125,1787483440.1747808
991,2913,p2,selection,70.06867218017578,1787483440.180363
992,984,p1,turn,15.544071197509766,1787483440.230054
992,984,p2,turn,16.168338775634766,1787483440.2307127
992,2914,p1,selection,141.16482543945312,1787483440.236974
992,2915,p1,selection,162.57688903808594,1787483440.2427537
992,2916,p1,selection,147.5224609375,1787483440.2487373
992,2914,p2,selection,80.35772705078125,1787483440.2559445
992,2915,p2,selection,72.02804565429688,1787483440.2629054
992,2916,p2,selection,84.50691223144531,1787483440.2700138
993,985,p1,turn,13.53565502166748,1787483440.300473
993,985,p2,turn,19.192033767700195,1787483440.30126
993,2917,p1,selection,152.4779052734375,1787483440.3048947
993,2918,p1,selection,145.99676513671875,1787483440.3082247
993,2919,p1,selection,136.1152801513672,1787483440.3115013
993,2917,p2,selection,70.39390563964844,1787483440.3146806
993,2918,p2,selection,68.30220794677734,1787483440.3178177
993,2919,p2,selection,77.57648468017578,1787483440.32165
994,986,p1,turn,9.851797103881836,1787483440.345548
994,986,p2,turn,19.92400360107422,1787483440.3462126
994,2920,p1,selection,162.5591583251953,1787483440.3497188
994,2921,p1,selection,148.32308959960938,1787483440.3536563
994,2922,p1,selection,151.35842895507812,1787483440.3573172
994,2920,p2,selection,67.31768035888672,1787483440.3607109
994,2921,p2,selection,72.33839416503906,1787483440.3640847
994,2922,p2,selection,65.48660278320312,1787483440.3675637
995,987,p1,turn,23.16806983947754,1787483440.4046397
995,987,p2,turn,18.13164710998535,1787483440.4056578
995,2923,p1,selection,146.6090850830078,1787483440.4114866
995,2924,p1,selection,138.9441375732422,1787483440.4171565
995,2925,p1,selection,160.91494750976562,1787483440.4228084
995,2923,p2,selection,72.2463607788086,1787483440.428355
995,2924,p2,selection,87.86683654785156,1787483440.4337723
995,2925,p2,selection,77.07980346679688,1787483440.4397242
996,988,p1,turn,23.826026916503906,1787483440.494624
996,988,p2,turn,10.71833324432373,1787483440.4956245
996,2926,p1,selection,144.27284240722656,1787483440.501401
996,2927,p1,selection,160.0644989013672,1787483440.5073342
996,2928,p1,selection,133.8829803466797,1787483440.5129943
996,2926,p2,selection,72.54621124267578,1787483440.518726
996,2927,p2,selection,78.36457061767578,1787483440.5245297
996,2928,p2,selection,70.13758850097656,1787483440.5301375
997,989,p1,turn,13.479520797729492,1787483440.575367
997,989,p2,turn,25.242368698120117,1787483440.5760167
997,2929,p1,selection,148.76785278320312,1787483440.5792432
997,2930,p1,selection,177.87005615234375,1787483440.582414
997,2931,p1,selection,129.20550537109375,1787483440.5864086
997,2929,p2,selection,77.840087890625,1787483440.5901484
997,2930,p2,selection,79.9304428100586,1787483440.5938532
997,2931,p2,selection,64.77735900878906,1787483440.5973694
998,990,p1,turn,13.490741729736328,1787483440.6229455
998,990,p2,turn,16.584896087646484,1787483440.623573
998,2932,p1,selection,163.93499755859375,1787483440.6291938
998,2933,p1,selection,159.6816864013672,1787483440.634667
998,2934,p1,selection,153.791015625,1787483440.6405096
998,2932,p2,selection,80.3846435546875,1787483440.6460478
998,2933,p2,selection,64.15650939941406,1787483440.651672
998,2934,p2,selection,66.95811462402344,1787483440.657244
999,991,p1,turn,9.827034950256348,1787483440.7057345
999,991,p2,turn,20.06448745727539,1787483440.7066143
999,2935,p1,selection,155.20248413085938,1787483440.7123187
999,2936,p1,selection,154.46177673339844,1787483440.7177548
999,2937,p1,selection,158.1708526611328,1787483440.7237997
999,2935,p2,selection,70.1279067993164,1787483440.7298522
999,2936,p2,selection,75.036865234375,1787483440.7356641
999,2937,p2,selection,63.032859802246094,1787483440.7397757
